# file opened: easyhdd_1_1_release_SD12.a80
   1  0000              ; ============================================================================
   2  0000              ; EasySD 1.1 PAGING REWRITE TEST - 2026-09-20
   3  0000              ; - BSDOS/driver low bridge rebuilt from proven EasySD 1.0.1 ABI
   4  0000              ; - ACTIVE_PAGE dynamic; no PAGE+1 assumption
   5  0000              ; - eLeMeNt adds missing FDC status neutralization at #022D
   6  0000              ; - eLeMeNt exit restored to START-only path
   7  0000              ; ============================================================================
   8  0000
   9  0000              ;"osetreni stavu karty (neni MBR, partition je prazdny, oddil neni FAT, atd....implementace nove VDT tabulky, jeji format je ve zdroji GUI.a80- a eji vyplneni. Zbyva vybrat user defined partisnu, tj dodat kurzor, a taky doladit degault byte, jaka tabulka se ma sama vybrat ajko auto, aby uzivatel nemusel porad jezdit kurzorem"
  10  0000
  11  0000              ;doma pushujeme
  12  0000              ;piseme: podpora 4 partisen. FAT16/FAT32
  13  0000
  14  0000              ;LMN Patch (EasyHDD) build on Dron's HDDpatch 1.62
  15  0000              ;public version for GIT
  16  0000              ;20200830 - zmena rychlosti portu z 2T na 3T. Pro CPU vetsi nez 7MHz uz CF nestiha
  17  0000              ;version 2.07
  18  0000              ;change driver identification text "HddDrive" to "HddEH207"
  19  0000              ;change/speed up splash screen, removed anykey
  20  0000              ;version 2.06
  21  0000              ; update ATA command, some was obsolete
  22  0000              ;verze 2.05
  23  0000              ; vylepseni detekce prvniho datoveho souboru, nyni se prohledava root a vypocte datovy sektor podle prvniho nalezeneho souboru mbd nebo mbh
  24  0000              ; http://www.tavi.co.uk/phobos/fat.html
  25  0000              ; detekce zda-li se jedna o disk s MBR nebo bez
  26  0000              ; oprava vypisu kapacity velkych disku
  27  0000              ;verze 2.04
  28  0000              ;-uprava pro jenom master, zato muzou byt jednotky 3-255
  29  0000              ;verze 2.03
  30  0000              ;-porty HOOD
  31  0000              ;verze 2.02
  32  0000              ;- zruseni detekce slave
  33  0000              ;- vypis rychlosti DMA prenosu
  34  0000              ;- zmena rychlosti DMA na 3T memory a 2T port
  35  0000              ;verze 2.01
  36  0000              ;- deaktivace zapisu na port #0F kvuli kolizi s SounDrive
  37  0000              ;- update 8BC logo
  38  0000              ;verze 2.00
  39  0000              ;- only for MB03+ Ultimate
  40  0000              ;- deaktivace cteni portu #0F (FDC statusu)
  41  0000              ;verze 1.06
  42  0000              ;- oprava aplikace zmeny DMA portu, navesti se projevilo jen GUI a ne v rutinach prenosu patche
  43  0000              ;- kosmeticke upravy zdrojoveho kodu
  44  0000              ;- zmena barvy copyright na fialovou
  45  0000              ;verze 1.05
  46  0000              ;- nova DMA sekvence umoznujici pouziti i originalniho Z80-DMA chipu
  47  0000              ;- oprava chyby ve zvukovem efektu
  48  0000              ;- oprava detekce jednotky @127
  49  0000              ;- upravena DMAOUT sekvence pro pouziti s originalnim Z80DMA obvodem
  50  0000              ;verze 1.04
  51  0000              ;- do VDT pridano General setting
  52  0000              ;- pri autoconfiguraci se do VDT (CHS udaje) zapisuji zjistene udaje
  53  0000              ;- vypocet prvniho datoveho sectoru
  54  0000              ;- pridany zvukove efekty (diky pro Factor6)
  55  0000              ;verze 1.03
  56  0000              ;- pridano GUI
  57  0000              ;- zobrazovani CHS a kapacity disku
  58  0000              ;- graficka uprava
  59  0000              ;-vsechny loga prevedeny do formatu SpriteEditoru typ 2
  60  0000              ;verze 1.02
  61  0000              ;- odstranen nadbytecny kod ze zdrojaku
  62  0000              ;- opraveny chyby
  63  0000              ;- prvni funkcni verze
  64  0000              ;- pridana obsluha WriteProtect a master/slave
  65  0000              ;- kontrola DMA prog. sekvence, orig. Z80DMA ready (nutno vyzkouset)
  66  0000              ;verze 1.01
  67  0000              ;- zruseny vsechny rezimy krome LBA, podpora zatim pouze master disku a wp disable
  68  0000              ;- nova VDT tabulka
  69  0000              ;verze 1.00
  70  0000              ;- upraveno pro preklad SjASM
  71  0000              ;- zrusena modifikace portu, nyni jsou porty natvrdo, pro jine je treba nova kompilace
  72  0000
  73  0000
  74  0000              ;poznamky
  75  0000              ;-pri formatovani pres ff17, se disk formatuje presto ze je WP. Chyba se projevi az na konci. Delal to i hddpatch 162.
  76  0000
  77  0000              ;pouziva dma prenosy
  78  0000              ;kapacita diskimage - 2MB
  79  0000              ;diskimage format   - 128x8x2
  80  0000              ;slave/master, write protect
  81  0000              ;------------------------------
  82  0000
  83  0000              	DEVICE ZXSPECTRUM48
  84  0000
  85  0000              		include "math_macros.a80"
# file opened: math_macros.a80
   1+ 0000              ;==============================================================================
   2+ 0000              ; EasySD - matematicka makra
   3+ 0000              ; SjASMPlus 1.20.3
   4+ 0000              ;
   5+ 0000              ; Tento soubor pouze DEFINUJE makra. Sam o sobe negeneruje zadny kod.
   6+ 0000              ; Makra obsahuji pouze telo rutiny. Navesti rutiny se uvede pri instanci:
   7+ 0000              ;
   8+ 0000              ;   MUL32x8:
   9+ 0000              ;           MATH_MUL32x8
  10+ 0000              ;
  11+ 0000              ; Lokalni navesti zacinajici teckou jsou pro kazdou expanzi makra samostatna.
  12+ 0000              ;==============================================================================
  13+ 0000              ;seznam rutin:
  14+ 0000              ;1) MUL32x8	nasobeni DEHL x A ->DEHL
  15+ 0000              ;2) ADD32_16	přičtení 16 bitoveho cisla, DEHL=DEHL+BC
  16+ 0000              ;3) SUB32_8	odečtení 8 bitoveho cisla, DEHL=DEHL-A
  17+ 0000              ;4) ADD32_32	sečtení dvou 32 bitových čísel, DEHL=první číslo, DE'HL'=druhé číslo
  18+ 0000              ;*************************************************************************************
  19+ 0000                      MACRO MATH_MUL32x8
  20+ 0000 ~                    push    ix
  21+ 0000 ~
  22+ 0000 ~                    ld      (.value),hl
  23+ 0000 ~                    ld      (.value+2),de
  24+ 0000 ~
  25+ 0000 ~                    ld      b,a
  26+ 0000 ~                    ld      ixl,8
  27+ 0000 ~
  28+ 0000 ~                    ld      de,0
  29+ 0000 ~                    ld      hl,0
  30+ 0000 ~
  31+ 0000 ~            .loop:
  32+ 0000 ~                    add     hl,hl
  33+ 0000 ~                    rl      e
  34+ 0000 ~                    rl      d
  35+ 0000 ~
  36+ 0000 ~                    sla     b
  37+ 0000 ~                    jr      nc,.next
  38+ 0000 ~
  39+ 0000 ~                    ld      a,(.value)
  40+ 0000 ~                    add     a,l
  41+ 0000 ~                    ld      l,a
  42+ 0000 ~
  43+ 0000 ~                    ld      a,(.value+1)
  44+ 0000 ~                    adc     a,h
  45+ 0000 ~                    ld      h,a
  46+ 0000 ~
  47+ 0000 ~                    ld      a,(.value+2)
  48+ 0000 ~                    adc     a,e
  49+ 0000 ~                    ld      e,a
  50+ 0000 ~
  51+ 0000 ~                    ld      a,(.value+3)
  52+ 0000 ~                    adc     a,d
  53+ 0000 ~                    ld      d,a
  54+ 0000 ~
  55+ 0000 ~            .next:
  56+ 0000 ~                    dec     ixl
  57+ 0000 ~                    jr      nz,.loop
  58+ 0000 ~
  59+ 0000 ~                    pop     ix
  60+ 0000 ~                    ret
  61+ 0000 ~
  62+ 0000 ~            .value:
  63+ 0000 ~                    ds      4
  64+ 0000                      ENDM
  65+ 0000
  66+ 0000
  67+ 0000                      MACRO MATH_ADD32_16
  68+ 0000 ~                    add     hl,bc
  69+ 0000 ~                    ret     nc
  70+ 0000 ~
  71+ 0000 ~                    inc     de
  72+ 0000 ~                    ret
  73+ 0000                      ENDM
  74+ 0000
  75+ 0000
  76+ 0000                      MACRO MATH_SUB32_8
  77+ 0000 ~                    ld      b,a
  78+ 0000 ~
  79+ 0000 ~                    ld      a,l
  80+ 0000 ~                    sub     b
  81+ 0000 ~                    ld      l,a
  82+ 0000 ~
  83+ 0000 ~                    ld      a,h
  84+ 0000 ~                    sbc     a,0
  85+ 0000 ~                    ld      h,a
  86+ 0000 ~
  87+ 0000 ~                    ld      a,e
  88+ 0000 ~                    sbc     a,0
  89+ 0000 ~                    ld      e,a
  90+ 0000 ~
  91+ 0000 ~                    ld      a,d
  92+ 0000 ~                    sbc     a,0
  93+ 0000 ~                    ld      d,a
  94+ 0000 ~
  95+ 0000 ~                    ret
  96+ 0000                      ENDM
  97+ 0000
  98+ 0000
  99+ 0000                      MACRO MATH_ADD32_32
 100+ 0000 ~                    exx
 101+ 0000 ~
 102+ 0000 ~                    push    de
 103+ 0000 ~                    push    hl
 104+ 0000 ~
 105+ 0000 ~                    exx
 106+ 0000 ~
 107+ 0000 ~                    pop     bc
 108+ 0000 ~                    add     hl,bc
 109+ 0000 ~
 110+ 0000 ~                    pop     bc
 111+ 0000 ~
 112+ 0000 ~                    ex      de,hl
 113+ 0000 ~                    adc     hl,bc
 114+ 0000 ~                    ex      de,hl
 115+ 0000 ~                    ret
 116+ 0000                      ENDM
 117+ 0000
# file closed: math_macros.a80
  86  0000              		include "sd_macros.a80"
# file opened: sd_macros.a80
   1+ 0000              ;==============================================================================
   2+ 0000              ; EasySD - spolecne SD rutiny
   3+ 0000              ; Aktualizace SD low-level casti podle mdos1sd/develop/fat32drv/fat32drv.asm
   4+ 0000              ; 2026-09-03 - zachovano rozhrani SD_DRIVER 0/1, DMA a BSDOS specifika
   5+ 0000              ; SjASMPlus 1.20.3
   6+ 0000              ;
   7+ 0000              ; Jediny zdroj pro GUI i BSDOS.
   8+ 0000              ;
   9+ 0000              ; Pouziti:
  10+ 0000              ;   v MODULE GUI:
  11+ 0000              ;       SD_DRIVER 0
  12+ 0000              ;
  13+ 0000              ;   v MODULE SDroutines:
  14+ 0000              ;       SD_DRIVER 1
  15+ 0000              ;
  16+ 0000              ; bsdos_mode:
  17+ 0000              ;   0 = GUI
  18+ 0000              ;   1 = BSDOS (odlisne odeslani posledniho bajtu DMA sekvence)
  19+ 0000              ;
  20+ 0000              ; V obou modulech se rutiny jmenuji stejne:
  21+ 0000              ;   SD_READ, SD_WRITE, SD_INIT, SD_ON, SD_OFF, ...
  22+ 0000              ;==============================================================================
  23+ 0000
  24+ 0000                      MACRO SD_DRIVER bsdos_mode
  25+ 0000 ~
  26+ 0000 ~            ;;;    device zxspectrum48
  27+ 0000 ~            ;;;    org 32768
  28+ 0000 ~            DMA_SD  equ 1
  29+ 0000 ~            start_sd
  30+ 0000 ~                call SD_INIT
  31+ 0000 ~                ld ix,buff
  32+ 0000 ~                ld de,0
  33+ 0000 ~                ld hl,0
  34+ 0000 ~                call SD_READ
  35+ 0000 ~                ; call nz,SD_IDLE
  36+ 0000 ~                jr start_sd
  37+ 0000 ~
  38+ 0000 ~            card_select
  39+ 0000 ~                 db SD_0
  40+ 0000 ~            ;    db SD_1
  41+ 0000 ~
  42+ 0000 ~            ; based on doc http://elm-chan.org/docs/mmc/mmc_e.html
  43+ 0000 ~
  44+ 0000 ~            SPI_PORT	equ 0xeb
  45+ 0000 ~            OUT_PORT	equ 0xe7	; port for CS control (D1:D0)
  46+ 0000 ~            DMA_PORT    equ 11
  47+ 0000 ~
  48+ 0000 ~            SD_0		equ 0xFE    ;0xFE,esxdos 0xF6	; D0 LOW = SLOT0 active; D3 low = NMI disabled
  49+ 0000 ~            SD_1		equ 0xFD    ;0xFD,esxdos 0xF5	; D1 LOW = SLOT1 active; D3 low = NMI disabled
  50+ 0000 ~
  51+ 0000 ~            CMD_0		equ	0x40	; Go idle state
  52+ 0000 ~            CMD_1		equ	0x40+1	; SEND_OP_COND
  53+ 0000 ~            CMD_8		equ 0x40+8	; SEND_IF_COND
  54+ 0000 ~            CMD_9		equ 0x40+9	; SEND_CSD
  55+ 0000 ~            CMD_10		equ	0x40+10	; SEND_CID
  56+ 0000 ~            CMD_12		equ 0x40+12	; STOP_TRANSMISSION
  57+ 0000 ~            CMD_16		equ	0x40+16	; SET_BLOCKLEN
  58+ 0000 ~            CMD_17		equ	0x40+17	; READ_SINGLE_BLOCK
  59+ 0000 ~            CMD_18		equ	0x40+18	; READ_MULTIPLE_BLOCK
  60+ 0000 ~            ;CMD_23		equ 0x40+23	; SET_BLOCK_COUNT (MMC ONLY)
  61+ 0000 ~            ACMD23		equ 0x40+23	; SET_WR_BLOCK_ERASE_COUNT
  62+ 0000 ~            CMD_24		equ 0x40+24	; WRITE_BLOCK
  63+ 0000 ~            CMD_25		equ 0x40+25	; WRITE_MULTIPLE_BLOCK
  64+ 0000 ~            ACMD41		equ 0x40+41	; APP_SEND_OP_COND
  65+ 0000 ~            CMD_55		equ 0x40+55	; APP_CMD
  66+ 0000 ~            CMD_58		equ 0x40+58	; READ_OCR
  67+ 0000 ~
  68+ 0000 ~            BLOCKSIZE	equ	512		; SD/MMC block size (bytes)
  69+ 0000 ~            WAIT_DATA_TIMEOUT	equ	0
  70+ 0000 ~            WAIT_CMD_TIMEOUT	equ	0
  71+ 0000 ~            ; R1 response
  72+ 0000 ~            ; D0 = Idle state / init not completed yet
  73+ 0000 ~            ; D1 = Erase Reset
  74+ 0000 ~            ; D2 = Illegal Command
  75+ 0000 ~            ; D3 = Com CRC Error
  76+ 0000 ~            ; D4 = Erase Sequence Error
  77+ 0000 ~            ; D5 = Address Error
  78+ 0000 ~            ; D6 = Parameter Error
  79+ 0000 ~            ; D7 = ALWAYS LOW
  80+ 0000 ~
  81+ 0000 ~            SD_ON	ld a,(card_select)
  82+ 0000 ~            	out (OUT_PORT),a
  83+ 0000 ~            	ld a,0xff
  84+ 0000 ~            	out (SPI_PORT),a
  85+ 0000 ~            	ret
  86+ 0000 ~            SD_OFF
  87+ 0000 ~                ld a,0xFF
  88+ 0000 ~            	out (OUT_PORT),a
  89+ 0000 ~            ;	out	(SPI_PORT),a
  90+ 0000 ~                ret
  91+ 0000 ~
  92+ 0000 ~            /*
  93+ 0000 ~            SD_ON   ; a = 0,1 sd card
  94+ 0000 ~                and 1
  95+ 0000 ~                ld hl,sd_cs
  96+ 0000 ~                ld e,a
  97+ 0000 ~                ld d,0
  98+ 0000 ~                add hl,de
  99+ 0000 ~                ld a,(hl)
 100+ 0000 ~                out (OUT_PORT),a
 101+ 0000 ~                ret
 102+ 0000 ~
 103+ 0000 ~            sd_cs
 104+ 0000 ~                db SD_0,SD_1
 105+ 0000 ~            */
 106+ 0000 ~            SD_INIT
 107+ 0000 ~            ;    ld b,10
 108+ 0000 ~            	ld b,12		;pri 20MHz byla hodnota 10 malo, pri vysunute karte je to 11 sec timeout
 109+ 0000 ~            sd_init_loop
 110+ 0000 ~                push bc
 111+ 0000 ~                call SD_POWER_ON
 112+ 0000 ~                call SD_RESET
 113+ 0000 ~                cp 1
 114+ 0000 ~                jr nz,sd_init_fail
 115+ 0000 ~                ; resp = 1
 116+ 0000 ~                call SD_SEND_IF_COND
 117+ 0000 ~                ; 0 = OK
 118+ 0000 ~                or a
 119+ 0000 ~                jr nz,sd_init_fail
 120+ 0000 ~                ; read OCR
 121+ 0000 ~                call SD_OCR
 122+ 0000 ~                or a
 123+ 0000 ~                jr nz,sd_init_fail
 124+ 0000 ~                call SD_POWER_ON
 125+ 0000 ~                pop bc
 126+ 0000 ~                xor a                       ; no error
 127+ 0000 ~                ret
 128+ 0000 ~            sd_init_fail
 129+ 0000 ~                call SD_POWER_ON
 130+ 0000 ~                pop bc
 131+ 0000 ~                djnz sd_init_loop
 132+ 0000 ~                ld a,0xff                   ; cannot initialise
 133+ 0000 ~                ret
 134+ 0000 ~
 135+ 0000 ~            SD_POWER_ON
 136+ 0000 ~            ; Set DI and CS high and apply 74 or more clock pulses to SCLK.
 137+ 0000 ~            ; The card will enter its native operating mode and go ready to accept native command.
 138+ 0000 ~                ld a,0xff
 139+ 0000 ~                out (OUT_PORT),a
 140+ 0000 ~                ; send 80 clocks = 10x8 bits
 141+ 0000 ~                ld b,10
 142+ 0000 ~                ld a,0xff
 143+ 0000 ~            1
 144+ 0000 ~                out (SPI_PORT),a
 145+ 0000 ~                djnz 1B
 146+ 0000 ~                ret
 147+ 0000 ~
 148+ 0000 ~            SD_RESET
 149+ 0000 ~                ; activate CS for selected card
 150+ 0000 ~                ld a,(card_select)
 151+ 0000 ~                out (OUT_PORT),a
 152+ 0000 ~                ; dummy clock
 153+ 0000 ~                ld a,0xff
 154+ 0000 ~                out (SPI_PORT),a
 155+ 0000 ~                ; send CMD0, arg=0, CRC=95h
 156+ 0000 ~                ld a,CMD_0
 157+ 0000 ~                out (SPI_PORT),a
 158+ 0000 ~                xor a
 159+ 0000 ~                out (SPI_PORT),a
 160+ 0000 ~                out (SPI_PORT),a
 161+ 0000 ~                out (SPI_PORT),a
 162+ 0000 ~                out (SPI_PORT),a
 163+ 0000 ~                ld a,0x95
 164+ 0000 ~                out (SPI_PORT),a
 165+ 0000 ~
 166+ 0000 ~                call WAIT
 167+ 0000 ~                cp 1
 168+ 0000 ~                ret z
 169+ 0000 ~
 170+ 0000 ~            SD_ERROR
 171+ 0000 ~                ld e,a
 172+ 0000 ~                call SD_POWER_ON
 173+ 0000 ~                ld a,e
 174+ 0000 ~                ret
 175+ 0000 ~
 176+ 0000 ~            SD_SEND_IF_COND
 177+ 0000 ~                ld a,0xff
 178+ 0000 ~                out (SPI_PORT),a
 179+ 0000 ~                ld a,CMD_8
 180+ 0000 ~                out (SPI_PORT),a
 181+ 0000 ~                xor a
 182+ 0000 ~                out (SPI_PORT),a
 183+ 0000 ~                xor a                       ; more time for DIVMMC
 184+ 0000 ~                out (SPI_PORT),a
 185+ 0000 ~                ld a,1
 186+ 0000 ~                out (SPI_PORT),a
 187+ 0000 ~                ld a,0xaa
 188+ 0000 ~                out (SPI_PORT),a
 189+ 0000 ~                ; CRC for CMD8
 190+ 0000 ~                ld a,0x87
 191+ 0000 ~                out (SPI_PORT),a
 192+ 0000 ~
 193+ 0000 ~                call WAIT
 194+ 0000 ~                cp 1
 195+ 0000 ~                jr nz,SD_ERROR
 196+ 0000 ~
 197+ 0000 ~                ; validate R7 response: 00 00 01 AA
 198+ 0000 ~                in a,(SPI_PORT)
 199+ 0000 ~                or a
 200+ 0000 ~                jr nz,SD_ERROR
 201+ 0000 ~                in a,(SPI_PORT)
 202+ 0000 ~                or a
 203+ 0000 ~                jr nz,SD_ERROR
 204+ 0000 ~                in a,(SPI_PORT)
 205+ 0000 ~                cp 1
 206+ 0000 ~                jr nz,SD_ERROR
 207+ 0000 ~                in a,(SPI_PORT)
 208+ 0000 ~                cp 0xAA
 209+ 0000 ~                jr nz,SD_ERROR
 210+ 0000 ~
 211+ 0000 ~                ; if 0x1AA, V2: send ACMD41
 212+ 0000 ~                ld b,200
 213+ 0000 ~            retry_41
 214+ 0000 ~                push bc
 215+ 0000 ~                ld a,0xff
 216+ 0000 ~                out (SPI_PORT),a
 217+ 0000 ~                ld a,CMD_55
 218+ 0000 ~                out (SPI_PORT),a
 219+ 0000 ~                xor a
 220+ 0000 ~                out (SPI_PORT),a
 221+ 0000 ~                out (SPI_PORT),a
 222+ 0000 ~                out (SPI_PORT),a
 223+ 0000 ~                out (SPI_PORT),a
 224+ 0000 ~                ; CRC not needed
 225+ 0000 ~                ld a,0xff
 226+ 0000 ~                out (SPI_PORT),a
 227+ 0000 ~
 228+ 0000 ~                call WAIT
 229+ 0000 ~                cp 2
 230+ 0000 ~                jr nc,cmd55err              ; anything >1 = error
 231+ 0000 ~
 232+ 0000 ~                ld a,0xff
 233+ 0000 ~                out (SPI_PORT),a
 234+ 0000 ~
 235+ 0000 ~                ld a,ACMD41
 236+ 0000 ~                out (SPI_PORT),a
 237+ 0000 ~                ld a,%01000000              ; HCS / bit 30
 238+ 0000 ~                out (SPI_PORT),a
 239+ 0000 ~                xor a
 240+ 0000 ~                out (SPI_PORT),a
 241+ 0000 ~                out (SPI_PORT),a
 242+ 0000 ~                out (SPI_PORT),a
 243+ 0000 ~                ; CRC not needed
 244+ 0000 ~                ld a,0xff
 245+ 0000 ~                out (SPI_PORT),a
 246+ 0000 ~
 247+ 0000 ~                call WAIT
 248+ 0000 ~                ; 0 = OK, 1 = still idle
 249+ 0000 ~                pop bc
 250+ 0000 ~                or a
 251+ 0000 ~                ret z
 252+ 0000 ~                djnz retry_41
 253+ 0000 ~                ld a,0xff                   ; timeout
 254+ 0000 ~                ret
 255+ 0000 ~            cmd55err
 256+ 0000 ~                pop bc
 257+ 0000 ~                jp SD_ERROR
 258+ 0000 ~
 259+ 0000 ~            SD_OCR
 260+ 0000 ~            	ld a,CMD_58
 261+ 0000 ~            	ld hl,0
 262+ 0000 ~            	ld de,0
 263+ 0000 ~            	call SD_SENDCMD
 264+ 0000 ~            	; a = R1
 265+ 0000 ~            	ld e,a
 266+ 0000 ~                in a,(SPI_PORT)
 267+ 0000 ~            	in a,(SPI_PORT)
 268+ 0000 ~            	in a,(SPI_PORT)
 269+ 0000 ~            	in a,(SPI_PORT)
 270+ 0000 ~            	; 128 = ready
 271+ 0000 ~                    ; test SDXC
 272+ 0000 ~            	ld a,e	; a = R1
 273+ 0000 ~            	ret
 274+ 0000 ~            SD_CSD	; get CSD register
 275+ 0000 ~            	ld a,CMD_9
 276+ 0000 ~            	jr csd_cid_comm
 277+ 0000 ~            SD_CID	; get CID register
 278+ 0000 ~            	; ix = read to address
 279+ 0000 ~            	ld a,CMD_10
 280+ 0000 ~            csd_cid_comm	; common for CSD/CID read
 281+ 0000 ~            	ld hl,0
 282+ 0000 ~            	ld de,0
 283+ 0000 ~            	call SD_SENDCMD
 284+ 0000 ~            	cp 0
 285+ 0000 ~            	ret nz
 286+ 0000 ~                ld e,a  ; store R1
 287+ 0000 ~            	call WAIT_DATA
 288+ 0000 ~
 289+ 0000 ~            	push ix
 290+ 0000 ~            	pop hl
 291+ 0000 ~            	ld bc,(256*16)+SPI_PORT ; 16 bytes
 292+ 0000 ~            	inir
 293+ 0000 ~                in a,(SPI_PORT)
 294+ 0000 ~            	in a,(SPI_PORT)
 295+ 0000 ~                ld a,e  ; restore R1
 296+ 0000 ~            	ret
 297+ 0000 ~            /*
 298+ 0000 ~            SD_BL_LEN
 299+ 0000 ~                ld a,CMD_16
 300+ 0000 ~                ld hl,0
 301+ 0000 ~                ld de,512
 302+ 0000 ~                call SD_SENDCMD
 303+ 0000 ~                ret
 304+ 0000 ~            */
 305+ 0000 ~            SD_READ
 306+ 0000 ~            	; call SD_IDLE
 307+ 0000 ~            ;----
 308+ 0000 ~                ld a,(card_select)
 309+ 0000 ~            	out (OUT_PORT),a
 310+ 0000 ~            ;----
 311+ 0000 ~            	ld a,0xff
 312+ 0000 ~            	out (SPI_PORT),a
 313+ 0000 ~            	; hlde = sector
 314+ 0000 ~            	ld a,CMD_17
 315+ 0000 ~            	call SD_SENDCMD
 316+ 0000 ~            	; 0 = ok
 317+ 0000 ~            	cp 0
 318+ 0000 ~                ret nz
 319+ 0000 ~                ld e,a  ; store R1
 320+ 0000 ~                ; call pause
 321+ 0000 ~            	call WAIT_DATA
 322+ 0000 ~            		; cp 0xFE
 323+ 0000 ~            		; jr nz,wderr
 324+ 0000 ~            	; 0xFE = data start
 325+ 0000 ~            	push ix
 326+ 0000 ~            	pop hl
 327+ 0000 ~
 328+ 0000 ~            	IF DMA_SD
 329+ 0000 ~            	call dma_read
 330+ 0000 ~            	ELSE
 331+ 0000 ~            	ld bc,SPI_PORT
 332+ 0000 ~            	inir
 333+ 0000 ~            	inir
 334+ 0000 ~            	ENDIF
 335+ 0000 ~
 336+ 0000 ~            	; 2b crc
 337+ 0000 ~                nop
 338+ 0000 ~            	in a,(SPI_PORT)
 339+ 0000 ~                nop
 340+ 0000 ~            	in a,(SPI_PORT)
 341+ 0000 ~            ;----
 342+ 0000 ~            	ld a,255
 343+ 0000 ~            	out (OUT_PORT),a
 344+ 0000 ~            	out (SPI_PORT),a
 345+ 0000 ~            ;----
 346+ 0000 ~
 347+ 0000 ~            	; call SD_IDLE
 348+ 0000 ~
 349+ 0000 ~                ld a,e  ; restore R1
 350+ 0000 ~                or a
 351+ 0000 ~            	ret
 352+ 0000 ~            ; wderr
 353+ 0000 ~            ; 	ld e,a
 354+ 0000 ~            ; 	ld a,2
 355+ 0000 ~            ; 	out (254),a
 356+ 0000 ~            ; 	ld a,e
 357+ 0000 ~            ; 	ret
 358+ 0000 ~            ; pause
 359+ 0000 ~            ;     ld bc,512
 360+ 0000 ~            ; 1
 361+ 0000 ~            ;     dec bc
 362+ 0000 ~            ;     ld a,b
 363+ 0000 ~            ;     or c
 364+ 0000 ~            ;     jr nz,1B
 365+ 0000 ~            ;     ; djnz 1B
 366+ 0000 ~            ;     ret
 367+ 0000 ~
 368+ 0000 ~
 369+ 0000 ~
 370+ 0000 ~            ; SD_TEST
 371+ 0000 ~            ; 	ld de,0
 372+ 0000 ~            ; 	ld hl,0x44
 373+ 0000 ~            ; 	ld ix,0x100
 374+ 0000 ~            ; 	call SD_READ
 375+ 0000 ~            ; 	ld de,0
 376+ 0000 ~            ; 	ld hl,0x44
 377+ 0000 ~            ; 	ld ix,0x100
 378+ 0000 ~            ; 	call SD_WRITE
 379+ 0000 ~            ; 	jr SD_TEST
 380+ 0000 ~
 381+ 0000 ~
 382+ 0000 ~            SD_WRITE
 383+ 0000 ~            	; hlde = sector
 384+ 0000 ~            	; ix = from address
 385+ 0000 ~
 386+ 0000 ~            	; call SD_IDLE
 387+ 0000 ~            ;----
 388+ 0000 ~            	ld a,(card_select)
 389+ 0000 ~            	out (OUT_PORT),a
 390+ 0000 ~            	ld a,0xff
 391+ 0000 ~            	out (SPI_PORT),a
 392+ 0000 ~            ;----
 393+ 0000 ~            	ld a,CMD_24
 394+ 0000 ~            	call SD_SENDCMD
 395+ 0000 ~            	cp 0    ; 0 = ok
 396+ 0000 ~
 397+ 0000 ~            	ld a,0xFE	; data start
 398+ 0000 ~            	; out (c),a
 399+ 0000 ~            	out (SPI_PORT),a
 400+ 0000 ~
 401+ 0000 ~            	push ix
 402+ 0000 ~            	pop hl
 403+ 0000 ~            	IF DMA_SD
 404+ 0000 ~            	call dma_write
 405+ 0000 ~            	ld c,SPI_PORT
 406+ 0000 ~            	ELSE
 407+ 0000 ~            	ld bc,SPI_PORT
 408+ 0000 ~            	otir
 409+ 0000 ~            	otir
 410+ 0000 ~            	ENDIF
 411+ 0000 ~
 412+ 0000 ~            	xor a
 413+ 0000 ~            	; 2b crc
 414+ 0000 ~            	; out (c),a
 415+ 0000 ~            	; out (c),a
 416+ 0000 ~            	out (SPI_PORT),a
 417+ 0000 ~            	out (SPI_PORT),a
 418+ 0000 ~
 419+ 0000 ~            	call WAIT
 420+ 0000 ~            	; a = Data response
 421+ 0000 ~            	ld e,a
 422+ 0000 ~
 423+ 0000 ~            wbsy
 424+ 0000 ~            	call WAIT
 425+ 0000 ~            	cp 0
 426+ 0000 ~            	jr z,wbsy
 427+ 0000 ~
 428+ 0000 ~            ;----
 429+ 0000 ~            	ld a,255
 430+ 0000 ~            	out (OUT_PORT),a
 431+ 0000 ~            	out (SPI_PORT),a
 432+ 0000 ~            ;----
 433+ 0000 ~
 434+ 0000 ~            	; call SD_IDLE
 435+ 0000 ~
 436+ 0000 ~            	ld a,e
 437+ 0000 ~            	and 0x1f
 438+ 0000 ~            	; a = Data response
 439+ 0000 ~            	ret
 440+ 0000 ~            /*
 441+ 0000 ~            SD_READ_MULTI
 442+ 0000 ~            	ei
 443+ 0000 ~            	ld a,CMD_18
 444+ 0000 ~            	call SD_SENDCMD
 445+ 0000 ~            	call WAIT_DATA
 446+ 0000 ~            	; 0xFE = data start
 447+ 0000 ~                ret ; now read blocks until sd_stoptrans sent
 448+ 0000 ~            ; test_loop
 449+ 0000 ~            ; 	push ix
 450+ 0000 ~            ; 	pop hl
 451+ 0000 ~            ; 	ld bc,SPI_PORT
 452+ 0000 ~            ; 	inir
 453+ 0000 ~            ; 	inir
 454+ 0000 ~            ; 	inir
 455+ 0000 ~            ; 	inir
 456+ 0000 ~
 457+ 0000 ~            ; 	call SD_STOPTRANS
 458+ 0000 ~
 459+ 0000 ~            ; 	ret
 460+ 0000 ~
 461+ 0000 ~            SD_STOPTRANS
 462+ 0000 ~            	ld a,CMD_12
 463+ 0000 ~            	ld hl,0
 464+ 0000 ~            	ld de,0
 465+ 0000 ~            	call SD_SENDCMD
 466+ 0000 ~
 467+ 0000 ~            1
 468+ 0000 ~            	in a,(SPI_PORT)
 469+ 0000 ~            	cp 0xff	; ceka se na not idle
 470+ 0000 ~            	jr nz,1B
 471+ 0000 ~            	ret
 472+ 0000 ~            */
 473+ 0000 ~
 474+ 0000 ~            ; SD_IDLE
 475+ 0000 ~            ; 	ld b,16
 476+ 0000 ~            ; 	ld a,0xff
 477+ 0000 ~            ; 1
 478+ 0000 ~            ; 	; in a,(SPI_PORT)
 479+ 0000 ~            ; 	out (SPI_PORT),a
 480+ 0000 ~            ; 	djnz 1B
 481+ 0000 ~            ; 	ret
 482+ 0000 ~
 483+ 0000 ~            SD_SENDCMD
 484+ 0000 ~                ld c,SPI_PORT
 485+ 0000 ~                out (c),a
 486+ 0000 ~                nop                         ; DIVMMC needs more time
 487+ 0000 ~                out (c),h
 488+ 0000 ~                nop
 489+ 0000 ~                out (c),l
 490+ 0000 ~                nop
 491+ 0000 ~                out (c),d
 492+ 0000 ~                nop
 493+ 0000 ~                out (c),e
 494+ 0000 ~
 495+ 0000 ~                ld a,0xff
 496+ 0000 ~                out (c),a
 497+ 0000 ~
 498+ 0000 ~            WAIT
 499+ 0000 ~                ld bc,WAIT_CMD_TIMEOUT
 500+ 0000 ~            wloop
 501+ 0000 ~                in a,(SPI_PORT)
 502+ 0000 ~                cp 0xFF
 503+ 0000 ~                ret nz
 504+ 0000 ~                dec bc
 505+ 0000 ~                ld a,b
 506+ 0000 ~                or c
 507+ 0000 ~                jr nz,wloop
 508+ 0000 ~                ld a,0xff                   ; timeout
 509+ 0000 ~                ret
 510+ 0000 ~
 511+ 0000 ~            WAIT_DATA
 512+ 0000 ~                ld bc,WAIT_DATA_TIMEOUT
 513+ 0000 ~            wdata_loop
 514+ 0000 ~                in a,(SPI_PORT)
 515+ 0000 ~                cp 0xFE
 516+ 0000 ~                ret z
 517+ 0000 ~                dec bc
 518+ 0000 ~                ld a,b
 519+ 0000 ~                or c
 520+ 0000 ~                jr nz,wdata_loop
 521+ 0000 ~                ld a,0xff                   ; timeout
 522+ 0000 ~                ret
 523+ 0000 ~
 524+ 0000 ~            dma_write
 525+ 0000 ~                ld (dma_to),hl
 526+ 0000 ~                ld hl,wr0
 527+ 0000 ~                set 2,(hl)
 528+ 0000 ~                jr dma_set
 529+ 0000 ~
 530+ 0000 ~            dma_read
 531+ 0000 ~                ld (dma_to),hl
 532+ 0000 ~                ld hl,wr0
 533+ 0000 ~                res 2,(hl)
 534+ 0000 ~            dma_set
 535+ 0000 ~                ld hl,dma_cmd
 536+ 0000 ~                    IF bsdos_mode
 537+ 0000 ~                ; BSDOS: posledni bajt DMA sekvence se posila po prestrankovani do DOS banky
 538+ 0000 ~                ld bc,(256*(dma_cmd_len-1))+DMA_PORT
 539+ 0000 ~                otir
 540+ 0000 ~                ld a,97
 541+ 0000 ~                ld b,#87
 542+ 0000 ~                call MAIN.OTIR
 543+ 0000 ~                    ELSE
 544+ 0000 ~                ; GUI: cela DMA sekvence se posle primo
 545+ 0000 ~                ld bc,(256*dma_cmd_len)+DMA_PORT
 546+ 0000 ~                otir
 547+ 0000 ~                    ENDIF
 548+ 0000 ~                reti
 549+ 0000 ~            ;
 550+ 0000 ~            dma_cmd
 551+ 0000 ~                db #C3  ; 11000011  WR6 reset
 552+ 0000 ~                db #C7  ; 11000111  WR6 reset port a to z80 std timing
 553+ 0000 ~                db #CB  ; 11001011  WR6 reset port b to z80 std timing
 554+ 0000 ~            wr0 db #7D  ; 01111101  WR0 port a start+len    a>b,transfer
 555+ 0000 ~                        ; 01111001  port a start+len    b>a,transfer
 556+ 0000 ~            dma_to
 557+ 0000 ~                defw 0; port A start
 558+ 0000 ~                ; dw 0xeb ; SPI_PORT
 559+ 0000 ~            dma_len     ; -1
 560+ 0000 ~                dw 511  ; port A len
 561+ 0000 ~                db 0x14 ; 00010100  WR1 port a inc, memory, 4T
 562+ 0000 ~            	; ^^ TODO: 3T
 563+ 0000 ~                db 0x28 ; 00101000  WR2 port b fixed, port, 4T
 564+ 0000 ~                db 0xc0 ; 11000000  WR3 DMA enable
 565+ 0000 ~                ; db 0x8d ; 10001101  WR4 load port B addr, byte at time
 566+ 0000 ~                db 0xAd ; 10101101  WR4 load port B addr, CONTINUOUS
 567+ 0000 ~                dw SPI_PORT ; SPI_PORT
 568+ 0000 ~                db 0x92 ; 10010010  WR5 stop at blk end,EN wait
 569+ 0000 ~                db 0xcf ; 11001111  WR6 load
 570+ 0000 ~                db 0x87 ; 10000111  WR6 Enable DMA
 571+ 0000 ~            dma_cmd_len   equ $-dma_cmd
 572+ 0000 ~
 573+ 0000 ~
 574+ 0000 ~                align 256
 575+ 0000 ~            buff
 576+ 0000 ~                ds 512
 577+ 0000 ~            end_sd
 578+ 0000 ~            ;    savetap "sddebug.tap",start, end-start
 579+ 0000 ~            ;    save3dos "sddebug.bin",start,end-start
 580+ 0000 ~            ;;;	savebin "SDreadwrite", start, end-start
 581+ 0000 ~
 582+ 0000                      ENDM
 583+ 0000
# file closed: sd_macros.a80
  87  0000
  88  0000
  89  0000              	org	32768
  90  8000              START
  91  8000 CD 12 80     		call	SKOK
  92  8003 C3 19 80     		jp	MAIN.INSTALL
  93  8006
  94  8006              ;virtual (floppy)disk table
  95  8006              ;General settings
  96  8006 00           @autoinstall	db	0		;auto install (/wait for any key)
  97  8007 01           @autoconfig	db	1		;1=auto configure (automatic search for first sector & set hdd parameters to VDT)
  98  8008              ; EasySD 1.1: puvodni pozici partition z 1.0.1 pouziva preference SD1.
  99  8008              ; Alias @partition zachovava kompatibilitu starsich rutin bez dalsiho bajtu.
 100  8008 01           @dual_partition_sd1	db	1
 101  8009              @partition		equ	@dual_partition_sd1
 102  8009 00           @showsplash	db	0		;show splash screen
 103  800A 00           @playnoise	db	0		;playnoise
 104  800B 01           		db	1		;show gui
 105  800C 00           @noverify 	db	0		;disable write verify
 106  800D              ;@dmar3		db	1		;install dma patch (oprava hodnoty dma registru R3)
 107  800D 00           @dmar3		db	0		;install dma patch (oprava hodnoty dma registru R3)	pro ucely SD vypiname DMA
 108  800E              ; Preference SD2 je prvni novy konfiguracni bajt za puvodnim blokem 1.0.1.
 109  800E 01           @dual_partition_sd2	db	1
 110  800F
 111  800F              ; EasySD/EasyCF 1.1 - sdilena konfigurace SRAM stran pro MB03+.
 112  800F              ; ACTIVE_PAGE je instalacni kopie. Za behu BSDOSu je aktivni stranka
 113  800F              ; ulozena jako operand instrukce na DOS_ACTIVE_PAGE (#001C v page 97).
 114  800F              PAGE_BSDOS		equ	97
 115  800F              PAGE_CF			equ	98		;pevna zapisova hodnota pro fyzickou stranku 2
 116  800F              PAGE_SD_ONLY		equ	98		;eLeMeNt/Slim 1.1: SD1+SD2 sdileji fyzickou stranku 2
 117  800F              PAGE_WRITE_BASE		equ	96
 118  800F              PAGE_SD_MIN		equ	6		;0=BSROM, 1=BSDOS, 2=CF, 3-5=NMI
 119  800F 09           PAGE_SD			db	9		;MB03+: fyzicka SD page 6-32; ELEMENT/SLIM 1.1 ji ignoruji
 120  8010              PAGE_SD_MAX		equ	32
 121  8010 01           ACTIVE_DEVICE		db	1		;0=CF, 1=SD1, 2=SD2
 122  8011 00           ACTIVE_PAGE		db	0		;ELEMENT/SLIM=98; MB03+=PAGE_WRITE_BASE+PAGE_SD
 123  8012
 124  8012              ; Zachovej sestibajtovy vstup z verze 1.0.1, aby konfigurace zacinala
 125  8012              ; opet na #8006. JP do GUI zachova navratovou adresu vlozenou CALL SKOK.
 126  8012              SKOK
 127  8012              	IFDEF DUAL_GUI_INSTALL_TEST
 128  8012              ; EasyCF over jeste pred vstupem do GUI. Vysledek je pouze informativni:
 129  8012              ; bez EasyCF nebo se starsim nekompatibilnim vstupem pokracuje instalace
 130  8012              ; SD1/SD2 normalne. Runtime switcher si dostupnost CF znovu overi sam.
 131  8012 F3           		di
 132  8013 CD BB 81     		call	MAIN.CHECK_EASYCF_11
 133  8016              	ENDIF
 134  8016 C3 53 93     		jp	GUI.gui
 135  8019
 136  8019
 137  8019              	IFDEF ELEMENT
 138  8019 ~            ;------------------------------------------------------------
 139  8019 ~            ; eLeMeNt ZX: enable DivSD + MB02+ compatible memory.
 140  8019 ~            ; On MB03+ the eLeMeNt ID is not present, so this routine
 141  8019 ~            ; returns without changing anything.
 142  8019 ~            ; eLeMeNt ZXi ports: #783B = register select, #793B = data.
 143  8019 ~            ; e_zxi_0FF returns #E1 on eLeMeNt ZX.
 144  8019 ~            ; e_zxi_001 = #02 selects DivSD + MB02+.
 145  8019 ~            EL_MB02_INIT
 146  8019 ~            		push	af
 147  8019 ~            		push	bc
 148  8019 ~
 149  8019 ~            		ld	bc,#783B
 150  8019 ~            		ld	a,#FF
 151  8019 ~            		out	(c),a
 152  8019 ~            		ld	bc,#793B
 153  8019 ~            		in	a,(c)
 154  8019 ~            		cp	#E1
 155  8019 ~            		jr	nz,.done
 156  8019 ~
 157  8019 ~            		ld	bc,#783B
 158  8019 ~            		ld	a,#01
 159  8019 ~            		out	(c),a
 160  8019 ~            		ld	bc,#793B
 161  8019 ~            		ld	a,#02
 162  8019 ~            		out	(c),a
 163  8019 ~
 164  8019 ~            .done		pop	bc
 165  8019 ~            		pop	af
 166  8019 ~            		ret
 167  8019 ~
 168  8019              	ENDIF
 169  8019
 170  8019
 171  8019 ~            /* presouvame na konec RAMky
 172  8019 ~            ;master disk
 173  8019 ~            VDT		db	32,16		;Sectors/Heads
 174  8019 ~            		dw	980		;Cylinders
 175  8019 ~            		db	0		;Write protect
 176  8019 ~            		dw	128		;first LBA sector of first file on disk
 177  8019 ~
 178  8019 ~            ;slave disk
 179  8019 ~            		db	32,16		;Sectors/Heads
 180  8019 ~            		dw	980		;Cylinders
 181  8019 ~            		db	0		; Write protect
 182  8019 ~            		dw	128		; first LBA sector of first file on disk
 183  8019 ~
 184  8019 ~            VDTLEN		equ 	$-VDT
 185  8019 ~            */
 186  8019              VDTLEN		equ	256
 187  8019              ;		org	align		; "align" neni definovane navesti - puvodni radek docasne vypnut
 188  8019
 189  8019              HDD_MAIN_START		equ	#0090		;zacatek hlavniho EasySD driveru v HDD bance
 190  8019              PIT_START		equ	#0383		;odtud zacina oblast prepisovana PIT patchem
 191  8019              SD_ROUTINES_START	equ	#F00		;SD routines start here- due to collision with PIT103 patch
 192  8019              SD1_LBA_STORE		equ	#3C90		;4B LBA SD1 v aktivni SD driver page (EL=98)
 193  8019              SD2_LBA_STORE		equ	#3C94		;4B LBA SD2 v aktivni SD driver page (EL=98)
 194  8019              	ASSERT	SD2_LBA_STORE+4 <= #3D00
 195  8019
 196  8019              ;porty HOOD
 197  8019              P_DAT		equ	195		;8'b110xx011
 198  8019              P_ERR		equ	167		;8'b101xx111
 199  8019              P_HSE		equ	203		;8'b110xx011
 200  8019              P_NSE		equ	175		;8'b101xx111
 201  8019              P_CYL		equ	211		;8'b110xx011
 202  8019              P_CYH		equ	183		;8'b101xx111
 203  8019              P_HEA		equ	219		;8'b110xx011
 204  8019              P_COM		equ	191		;8'b101xx111
 205  8019
 206  8019              ;porty hdd interface DRON
 207  8019              ;P_DAT		equ	195
 208  8019              ;P_ERR		equ	199
 209  8019              ;P_HSE		equ	203
 210  8019              ;P_NSE		equ	207
 211  8019              ;P_CYL		equ	211
 212  8019              ;P_CYH		equ	215
 213  8019              ;P_HEA		equ	219
 214  8019              ;P_COM		equ	223
 215  8019
 216  8019              ;porty hdd interface PVL
 217  8019              ;P_DAT		equ	163
 218  8019              ;P_ERR		equ	167
 219  8019              ;P_HSE		equ	171
 220  8019              ;P_NSE		equ	175
 221  8019              ;P_CYL		equ	179
 222  8019              ;P_CYH		equ	183
 223  8019              ;P_HEA		equ	187
 224  8019              ;P_COM		equ	191
 225  8019
 226  8019              ;MB02 porty
 227  8019              DMA		equ	11
 228  8019
 229  8019              ;;;;;;;;;;;;;;;;;;;;;
 230  8019              ; Instalace driveru ;
 231  8019              ;;;;;;;;;;;;;;;;;;;;;
 232  8019              	module	MAIN
 233  8019
 234  8019              ; VDT kopie pro bezici BSDOS bude fyzicky v RAM az za SD rutinami.
 235  8019              ; Adresa SDroutines.BSDOS_VDT je dopocitana assemblerem automaticky.
 236  8019              TAB		equ	SDroutines.BSDOS_VDT
 237  8019              TAB_DRV		equ	SDroutines.BSDOS_VDT
 238  8019
 239  8019 F3           INSTALL		di
 240  801A              	IFDEF INSTALL_STAGE_DIAG
 241  801A ~            		ld	a,1		; modra: vstup do instalace
 242  801A ~            		out	(#FE),a
 243  801A              	ENDIF
 244  801A              	IFDEF ELEMENT
 245  801A ~            		call	EL_MB02_INIT
 246  801A              	ENDIF
 247  801A
 248  801A              ; eLeMeNt ZX a MB03+ Slim 1.1: SD1 i SD2 sdileji jedinou overenou
 249  801A              ; driverovou page 98 (fyzicka page 2), stejne jako EasySD 1.0.1. PAGE_SD
 250  801A              ; zustava v konfiguraci jen kvuli kompatibilnimu layoutu.
 251  801A              ; MB03+ nadale pouziva konfigurovatelnou SD page 6-32 (typicky 105).
 252  801A              	IFDEF SD_ONLY_PAGE98
 253  801A ~            		ld	a,PAGE_SD_ONLY	; 98 = fyzicka page 2, zapis povolen
 254  801A ~            		ld	(ACTIVE_PAGE),a
 255  801A              	ELSE
 256  801A 3A 0F 80     		ld	a,(PAGE_SD)
 257  801D FE 06        		cp	PAGE_SD_MIN
 258  801F 38 0B        		jr	c,.bad_sd_page
 259  8021 FE 21        		cp	PAGE_SD_MAX+1
 260  8023 30 07        		jr	nc,.bad_sd_page
 261  8025 C6 60        		add	a,PAGE_WRITE_BASE
 262  8027 32 11 80     		ld	(ACTIVE_PAGE),a
 263  802A 18 06        		jr	.sd_page_ready
 264  802C              .bad_sd_page
 265  802C 21 AE A4     		ld	hl,GUI.TEXT_BAD_SD_PAGE
 266  802F C3 89 82     		jp	INSTALL_ERROR
 267  8032              .sd_page_ready
 268  8032              	ENDIF
 269  8032              	IFDEF DUAL_GUI_INSTALL_TEST
 270  8032              ; Pri reinstalaci zachovej 26B uzivatelske nazvy z existujiciho EasySD 1.1.
 271  8032              ; Rutina prenese text pouze tehdy, kdyz se shoduje zarizeni/pozice i 4B LBA.
 272  8032 CD FD 81     		call	PRESERVE_VDT_NAMES
 273  8035              	ENDIF
 274  8035              	IFDEF INSTALL_STAGE_DIAG
 275  8035 ~            		ld	a,2		; cervena: konfigurace stranky je platna
 276  8035 ~            		out	(#FE),a
 277  8035              	ENDIF
 278  8035
 279  8035              ; Je-li zvolena SD1, zacneme na ni. Pokud uzivatel vybral pouze SD2,
 280  8035              ; aktivujeme po instalaci rovnou druhy slot.
 281  8035 3A 01 93     		ld	a,(GUI.DUAL_PARTITION_SD1)
 282  8038 B7           		or	a
 283  8039 3E 01        		ld	a,1
 284  803B 20 01        		jr	nz,.initial_device_ready
 285  803D 3C           		inc	a
 286  803E              .initial_device_ready
 287  803E 32 10 80     		ld	(ACTIVE_DEVICE),a
 288  8041
 289  8041               ; Driver se instaluje na ACTIVE_PAGE.
 290  8041              ; ELEMENT/SLIM: ACTIVE_PAGE=98 a v teto jedine page jsou SD1 i SD2.
 291  8041              ; MB03+: ACTIVE_PAGE zustava samostatna SD page (typicky 105), CF je 98.
 292  8041
 293  8041              ;;presun fontu do HDD banky
 294  8041 21 00 3D     		ld	hl,15616
 295  8044 11 00 B4     		ld	de,endfile
 296  8047 01 00 03     		ld	bc,768
 297  804A ED B0        		ldir
 298  804C
 299  804C              ; VDT se sem uz NEkopiruje.
 300  804C              ; Cilem je adresa v HDD/patch bance, ktera bude pripojena az pozdeji.
 301  804C CD 9C 3C     	call #3c9c
 302  804F 21 B3 81     	ld hl,zamek	;ver 1.18
 303  8052 11 E8 3C     	ld de,#3cE8
 304  8055 01 08 00     	ld bc,8
 305  8058 E5           	push hl
 306  8059 D5           	push de
 307  805A C5           	push bc
 308  805B ED B0        	ldir		;end ver 1.18
 309  805D
 310  805D 3E 61        	ld a,PAGE_BSDOS
 311  805F D3 17        	out (23),a
 312  8061              	IFDEF INSTALL_STAGE_DIAG
 313  8061 ~            		ld	a,3		; purpurova: BSDOS banka je pristupna
 314  8061 ~            		out	(#FE),a
 315  8061              	ENDIF
 316  8061
 317  8061 C1           	pop bc		;ver 1.18
 318  8062 D1           	pop de
 319  8063 E1           	pop hl
 320  8064 ED B0        	ldir
 321  8066 3E 1D        	ld a,#1d	;rozsir bsdos o jeden znak, a to zamek
 322  8068 32 A1 21     	ld (#21a1),a	;end 1.18
 323  806B
 324  806B
 325  806B              ; ███████████████ FDC neutralization for BSDOS virtual-disk driver █████████
 326  806B              		; by BusySoft
 327  806B              		; disable cteni portu #0F pro vyblokovani detekce WP z FDC
 328  806B              		; nahrada instrukce in a,(#0F) za ld a,0
 329  806B 21 0E 02     		ld	hl,#020E 	;adresa v bsdosram
 330  806E 36 3E        		ld	(hl),62		;ld a,
 331  8070 23           		inc	hl
 332  8071 36 00        		ld	(hl),0		;0
 333  8073
 334  8073              	IFDEF ELEMENT
 335  8073 ~            		; eLeMeNt ZX: druhy FDC status read na #022D musi byt neutralizovan take.
 336  8073 ~            		; Zde jsme realne namerili nekonecnou smycku jeste pred SD driverem.
 337  8073 ~            		ld	hl,#022D
 338  8073 ~            		ld	(hl),62		; ld a,
 339  8073 ~            		inc	hl
 340  8073 ~            		ld	(hl),0		; 0
 341  8073              	ENDIF
 342  8073
 343  8073              		; disable sending data to fdc port #0F
 344  8073              		; prepsani instrukce out(#0F),a dvema nopy
 345  8073 21 00 00     		ld	hl,0
 346  8076 22 9F 01     		ld	(#019F),hl
 347  8079 22 33 02     		ld	(#0233),hl
 348  807C              ; ███████████████ end FDC neutralization █████████████████████████████████
 349  807C
 350  807C              ; -----------------------------------------------------------------------------
 351  807C              ; Bankovni most.
 352  807C              ; ELEMENT/SLIM: overeny jednopage model EasySD 1.0.1 (97 <-> 98).
 353  807C              ;               SD1 i SD2 jsou v jednom driveru; meni se jen slot a LBA.
 354  807C              ; MB03+: zustava dynamicky 1.1 most pro oddelenou CF a SD page.
 355  807C              	IFDEF SD_ONLY_PAGE98
 356  807C ~            		ld	hl,EL_DOS_LOW_BRIDGE_14
 357  807C ~            		ld	de,#0014
 358  807C ~            		ld	bc,EL_DOS_LOW_BRIDGE_14_LEN
 359  807C ~            		ldir
 360  807C ~
 361  807C ~            		ld	hl,EL_DOS_LOW_BRIDGE_23
 362  807C ~            		ld	de,#0023
 363  807C ~            		ld	bc,EL_DOS_LOW_BRIDGE_23_LEN
 364  807C ~            		ldir
 365  807C ~
 366  807C ~            		ld	hl,EL_DOS_LOW_BRIDGE_2B
 367  807C ~            		ld	de,#002B
 368  807C ~            		ld	bc,EL_DOS_LOW_BRIDGE_2B_LEN
 369  807C ~            		ldir
 370  807C              	ELSE
 371  807C              ; MB03+: vrat presne puvodni funkcni most z 2026-09-19.
 372  807C              ; Do nizke oblasti BSDOSu se instaluje jen vstup #001B a pomocne rutiny
 373  807C              ; #036B..#037D; puvodni BSDOS bajty na #0014/#0023/#002B se nemeni.
 374  807C 21 10 84     		ld	hl,DOS_DRIVER_ENTRY_SRC
 375  807F 11 1B 00     		ld	de,#001B
 376  8082 01 05 00     		ld	bc,DOS_DRIVER_ENTRY_LEN
 377  8085 ED B0        		ldir
 378  8087
 379  8087 21 1D 84     		ld	hl,DOS_BANK_HELPERS
 380  808A 11 6B 03     		ld	de,DOS_BANK_HELPERS_START
 381  808D 01 13 00     		ld	bc,DOS_BANK_HELPERS_LEN
 382  8090 ED B0        		ldir
 383  8092              	ENDIF
 384  8092
 385  8092              ; Runtime stav. V ELEMENT/SLIM buildu je #001C vzdy 98; na MB03+ je dynamicky.
 386  8092 3A 11 80     		ld	a,(ACTIVE_PAGE)
 387  8095 32 1C 00     		ld	(DOS_ACTIVE_PAGE),a
 388  8098 3A 10 80     		ld	a,(ACTIVE_DEVICE)
 389  809B 32 32 00     		ld	(DOS_ACTIVE_DEVICE),a
 390  809E 3A 11 80     		ld	a,(ACTIVE_PAGE)
 391  80A1 32 33 00     		ld	(DOS_PAGE_SD),a
 392  80A4
 393  80A4              ; Zapamatuj si tri fyzicka cisla partition pro katalogovy text.
 394  80A4              ; SD1/SD2 jsou v poslednich dvou volnych bajtech pred PIT oblasti.
 395  80A4              ; CF pouziva samostatny bajt #3C90 v BSDOS page 97. SD1_LBA_STORE je
 396  80A4              ; #3C90 v driver page (ELEMENT=98), tedy jina fyzicka pamet nez BSDOS page 97.
 397  80A4 3A 01 93     		ld	a,(GUI.DUAL_PARTITION_SD1)
 398  80A7 32 34 00     		ld	(DOS_SD1_PARTITION),a
 399  80AA 3A 02 93     		ld	a,(GUI.DUAL_PARTITION_SD2)
 400  80AD 32 35 00     		ld	(DOS_SD2_PARTITION),a
 401  80B0
 402  80B0 3A C8 0D     		ld	a,(#DC8)			; stary EasyCF: cislice P1-P4 uvnitr textu
 403  80B3 D6 30        		sub	'0'
 404  80B5 FE 01        		cp	1
 405  80B7 38 04        		jr	c,.cf_try_saved
 406  80B9 FE 05        		cp	5
 407  80BB 38 2E        		jr	c,.cf_partition_ready
 408  80BD              .cf_try_saved
 409  80BD 3A F6 22     		ld	a,(#22F6)		; migrace ze STAGE12
 410  80C0 FE 01        		cp	1
 411  80C2 38 04        		jr	c,.cf_try_current
 412  80C4 FE 05        		cp	5
 413  80C6 38 23        		jr	c,.cf_partition_ready
 414  80C8              .cf_try_current
 415  80C8 3A FE 22     		ld	a,(#22FE)		; migrace z kratke testovaci STAGE15
 416  80CB FE 01        		cp	1
 417  80CD 38 04        		jr	c,.cf_try_legacy
 418  80CF FE 05        		cp	5
 419  80D1 38 18        		jr	c,.cf_partition_ready
 420  80D3              .cf_try_legacy
 421  80D3 3A FC 22     		ld	a,(#22FC)		; migrace ze STAGE13-20
 422  80D6 FE 01        		cp	1
 423  80D8 38 04        		jr	c,.cf_try_stage21
 424  80DA FE 05        		cp	5
 425  80DC 38 0D        		jr	c,.cf_partition_ready
 426  80DE              .cf_try_stage21
 427  80DE 3A 90 3C     		ld	a,(DOS_CF_PARTITION)	; opakovana instalace STAGE21+
 428  80E1 FE 01        		cp	1
 429  80E3 38 04        		jr	c,.cf_partition_default
 430  80E5 FE 05        		cp	5
 431  80E7 38 02        		jr	c,.cf_partition_ready
 432  80E9              .cf_partition_default
 433  80E9 3E 01        		ld	a,1
 434  80EB              .cf_partition_ready
 435  80EB 32 90 3C     		ld	(DOS_CF_PARTITION),a
 436  80EE
 437  80EE              ;		ld	hl,ADR43
 438  80EE              ;		ld	de,43
 439  80EE              ;		ld	c,5
 440  80EE              ;		ldir
 441  80EE
 442  80EE 21 DE 83     		ld	hl,ADR62
 443  80F1 11 3E 00     		ld	de,62
 444  80F4 0E 0B        		ld	c,11
 445  80F6 ED B0        		ldir
 446  80F8
 447  80F8 21 84 81     	ld hl,qform	;ver. 1.13
 448  80FB 11 3A 12     	ld de,#123A
 449  80FE 01 07 00     	ld bc,#7
 450  8101 ED B0        	ldir		;end 1.13
 451  8103
 452  8103
 453  8103 21 EA 1C     	ld hl,#1CEA	;ver. 1.12, nejdrive vycistime vsech 38 bajtu
 454  8106 11 EB 1C     	ld de,#1CEB
 455  8109 01 39 00     	ld bc,#39
 456  810C 2A 00 00     	ld hl,(0)
 457  810F ED B0        	ldir
 458  8111
 459  8111 21 53 81     	ld hl,new_r	;preneseme novou rutinu
 460  8114 11 EA 1C     	ld de,#1CEA
 461  8117 01 31 00     	ld bc,newlen
 462  811A ED B0        	ldir
 463  811C ED 53 AF 82  	ld (fspldir1+1),de
 464  8120 ED 53 5F 84  	ld (FREE_JP+1),de
 465  8124
 466  8124              	; Kriticka BSDOS sekvence zustava cela presne puvodni. WP cache se
 467  8124              	; zapisuje uz v driveru pri AKTIVE, bez hooku v teto vetvi.
 468  8124 21 8B 81     	ld	hl,wp_status_call
 469  8127 11 C3 17     	ld	de,#17C3
 470  812A 01 08 00     	ld	bc,8
 471  812D ED B0        	ldir
 472  812F 21 93 81     	ld	hl,wp_catalog_call
 473  8132 11 F8 0D     	ld	de,#0DF8
 474  8135 01 03 00     	ld	bc,3
 475  8138 ED B0        	ldir
 476  813A 21 96 81     	ld	hl,wp_catalog_body
 477  813D 11 58 03     	ld	de,#0358
 478  8140 01 13 00     	ld	bc,WP_CATALOG_BODY_SIZE
 479  8143 ED B0        	ldir
 480  8145 21 A9 81     	ld	hl,wp_catalog_router
 481  8148 11 F6 22     	ld	de,WP_CATALOG_ROUTER_ADDR
 482  814B 01 0A 00     	ld	bc,WP_CATALOG_ROUTER_SIZE
 483  814E ED B0        	ldir
 484  8150
 485  8150              	IFDEF SEARCH_RETURN_DIAG
 486  8150 ~            	; Docasna diagnostika pro realny MB03+: puvodni System Error #17D3
 487  8150 ~            	; nahradi cislem ACTIVE_PAGE*256+A, kde A=navrat AKTIVE pred testem.
 488  8150 ~            	ld	hl,search_diag_call
 489  8150 ~            	ld	de,#17D0
 490  8150 ~            	ld	bc,3
 491  8150 ~            	ldir
 492  8150              	ENDIF
 493  8150
 494  8150              	IFDEF INSTALL_STAGE_DIAG
 495  8150 ~            		ld	a,4		; zelena: zakladni BSDOS patche hotove
 496  8150 ~            		out	(#FE),a
 497  8150              	ENDIF
 498  8150 C3 A3 82     	jp fspldir		;STAGE20 obsahuje kontrolu EasyCF a konfiguraci page
 499  8153              new_r
 500  8153              	disp #1cea
 501  1CEA 1E 01        nr	ld e,#01
 502  1CEC CD 2D 1D     	call #1d2d	;bootrd
 503  1CEF B7           	or a
 504  1CF0 C8           	ret z
 505  1CF1 1E 00        	ld e,#00
 506  1CF3 CD 2D 1D     	call #1d2d	;bootrd
 507  1CF6 B7           	or a
 508  1CF7 C8           	ret z
 509  1CF8 CD FA 1E     cant	call #1EFA	;error
 510  1CFB 43 61 6E 27  	db	"Can",39,"t "			;39 = ´
 510  1CFF 74 20
 511  1D01 72 65 61 64  	db	"read the ",2,0
 511  1D05 20 74 68 65
 511  1D09 20 02 00
 512  1D0C
 513  1D0C              adr144_cont		;ver 1.16- zde je zbytek rutiny AAA, v miste dosu #90-#FF uz nebylo misto
 514  1D0C DA BA 00     	jp c,RDWRSEC
 515  1D0F FE 12        	cp 18
 516  1D11 CA BA 00     	jp z,RDWRSEC
 517  1D14 FE 08        	cp 8		;ver. 1.11- pri volani cteni a zapisu stopy se vrat s chybou
 518  1D16 3E 80        	ld a,#80
 519  1D18 D8           	ret c
 520  1D19              ;LOOP12   cp   7
 521  1D19              ;         jr   z,RDWRSEC
 522  1D19              ;         xor  a
 523  1D19 AF           LOOP12	xor a
 524  1D1A C9           LO11      ret		;end 1.11
 525  1D1B
 526  1D1B              newrend
 527  1D1B              newlen equ newrend-nr		;end 1.12
 528  1D1B              	ent
 529  8184
 530  8184 00           qform	nop		;ver 1.13
 531  8185 03           form3	inc bc
 532  8186 CB 58        	bit 3,b
 533  8188 00           	nop
 534  8189 28 ED        	db #28,#ed ;jr z,form2	;end 1.13
 535  818B
 536  818B              ; Cela puvodni sekvence #17C3-#17CA. Ani RST #18, ani jeho bezprostredni
 537  818B              ; navrat se nesmi premistit nebo prerusit skokem do pomocneho hooku.
 538  818B              wp_status_call
 539  818B F5           	push	af
 540  818C AF           	xor	a
 541  818D DF           	rst	#18
 542  818E E6 40        	and	#40
 543  8190 C2 CB 1D     	jp	nz,#1DCB
 544  8193
 545  8193              ; Nahrada puvodniho CALL #219E (SPACE) na #0DF8.
 546  8193              wp_catalog_call
 547  8193 CD F6 22     	call	WP_CATALOG_ROUTER_ADDR
 548  8196
 549  8196              ; Osvědcena 19B rutina ze STAGE11 musi zustat na #0358. Presun RST #18
 550  8196              ; na #22DF ve STAGE12 zpusobil regresi .SEARCH s neprazdnym retezcem.
 551  8196              wp_catalog_body
 552  8196 E5           	push	hl		; tiskova rutina potrebuje puvodni ukazatel
 553  8197 C5           	push	bc		; bios_reset pouziva B/C pri cteni statusu
 554  8198 AF           	xor	a
 555  8199 DF           	rst	#18
 556  819A CB 77        	bit	6,a
 557  819C 3E 20        	ld	a,#20		; nezamceny disk: mezera
 558  819E 28 02        	jr	z,.print
 559  81A0 3E 1D        	ld	a,#1D		; zamceny disk: uzivatelsky znak zamek
 560  81A2 C1           .print	pop	bc
 561  81A3 E1           	pop	hl
 562  81A4 C3 A0 21     	jp	#21A0		; preskoc LD A,#20, zachovej mezeru nebo zamek v A
 563  81A7 00 00        	block	19-($-wp_catalog_body),0
 564  81A9              WP_CATALOG_BODY_SIZE	equ $-wp_catalog_body
 565  81A9              	ASSERT	WP_CATALOG_BODY_SIZE = 19
 566  81A9
 567  81A9              ; #0DF8 se pouziva i pri tisku cisla adresare. Tato 10B rutina se pri
 568  81A9              ; instalaci kopiruje do rezidentniho BSDOSu #22F6-#22FF, hned za
 569  81A9              ; case_insen koncicim na #22F5. LOAD ji proto nemuze prepsat.
 570  81A9              wp_catalog_router
 571  81A9 DD 7C        	ld	a,ixh
 572  81AB FE 23        	cp	#23
 573  81AD C2 9E 21     	jp	nz,#219E	;adresar/jiny text: puvodni LD A,#20
 574  81B0 C3 58 03     	jp	#0358		;cislo disku: osvedcena WP rutina STAGE11
 575  81B3              WP_CATALOG_ROUTER_SIZE	equ $-wp_catalog_router
 576  81B3              	ASSERT	WP_CATALOG_ROUTER_SIZE = 10
 577  81B3              	ASSERT	WP_CATALOG_ROUTER_ADDR+WP_CATALOG_ROUTER_SIZE = #2300
 578  81B3
 579  81B3              	IFDEF SEARCH_RETURN_DIAG
 580  81B3 ~            search_diag_call
 581  81B3 ~            	call	nz,search_diag_hook
 582  81B3 ~
 583  81B3 ~            ; Hook zustava v chranene casti instalatoru nad #8000 (loader pouziva
 584  81B3 ~            ; CLEAR 32767). V BSDOSu se tedy s nicim neprekryva, zejmena ne se
 585  81B3 ~            ; znakem zamku na #3CE8-#3CEF.
 586  81B3 ~            search_diag_hook
 587  81B3 ~            	pop	hl		;odstran puvodni navrat #17D3
 588  81B3 ~            	add	a,2		;L = hodnota obnovena po WP kontrole
 589  81B3 ~            	ld	l,a
 590  81B3 ~            	ld	a,(search_diag_before_wp)
 591  81B3 ~            	ld	h,a		;H = hodnota pred WP kontrolou (po prvnim DEC)
 592  81B3 ~            	push	hl		;#2264 jej vytiskne misto adresy chyby
 593  81B3 ~            	jp	#2264
 594  81B3 ~            search_diag_before_wp
 595  81B3 ~            	db	0
 596  81B3 ~            SEARCH_DIAG_HOOK_SIZE	equ $-search_diag_hook
 597  81B3 ~            	ASSERT	SEARCH_DIAG_HOOK_SIZE = 13
 598  81B3              	ENDIF
 599  81B3
 600  81B3              ;definice znaku zamek
 601  81B3 00 3C 24 7E  zamek	defb 0,60,36,126,110,102,126,0		;end 1.18
 601  81B7 6E 66 7E 00
 602  81BB
 603  81BB              CAT_DEVICE	equ	#0DC1
 604  81BB              CAT_PARTITION	equ	#0DDF
 605  81BB
 606  81BB              ; Over kompatibilni EasyCF v pevne strance 98. Jeho bankovni vstup
 607  81BB              ; #001B-#0020 musi po prepnuti do BSDOS page 97 pokracovat JR #0090.
 608  81BB              ; OUT ani LD nemeni priznaky, proto rutina vraci Z=kompatibilni.
 609  81BB              CHECK_EASYCF_11
 610  81BB 3E 62        	ld	a,PAGE_CF
 611  81BD D3 17        	out	(23),a
 612  81BF 21 08 00     	ld	hl,#0008
 613  81C2 11 F1 81     	ld	de,EASYCF_ID
 614  81C5 06 08        	ld	b,EASYCF_ID_LEN
 615  81C7 CD DC 81     	call	.compare
 616  81CA 20 18        	jr	nz,.bad
 617  81CC 21 1B 00     	ld	hl,#001B
 618  81CF 11 EB 81     	ld	de,EASYCF_11_SIGNATURE
 619  81D2 06 06        	ld	b,EASYCF_11_SIGNATURE_LEN
 620  81D4 CD DC 81     	call	.compare
 621  81D7 20 0B        	jr	nz,.bad
 622  81D9 AF           	xor	a
 623  81DA 18 0A        	jr	.restore
 624  81DC              .compare
 625  81DC 1A           	ld	a,(de)
 626  81DD BE           	cp	(hl)
 627  81DE C0           	ret	nz
 628  81DF 23           	inc	hl
 629  81E0 13           	inc	de
 630  81E1 10 F9        	djnz	.compare
 631  81E3 C9           	ret
 632  81E4 F6 01        .bad	or	1
 633  81E6              .restore
 634  81E6 3E 40        	ld	a,#40
 635  81E8 D3 17        	out	(23),a
 636  81EA C9           	ret
 637  81EB
 638  81EB              EASYCF_11_SIGNATURE
 639  81EB 3E 61 D3 17  	db	#3E,#61,#D3,#17,#18,#6F
 639  81EF 18 6F
 640  81F1              EASYCF_11_SIGNATURE_LEN	equ	$-EASYCF_11_SIGNATURE
 641  81F1              EASYCF_ID
 642  81F1 45 61 73 79  	db	"EasyCF10"
 642  81F5 43 46 31 30
 643  81F9              EASYCF_ID_LEN	equ	$-EASYCF_ID
 644  81F9              INSTALL_SIGNATURE_DATA
 645  81F9 45 53 31 31  	db	"ES11"
 646  81FD
 647  81FD              	IFDEF DUAL_GUI_INSTALL_TEST
 648  81FD              ; Zachovani jmen vytvorenych FULL switcherem pri opakovane instalaci.
 649  81FD              ; Stary driver musi byt kompatibilni EasySD 1.1 ve stejne cilove strance.
 650  81FD              ; VDT: +0 INFO, +1..+4 LBA, +5 reserved, +6..+31 text (26 B).
 651  81FD              PRESERVE_VDT_NAMES
 652  81FD DD E5        	push	ix
 653  81FF 3A 11 80     	ld	a,(ACTIVE_PAGE)
 654  8202 D3 17        	out	(23),a
 655  8204
 656  8204 21 08 00     	ld	hl,#0008
 657  8207 11 7B 82     	ld	de,PRESERVE_EASYSD_ID
 658  820A 06 08        	ld	b,8
 659  820C CD 73 82     	call	.compare
 660  820F 20 5B        	jr	nz,.done
 661  8211
 662  8211 21 1B 00     	ld	hl,#001B
 663  8214 11 83 82     	ld	de,PRESERVE_DRIVER_SIGNATURE
 664  8217 06 06        	ld	b,6
 665  8219 CD 73 82     	call	.compare
 666  821C 20 4E        	jr	nz,.done
 667  821E
 668  821E              	; IX = stary VDT v driverove strance, HL = nove detekovane VDT.
 669  821E              	; Systemovy indexovy registr se zde vubec nemeni.
 670  821E DD 21 00 13  	ld	ix,SDroutines.BSDOS_VDT
 671  8222 21 00 B3     	ld	hl,VDT
 672  8225 3E 08        	ld	a,8
 673  8227              .record_loop
 674  8227 F5           	push	af
 675  8228 DD CB 00 4E  	bit	1,(ix+0)		; stary zaznam musi byt pouzitelny
 676  822C 28 34        	jr	z,.next_record
 677  822E CB 4E        	bit	1,(hl)			; nova detekce musi potvrdit partition
 678  8230 28 30        	jr	z,.next_record
 679  8232
 680  8232              	; Porovnej 4B LBA: old IX+1..4 proti new HL+1..4.
 681  8232 E5           	push	hl
 682  8233 23           	inc	hl
 683  8234 DD 7E 01     	ld	a,(ix+1)
 684  8237 BE           	cp	(hl)
 685  8238 20 13        	jr	nz,.lba_compare_done
 686  823A 23           	inc	hl
 687  823B DD 7E 02     	ld	a,(ix+2)
 688  823E BE           	cp	(hl)
 689  823F 20 0C        	jr	nz,.lba_compare_done
 690  8241 23           	inc	hl
 691  8242 DD 7E 03     	ld	a,(ix+3)
 692  8245 BE           	cp	(hl)
 693  8246 20 05        	jr	nz,.lba_compare_done
 694  8248 23           	inc	hl
 695  8249 DD 7E 04     	ld	a,(ix+4)
 696  824C BE           	cp	(hl)
 697  824D              .lba_compare_done
 698  824D E1           	pop	hl
 699  824E 20 12        	jr	nz,.next_record
 700  8250
 701  8250              	; Zkopiruj 26B jmeno: old IX+6 -> new HL+6.
 702  8250              	; Zaklad noveho zaznamu nech na zasobniku pro dalsi iteraci.
 703  8250 E5           	push	hl
 704  8251 DD E5        	push	ix
 705  8253 D1           	pop	de			; DE = old base
 706  8254 EB           	ex	de,hl			; HL = old base, DE = new base
 707  8255 01 06 00     	ld	bc,6
 708  8258 09           	add	hl,bc			; HL = old + 6
 709  8259 EB           	ex	de,hl			; HL = new base, DE = old + 6
 710  825A 09           	add	hl,bc			; HL = new + 6
 711  825B EB           	ex	de,hl			; HL = old + 6, DE = new + 6
 712  825C 01 1A 00     	ld	bc,26
 713  825F ED B0        	ldir
 714  8261 E1           	pop	hl			; obnov new base
 715  8262
 716  8262              .next_record
 717  8262 01 20 00     	ld	bc,32
 718  8265 DD 09        	add	ix,bc
 719  8267 09           	add	hl,bc
 720  8268 F1           	pop	af
 721  8269 3D           	dec	a
 722  826A 20 BB        	jr	nz,.record_loop
 723  826C              .done
 724  826C 3E 40        	ld	a,#40		; vrat BSROM, jak instalator v tomto miste ocekava
 725  826E D3 17        	out	(23),a
 726  8270 DD E1        	pop	ix
 727  8272 C9           	ret
 728  8273
 729  8273              .compare
 730  8273 1A           	ld	a,(de)
 731  8274 BE           	cp	(hl)
 732  8275 C0           	ret	nz
 733  8276 23           	inc	hl
 734  8277 13           	inc	de
 735  8278 10 F9        	djnz	.compare
 736  827A C9           	ret
 737  827B
 738  827B              PRESERVE_EASYSD_ID
 739  827B 45 61 73 79  	db	"EasySD10"
 739  827F 53 44 31 30
 740  8283              PRESERVE_DRIVER_SIGNATURE
 741  8283 3E 61 D3 17  	db	#3E,#61,#D3,#17,#18,#6F
 741  8287 18 6F
 742  8289              	ENDIF
 743  8289
 744  8289              	IFDEF BANK_VERIFY_DIAG
 745  8289 ~            ; Overeni skutecneho obsahu SRAM page 1 a page 9 tesne pred RST #20.
 746  8289 ~            ; Kod i obrazovka jsou nad #4000, proto lze nizkou 16K banku bezpecne
 747  8289 ~            ; prepinat. Pred navratem je vzdy znovu pripojen BSDOS.
 748  8289 ~            BANK_VERIFY_RUN
 749  8289 ~            	xor	a
 750  8289 ~            	ld	(DIAG_B1_RESULT),a
 751  8289 ~            	ld	(DIAG_SD_ENTRY_RESULT),a
 752  8289 ~            	ld	(DIAG_SD_DRIVER_RESULT),a
 753  8289 ~
 754  8289 ~            	ld	a,PAGE_BSDOS
 755  8289 ~            	out	(23),a
 756  8289 ~            	ld	hl,DIAG_EXPECT_B1
 757  8289 ~            	ld	de,#001B
 758  8289 ~            	ld	b,8
 759  8289 ~            	call	.compare
 760  8289 ~            	jr	nz,.b1_done
 761  8289 ~            	ld	a,1
 762  8289 ~            	ld	(DIAG_B1_RESULT),a
 763  8289 ~            .b1_done
 764  8289 ~
 765  8289 ~            	ld	a,(ACTIVE_PAGE)
 766  8289 ~            	out	(23),a
 767  8289 ~            	ld	hl,DIAG_EXPECT_SD_ENTRY
 768  8289 ~            	ld	de,#001B
 769  8289 ~            	ld	b,6
 770  8289 ~            	call	.compare
 771  8289 ~            	jr	nz,.sd_entry_done
 772  8289 ~            	ld	a,1
 773  8289 ~            	ld	(DIAG_SD_ENTRY_RESULT),a
 774  8289 ~            .sd_entry_done
 775  8289 ~            	ld	hl,DIAG_EXPECT_SD_DRIVER
 776  8289 ~            	ld	de,#0090
 777  8289 ~            	ld	b,6
 778  8289 ~            	call	.compare
 779  8289 ~            	jr	nz,.sd_driver_done
 780  8289 ~            	ld	a,1
 781  8289 ~            	ld	(DIAG_SD_DRIVER_RESULT),a
 782  8289 ~            .sd_driver_done
 783  8289 ~
 784  8289 ~            	ld	a,PAGE_BSDOS
 785  8289 ~            	out	(23),a
 786  8289 ~
 787  8289 ~            	ld	hl,DIAG_TEXT_HEADER
 788  8289 ~            	ld	bc,#1002
 789  8289 ~            	call	GUI.T42_TEXT
 790  8289 ~            	ld	hl,DIAG_TEXT_B1_BAD
 791  8289 ~            	ld	a,(DIAG_B1_RESULT)
 792  8289 ~            	or	a
 793  8289 ~            	jr	z,.show_b1
 794  8289 ~            	ld	hl,DIAG_TEXT_B1_OK
 795  8289 ~            .show_b1
 796  8289 ~            	ld	bc,#1202
 797  8289 ~            	call	GUI.T42_TEXT
 798  8289 ~
 799  8289 ~            	ld	hl,DIAG_TEXT_SD_ENTRY_BAD
 800  8289 ~            	ld	a,(DIAG_SD_ENTRY_RESULT)
 801  8289 ~            	or	a
 802  8289 ~            	jr	z,.show_sd_entry
 803  8289 ~            	ld	hl,DIAG_TEXT_SD_ENTRY_OK
 804  8289 ~            .show_sd_entry
 805  8289 ~            	ld	bc,#1302
 806  8289 ~            	call	GUI.T42_TEXT
 807  8289 ~
 808  8289 ~            	ld	hl,DIAG_TEXT_SD_DRIVER_BAD
 809  8289 ~            	ld	a,(DIAG_SD_DRIVER_RESULT)
 810  8289 ~            	or	a
 811  8289 ~            	jr	z,.show_sd_driver
 812  8289 ~            	ld	hl,DIAG_TEXT_SD_DRIVER_OK
 813  8289 ~            .show_sd_driver
 814  8289 ~            	ld	bc,#1402
 815  8289 ~            	call	GUI.T42_TEXT
 816  8289 ~
 817  8289 ~            	ld	hl,DIAG_TEXT_KEY
 818  8289 ~            	ld	bc,#1602
 819  8289 ~            	call	GUI.T42_TEXT
 820  8289 ~            	call	GUI.dual_wait_key_release
 821  8289 ~            	call	GUI.ANYKEY
 822  8289 ~            	ret
 823  8289 ~
 824  8289 ~            .compare
 825  8289 ~            	ld	a,(de)
 826  8289 ~            	cp	(hl)
 827  8289 ~            	ret	nz
 828  8289 ~            	inc	de
 829  8289 ~            	inc	hl
 830  8289 ~            	djnz	.compare
 831  8289 ~            	ret
 832  8289 ~
 833  8289 ~            DIAG_B1_RESULT		db	0
 834  8289 ~            DIAG_SD_ENTRY_RESULT	db	0
 835  8289 ~            DIAG_SD_DRIVER_RESULT	db	0
 836  8289 ~
 837  8289 ~            DIAG_EXPECT_B1
 838  8289 ~            	db	#3E,#69,#D3,#17,#C9,#C3,#00,#05
 839  8289 ~            DIAG_EXPECT_SD_ENTRY
 840  8289 ~            	db	#3E,#61,#D3,#17,#18,#6F
 841  8289 ~            DIAG_EXPECT_SD_DRIVER
 842  8289 ~            	db	#F5,#3E,#07,#D3,#FE,#F1
 843  8289 ~
 844  8289 ~            DIAG_TEXT_HEADER	dc	16,70,"SRAM bank verification"
 845  8289 ~            DIAG_TEXT_B1_OK	dc	16,68,"BSDOS entry: OK "
 846  8289 ~            DIAG_TEXT_B1_BAD	dc	16,66,"BSDOS entry: BAD"
 847  8289 ~            DIAG_TEXT_SD_ENTRY_OK	dc	16,68,"SD9 entry:   OK "
 848  8289 ~            DIAG_TEXT_SD_ENTRY_BAD	dc	16,66,"SD9 entry:   BAD"
 849  8289 ~            DIAG_TEXT_SD_DRIVER_OK	dc	16,68,"SD9 driver:  OK "
 850  8289 ~            DIAG_TEXT_SD_DRIVER_BAD	dc	16,66,"SD9 driver:  BAD"
 851  8289 ~            DIAG_TEXT_KEY		dc	16,69,"Press a key to continue"
 852  8289              	ENDIF
 853  8289
 854  8289              	IFDEF DIRECT_DRIVER_DIAG
 855  8289 ~            ; Prime volani stejneho dispatcheru, ktery pozdeji pouzije BSDOS START.
 856  8289 ~            ; Pokud se nektery CALL nevrati, posledni text zustane na obrazovce.
 857  8289 ~            DIRECT_DRIVER_TEST_RUN
 858  8289 ~            	ld	a,PAGE_BSDOS
 859  8289 ~            	out	(23),a
 860  8289 ~            	ld	hl,DIAG_TEXT_INFO_RUN
 861  8289 ~            	ld	bc,#1602
 862  8289 ~            	call	GUI.T42_TEXT
 863  8289 ~            	ld	b,14		; BSDOS service INFO
 864  8289 ~            	ld	e,1		; disk @1
 865  8289 ~            	call	#001B
 866  8289 ~            	ld	hl,DIAG_TEXT_INFO_OK
 867  8289 ~            	ld	bc,#1602
 868  8289 ~            	call	GUI.T42_TEXT
 869  8289 ~            	call	GUI.dual_wait_key_release
 870  8289 ~            	call	GUI.ANYKEY
 871  8289 ~
 872  8289 ~            	ld	hl,DIAG_TEXT_ACTIVE_RUN
 873  8289 ~            	ld	bc,#1602
 874  8289 ~            	call	GUI.T42_TEXT
 875  8289 ~            	ld	b,12		; BSDOS service AKTIVE
 876  8289 ~            	ld	e,1		; disk @1
 877  8289 ~            	call	#001B
 878  8289 ~            	ld	hl,DIAG_TEXT_ACTIVE_OK
 879  8289 ~            	ld	bc,#1602
 880  8289 ~            	call	GUI.T42_TEXT
 881  8289 ~            	call	GUI.dual_wait_key_release
 882  8289 ~            	call	GUI.ANYKEY
 883  8289 ~            	ret
 884  8289 ~
 885  8289 ~            DIAG_TEXT_INFO_RUN	dc	16,70,"Running direct INFO...        "
 886  8289 ~            DIAG_TEXT_INFO_OK	dc	16,68,"Direct INFO: OK, press a key "
 887  8289 ~            DIAG_TEXT_ACTIVE_RUN	dc	16,70,"Running direct AKTIVE...      "
 888  8289 ~            DIAG_TEXT_ACTIVE_OK	dc	16,68,"Direct AKTIVE: OK, press a key"
 889  8289              	ENDIF
 890  8289
 891  8289              ; HL ukazuje na barevny text chyby. BSDOS ani driver se jeste nezmenil,
 892  8289              ; takze lze bezpecne skoncit zpet do BASICu.
 893  8289              INSTALL_ERROR
 894  8289 3E 40        	ld	a,#40
 895  828B D3 17        	out	(23),a
 896  828D FB           	ei
 897  828E E5           	push	hl
 898  828F 21 6E A5     	ld	hl,GUI.TEXT_CLR
 899  8292 01 02 16     	ld	bc,#1602
 900  8295 CD AA A8     	call	GUI.T42_TEXT
 901  8298 E1           	pop	hl
 902  8299 01 02 16     	ld	bc,#1602
 903  829C CD AA A8     	call	GUI.T42_TEXT
 904  829F CD A3 AC     	call	GUI.ANYKEY
 905  82A2 C9           	ret
 906  82A3
 907  82A3
 908  82A3
 909  82A3 21 5E 84     fspldir	LD HL,FREE_JP	;ver. 1.09, ldir patche na opravu volného místa v BSDOSu 308, tento usek ponechavame i ve verzi 1.10
 910  82A6 11 7A 1B     	 ld DE,FREE2
 911  82A9 01 03 00     	 ld BC,3
 912  82AC ED B0                 LDIR
 913  82AE              ;         LD HL,FRE2
 914  82AE 11 55 00     fspldir1 ld de,#55
 915  82B1              ;	 ld DE,FREEDOS	;ver. 1.12
 916  82B1 01 11 00              LD BC,FREE_SPLEN
 917  82B4 ED B0                 LDIR		;end 1.09
 918  82B6
 919  82B6
 920  82B6              ;set no_verify patch
 921  82B6 3A 0C 80     		ld	a,(@noverify)
 922  82B9 B7           		or	a
 923  82BA 28 18        		jr	z,verifyyes
 924  82BC
 925  82BC 3A CA 13     		ld	a,(#13CA)
 926  82BF FE CD        		cp	205
 927  82C1 20 11        		jr	nz,verifyyes	;alespon nejaka kontrola, jesli se upravuje spravne misto
 928  82C3
 929  82C3              ;uprava dle BUSYho
 930  82C3 3E 21        		ld	a,#21
 931  82C5 32 CA 13     		ld	(#13CA),a	;patch ROM obsluhy #04C6
 932  82C8 3A 47 14     		ld	a,(#1447)
 933  82CB FE CD        		cp	205
 934  82CD 20 05        		jr	nz,verifyyes	;alespon nejaka kontrola, jesli se upravuje spravne misto
 935  82CF 3E C3        		ld	a,#C3
 936  82D1 32 47 14     		ld	(#1447),a	;patch sluzby #25 SAVEX
 937  82D4
 938  82D4              ;noverify podle drona ; proc se skace na adresu 62?
 939  82D4              ;(lebo je tam test, ktory pre drajvy @1-@4 povoli verify a pre drajvy @5 a vyssie ho zakaze)
 940  82D4              ;		ld	a,205
 941  82D4              ;		ld	(#13CA),a
 942  82D4              ;		ld	hl,62
 943  82D4              ;		ld	(#13CA+1),hl
 944  82D4
 945  82D4              verifyyes
 946  82D4              ;dmapatch; uprava cele DMA sekvence pro pouziti i originalniho Z80-DMA chipu
 947  82D4 3A 0D 80     		ld	a,(@dmar3)
 948  82D7 B7           		or	a
 949  82D8 28 2E        		jr	z,dmano
 950  82DA
 951  82DA 3A BA 01     		ld	a,(#1BA)
 952  82DD FE C3        		cp	#C3
 953  82DF 20 27        		jr	nz,dmano 	;alespon nejaka kontrola, jesli se upravuje spravne misto
 954  82E1 3A BB 01     		ld	a,(#1BB)
 955  82E4 FE C7        		cp	#C7
 956  82E6 20 20        		jr	nz,dmano 	;alespon nejaka kontrola, jesli se upravuje spravne misto
 957  82E8
 958  82E8              ;prepsani sekvence
 959  82E8 21 CD 83     		ld	hl,ADR442
 960  82EB 11 BA 01     		ld	de,#1BA		;442
 961  82EE 01 11 00     		ld	bc,17
 962  82F1 ED B0        		ldir
 963  82F3
 964  82F3              ;prepsani odkazu do nove sekvence
 965  82F3              ;		ld	a,#1c8
 966  82F3 3E C8        		ld	a,#C8
 967  82F5 32 48 01     		ld	(#148),a
 968  82F8 32 66 01     		ld	(#166),a
 969  82FB              ;		ld	a,#1bc
 970  82FB 3E BC        		ld	a,#BC
 971  82FD 32 44 01     		ld	(#144),a
 972  8300 32 62 01     		ld	(#162),a
 973  8303              ;		ld	a,#1BE
 974  8303 3E BE        		ld	a,#BE
 975  8305 32 B7 01     		ld	(#1B7),a
 976  8308              dmano
 977  8308              	IFDEF INSTALL_STAGE_DIAG
 978  8308 ~            		ld	a,5		; cyan: zacina kopie SD driveru
 979  8308 ~            		out	(#FE),a
 980  8308              	ENDIF
 981  8308 21 72 84     		ld	hl,SEM
 982  830B 11 90 00     		ld	de,HDD_MAIN_START
 983  830E 01 70 00     		ld	bc,112
 984  8311 ED B0        		ldir
 985  8313
 986  8313              ; Pevna pole v puvodnim hornim radku katalogu:
 987  8313              ; #DC1-#DC2 = S1/S2/CF, #DDF-#DE0 = P1-P4.
 988  8313              		; Nejprve obnov cely puvodni 32znakovy radek. Tim zmizi stare
 989  8313              		; CF/P3 vlozene drive do prostredniho textu starsim EasyCF.
 990  8313 21 E9 83     		ld	hl,CATALOG_HEADER_TEMPLATE
 991  8316 11 C1 0D     		ld	de,CAT_DEVICE
 992  8319 01 20 00     		ld	bc,32
 993  831C ED B0        		ldir
 994  831E
 995  831E 3A 10 80     		ld	a,(ACTIVE_DEVICE)
 996  8321 FE 02        		cp	2
 997  8323 21 53 31     		ld	hl,#3153		; v pameti "S1"
 998  8326 11 01 93     		ld	de,GUI.DUAL_PARTITION_SD1
 999  8329 20 06        		jr	nz,.catalog_device_ready
1000  832B 21 53 32     		ld	hl,#3253		; v pameti "S2"
1001  832E 11 02 93     		ld	de,GUI.DUAL_PARTITION_SD2
1002  8331              .catalog_device_ready
1003  8331 22 C1 0D     		ld	(CAT_DEVICE),hl
1004  8334 1A           		ld	a,(de)
1005  8335 C6 30        		add	a,'0'
1006  8337 67           		ld	h,a
1007  8338 2E 50        		ld	l,'P'
1008  833A 22 DF 0D     		ld	(CAT_PARTITION),hl
1009  833D
1010  833D 3A 11 80     		ld	a,(ACTIVE_PAGE)
1011  8340 D3 17        		out	(23),a
1012  8342
1013  8342 21 30 84     		ld	hl,ADR16
1014  8345 11 00 00     		ld	de,0
1015  8348 01 2E 00     		ld	bc,ADR16_LEN
1016  834B              ;bez inir
1017  834B ED B0        		ldir
1018  834D
1019  834D 21 FB C9     		ld	hl,201*256+251
1020  8350 22 38 00     		ld	(56),hl
1021  8353
1022  8353 21 E2 84     		ld	hl,SEM1
1023  8356 11 90 00     		ld	de,144
1024  8359              ;		ld	bc,LEN
1025  8359 01 EF 02     		ld	bc,LEN_MAIN
1026  835C ED B0        		ldir
1027  835E
1028  835E 11 00 0F     		ld	de,SD_ROUTINES_START
1029  8361 01 00 04     		ld	bc,LEN_SD
1030  8364 ED B0        		ldir
1031  8366
1032  8366              ; Ted je stale pripojena HDD/patch banka (98).
1033  8366              ; Az nyni preneseme pracovni VDT na zarovnanou adresu za SD rutinami.
1034  8366 21 00 B3     		ld	hl,VDT
1035  8369 11 00 13     		ld	de,SDroutines.BSDOS_VDT
1036  836C D5           		push	de
1037  836D 01 00 01     		ld	bc,VDTLEN
1038  8370 ED B0        		ldir
1039  8372
1040  8372
1041  8372 D1           		pop	de			;vyrovnej PUSH pred kopii VDT
1042  8373
1043  8373              ; Uloz obe nezavisla LBA do jedine aktivni SD driver page (ELEMENT=98).
1044  8373 21 03 93     		ld	hl,GUI.DUAL_LBA_SD1
1045  8376 11 90 3C     		ld	de,SD1_LBA_STORE
1046  8379 01 04 00     		ld	bc,4
1047  837C ED B0        		ldir
1048  837E 21 07 93     		ld	hl,GUI.DUAL_LBA_SD2
1049  8381 11 94 3C     		ld	de,SD2_LBA_STORE
1050  8384 01 04 00     		ld	bc,4
1051  8387 ED B0        		ldir
1052  8389
1053  8389              ; Nastav LBA a fyzicky slot prvniho aktivniho SD zarizeni.
1054  8389 3A 10 80     		ld	a,(ACTIVE_DEVICE)
1055  838C FE 02        		cp	2
1056  838E 21 03 93     		ld	hl,GUI.DUAL_LBA_SD1
1057  8391 3E FE        		ld	a,#FE
1058  8393 20 05        		jr	nz,.initial_sd_ready
1059  8395 21 07 93     		ld	hl,GUI.DUAL_LBA_SD2
1060  8398 3E FD        		ld	a,#FD
1061  839A              .initial_sd_ready
1062  839A 32 12 0F     		ld	(SDroutines.card_select),a
1063  839D 5E           		ld	e,(hl)
1064  839E 23           		inc	hl
1065  839F 56           		ld	d,(hl)
1066  83A0 EB           		ex	de,hl
1067  83A1 22 AB 02     		ld	(current_1st_sector+1),hl
1068  83A4 EB           	ex	de,hl
1069  83A5 23           		inc	hl
1070  83A6 5E           		ld	e,(hl)
1071  83A7 23           		inc	hl
1072  83A8 56           		ld	d,(hl)
1073  83A9 EB           		ex	de,hl
1074  83AA 22 AE 02     		ld	(current_1st_sector+4),hl
1075  83AD              	IFDEF INSTALL_STAGE_DIAG
1076  83AD ~            		ld	a,6		; zluta: driver a LBA jsou pripravene
1077  83AD ~            		out	(#FE),a
1078  83AD              	ENDIF
1079  83AD
1080  83AD
1081  83AD              ;mezera na PIT103
1082  83AD              ;a pokracujeme s rutinami obsluhy SD karty
1083  83AD
1084  83AD              ;presun fontu do HDD banky
1085  83AD 21 00 B4     		ld	hl,endfile
1086  83B0 11 00 3D     		ld	de,15616
1087  83B3 01 00 03     		ld	bc,768
1088  83B6 ED B0        		ldir
1089  83B8
1090  83B8              ;------------------------------------------------------------
1091  83B8              ; Vystup z EasySD
1092  83B8              ; ELEMENT: korektni start BSDOSu pres systemovou sluzbu #30.
1093  83B8              ;          Pokud AUTOSYS neni nalezen / vrati se, provedeme
1094  83B8              ;          velky 128K reset pres BSROM (BusySoft).
1095  83B8              ; MB03+:   puvodni zpusob ukonceni zustava beze zmeny.
1096  83B8              ;
1097  83B8              ; Pri buildu pro eLeMeNt definuj symbol ELEMENT.
1098  83B8              		; Podpis zapis po uspesnem dokonceni vsech BSDOS i SD patchu
1099  83B8              		; na vsech platformach. Diky tomu stejny SWITCH_MENU.tap
1100  83B8              		; rozpozna SD1/SD2 take na eLeMeNt ZX a MB03+ Slim.
1101  83B8 3E 61        		ld	a,PAGE_BSDOS
1102  83BA D3 17        		out	(23),a
1103  83BC 21 F9 81     		ld	hl,INSTALL_SIGNATURE_DATA
1104  83BF 11 91 3C     		ld	de,DOS_INSTALL_SIGNATURE
1105  83C2 01 04 00     		ld	bc,DOS_INSTALL_SIGNATURE_LEN
1106  83C5 ED B0        		ldir
1107  83C7              	IFDEF BANK_VERIFY_DIAG
1108  83C7 ~            		call	BANK_VERIFY_RUN
1109  83C7              	ENDIF
1110  83C7              	IFDEF DIRECT_DRIVER_DIAG
1111  83C7 ~            		call	DIRECT_DRIVER_TEST_RUN
1112  83C7              	ENDIF
1113  83C7
1114  83C7 ~            /*        IFDEF ELEMENT
1115  83C7 ~
1116  83C7 ~                    ld      hl,GETVER_CALL
1117  83C7 ~                    ld      bc,#1002
1118  83C7 ~                    call    GUI.T42_TEXT
1119  83C7 ~
1120  83C7 ~                    ld      a,6
1121  83C7 ~                    out     (#FE),a          ; zluty = pred RST #20
1122  83C7 ~
1123  83C7 ~                    xor     a                ; sluzba 00 = GETVER
1124  83C7 ~                    rst     #20
1125  83C7 ~
1126  83C7 ~                    ; pokud jsme zde, GETVER se vratil
1127  83C7 ~                    ld      (GETVER_BC),bc
1128  83C7 ~                    ld      (GETVER_DE),de
1129  83C7 ~                    ld      (GETVER_HL),hl
1130  83C7 ~                    ld      (GETVER_IX),ix
1131  83C7 ~
1132  83C7 ~                    ld      a,4
1133  83C7 ~                    out     (#FE),a          ; zeleny = GETVER se vratil
1134  83C7 ~
1135  83C7 ~                    ld      hl,GETVER_OK
1136  83C7 ~                    ld      bc,#1102
1137  83C7 ~                    call    GUI.T42_TEXT
1138  83C7 ~
1139  83C7 ~                    ld      hl,GETVER_BC_TXT
1140  83C7 ~                    ld      bc,#1202
1141  83C7 ~                    call    GUI.T42_TEXT
1142  83C7 ~                    ld      hl,(GETVER_BC)
1143  83C7 ~                    ld      bc,#120D
1144  83C7 ~                    call    GETVER_HEX16
1145  83C7 ~
1146  83C7 ~                    ld      hl,GETVER_DE_TXT
1147  83C7 ~                    ld      bc,#1302
1148  83C7 ~                    call    GUI.T42_TEXT
1149  83C7 ~                    ld      hl,(GETVER_DE)
1150  83C7 ~                    ld      bc,#130D
1151  83C7 ~                    call    GETVER_HEX16
1152  83C7 ~
1153  83C7 ~                    ld      hl,GETVER_HL_TXT
1154  83C7 ~                    ld      bc,#1402
1155  83C7 ~                    call    GUI.T42_TEXT
1156  83C7 ~                    ld      hl,(GETVER_HL)
1157  83C7 ~                    ld      bc,#140D
1158  83C7 ~                    call    GETVER_HEX16
1159  83C7 ~
1160  83C7 ~                    ld      hl,GETVER_IX_TXT
1161  83C7 ~                    ld      bc,#1502
1162  83C7 ~                    call    GUI.T42_TEXT
1163  83C7 ~                    ld      hl,(GETVER_IX)
1164  83C7 ~                    ld      bc,#150D
1165  83C7 ~                    call    GETVER_HEX16
1166  83C7 ~
1167  83C7 ~                    ld      bc,#1602
1168  83C7 ~                    call    GUI.T42_TEXT
1169  83C7 ~                    ld      bc,#160D
1170  83C7 ~                    call    GETVER_HEX16
1171  83C7 ~
1172  83C7 ~            .stop
1173  83C7 ~                    jr      .stop
1174  83C7 ~
1175  83C7 ~
1176  83C7 ~            GETVER_HEX16
1177  83C7 ~                    ld      a,h
1178  83C7 ~                    call    GETVER_HEX8
1179  83C7 ~                    ld      a,l
1180  83C7 ~
1181  83C7 ~            GETVER_HEX8
1182  83C7 ~                    push    af
1183  83C7 ~                    rrca
1184  83C7 ~                    rrca
1185  83C7 ~                    rrca
1186  83C7 ~                    rrca
1187  83C7 ~                    call    GETVER_HEXNIB
1188  83C7 ~                    pop     af
1189  83C7 ~                    and     #0F
1190  83C7 ~
1191  83C7 ~            GETVER_HEXNIB
1192  83C7 ~                    and     #0F
1193  83C7 ~                    add     a,'0'
1194  83C7 ~                    cp      '9'+1
1195  83C7 ~                    jr      c,.digit
1196  83C7 ~                    add     a,7
1197  83C7 ~            .digit
1198  83C7 ~                    push    bc
1199  83C7 ~                    call    GUI.T42
1200  83C7 ~                    pop     bc
1201  83C7 ~                    inc     c
1202  83C7 ~                    ret
1203  83C7 ~
1204  83C7 ~
1205  83C7 ~            GETVER_BC      dw 0
1206  83C7 ~            GETVER_DE      dw 0
1207  83C7 ~            GETVER_HL      dw 0
1208  83C7 ~            GETVER_IX      dw 0
1209  83C7 ~
1210  83C7 ~            GETVER_CALL    dc 16,70,"Calling GETVER..."
1211  83C7 ~            GETVER_OK      dc 16,68,"GETVER returned"
1212  83C7 ~            GETVER_BC_TXT  dc 16,70,"BC version ="
1213  83C7 ~            GETVER_DE_TXT  dc 16,70,"DE dirbuf  ="
1214  83C7 ~            GETVER_HL_TXT  dc 16,70,"HL genbuf  ="
1215  83C7 ~            GETVER_IX_TXT  dc 16,70,"IX bootbuf ="
1216  83C7 ~
1217  83C7 ~                    ELSE
1218  83C7 ~                    ld      a,%01000000
1219  83C7 ~                    out     (23),a
1220  83C7 ~                    ei
1221  83C7 ~                    ret
1222  83C7 ~                    ENDIF
1223  83C7 ~            */
1224  83C7
1225  83C7              	IFDEF ELEMENT
1226  83C7 ~            		call	#3C9E		; RAM + povolit zapis do BSDOS RAM
1227  83C7 ~            		ld	a,1		; aktualni BSDOS disk @1
1228  83C7 ~            		ld	(#03EE),a
1229  83C7 ~            		ld	a,#30		; BSDOS service #30 START
1230  83C7 ~            		rst	#20
1231  83C7 ~            		call	GUI.AUTOSYS_NOT_FOUND
1232  83C7 ~            		call	#3C98		; BSROM + zakaz zapisu
1233  83C7 ~            		xor	a
1234  83C7 ~            		jp	#3978		; velky 128K reset
1235  83C7              	ELSE
1236  83C7 3E 40        		ld	a,%01000000
1237  83C9 D3 17        		out	(23),a
1238  83CB FB           		ei
1239  83CC C9           		ret
1240  83CD              	ENDIF
1241  83CD
1242  83CD
1243  83CD              ;		ld	a,1		; aktualni BSDOS disk @1
1244  83CD              ;		ld	(#03EE),a
1245  83CD              ;		ld	a,#30		; BSDOS service #30 START
1246  83CD              ;		rst	#20		; pokud se AUTOSYS nenajde, sluzba se vrati
1247  83CD              ;	IFDEF INSTALL_STAGE_DIAG
1248  83CD              ;		ld	a,7		; bila: START se vratil
1249  83CD              ;		out	(#FE),a
1250  83CD              ;	ENDIF
1251  83CD              ;		call	GUI.AUTOSYS_NOT_FOUND
1252  83CD              ;		call	#3C98		; prepne na BSROM + zakaz zapisu
1253  83CD              ;		xor	a
1254  83CD              ;		jp	#3978		; velky 128K reset (BSROM 1.18/1.40)
1255  83CD              ;	ELSE
1256  83CD              ;		ld	a,%01000000
1257  83CD              ;		out	(23),a
1258  83CD              ;		ei
1259  83CD              ;		ret
1260  83CD              ;	ENDIF
1261  83CD
1262  83CD
1263  83CD
1264  83CD              ;------------------------------
1265  83CD              ;------------------------------
1266  83CD              ADR442
1267  83CD C3           		db	$c3		;stop DMA
1268  83CE 79           		db	$79		;r0 must be temporary B->A for Zilog DMA
1269  83CF 55 55        		dw	$5555		;rd:kam
1270  83D1 FF FF        		dw	$ffff		;dlzka
1271  83D3 14           		db	$14		;r1
1272  83D4 28           		db	$28		;r2
1273  83D5 80           		db	$80		;r3
1274  83D6 8D           		db	$8d		;r4
1275  83D7 6F 00        		dw	$006f		;rd:odkud (fdd)
1276  83D9 92           		db	$92		;r5 Zmena:Enable wait state
1277  83DA CF           		db	$cf		;zapis udajov do kanalu B
1278  83DB 01           		db	$01		;r0 rd:B->A wr:A->B
1279  83DC CF 87        		db	$cf,$87		;zapis udajov,start
1280  83DE
1281  83DE              ;------------------------------
1282  83DE              ;------------------------------
1283  83DE              ;adresa 62 v dos_bnk
1284  83DE              ADR62
1285  83DE 4F           		ld	c,a		;test, jestli je treba verify
1286  83DF 3A EF 03     		ld	a,(#03EF)	;to pujde do dosu urcite
1287  83E2 FE 05        		cp	5
1288  83E4 79           		ld	a,c
1289  83E5 D0           		ret	nc
1290  83E6 C3 63 14     		jp	#1463
1291  83E9
1292  83E9              CATALOG_HEADER_TEMPLATE
1293  83E9 53 31 20 42  	db	"S1 BS-DOS 308b * BUSY SOFT'19 P1"
1293  83ED 53 2D 44 4F
1293  83F1 53 20 33 30
1293  83F5 38 62 20 2A
1293  83F9 20 42 55 53
1293  83FD 59 20 53 4F
1293  8401 46 54 27 31
1293  8405 39 20 50 31
1294  8409              	ASSERT	$-CATALOG_HEADER_TEMPLATE = 32
1295  8409
1296  8409              ;------------------------------
1297  8409              ;------------------------------
1298  8409
1299  8409              	IFDEF SD_ONLY_PAGE98
1300  8409 ~            ; eLeMeNt ZX / MB03+ Slim - overeny jednopage most EasySD 1.0.1, pevne 97 <-> 98.
1301  8409 ~            ; Tyto bajty se kopiruji do BSDOS page 97. Jejich druha polovina je zrcadlena
1302  8409 ~            ; s EL variantou ADR16 v driver page 98, takze OUT(23),A bezpecne pokracuje
1303  8409 ~            ; na stejne logicke adrese v druhe strance.
1304  8409 ~            EL_DOS_LOW_BRIDGE_14
1305  8409 ~            		ld	(hl),b		; #0014
1306  8409 ~            		inc	a		; 97 -> 98
1307  8409 ~            		out	(23),a		; dalsi opcode z page 98: RET na #0018
1308  8409 ~            		jp	144		; #0018..#001A, pouzito pri behu v BSDOS page
1309  8409 ~            		ld	a,PAGE_SD_ONLY	; #001B: 98
1310  8409 ~            		out	(23),a		; page 98, dalsi opcode #001F = JR #0090
1311  8409 ~            		ret			; #001F jen zrcadlena BSDOS strana
1312  8409 ~            EL_DOS_LOW_BRIDGE_14_END
1313  8409 ~            EL_DOS_LOW_BRIDGE_14_LEN equ EL_DOS_LOW_BRIDGE_14_END-EL_DOS_LOW_BRIDGE_14
1314  8409 ~            		ASSERT	EL_DOS_LOW_BRIDGE_14_LEN = 12
1315  8409 ~
1316  8409 ~            EL_DOS_LOW_BRIDGE_23
1317  8409 ~            		out	(c),b		; #0023 start DMA
1318  8409 ~            		inc	a		; 97 -> 98
1319  8409 ~            		out	(23),a		; page 98, dalsi opcode #0028 = RET
1320  8409 ~            EL_DOS_LOW_BRIDGE_23_END
1321  8409 ~            EL_DOS_LOW_BRIDGE_23_LEN equ EL_DOS_LOW_BRIDGE_23_END-EL_DOS_LOW_BRIDGE_23
1322  8409 ~            		ASSERT	EL_DOS_LOW_BRIDGE_23_LEN = 5
1323  8409 ~
1324  8409 ~            EL_DOS_LOW_BRIDGE_2B
1325  8409 ~            		ld	b,(hl)		; #002B
1326  8409 ~            		db	#18,#F7		; JR #0025 -> INC A / OUT(23),A -> page 98 RET
1327  8409 ~            EL_DOS_LOW_BRIDGE_2B_END
1328  8409 ~            EL_DOS_LOW_BRIDGE_2B_LEN equ EL_DOS_LOW_BRIDGE_2B_END-EL_DOS_LOW_BRIDGE_2B
1329  8409 ~            		ASSERT	EL_DOS_LOW_BRIDGE_2B_LEN = 3
1330  8409              	ENDIF
1331  8409
1332  8409              ; EasySD 1.1 paging bridge - kompatibilni s nizkym ABI EasySD 1.0.1
1333  8409              ; -----------------------------------------------------------------------------
1334  8409              ; Port 23 prepne celou nizkou 16K okamzite. Kazdy prechod proto ma dve
1335  8409              ; zrcadlene poloviny na stejne logicke adrese. ACTIVE_PAGE je vzdy dynamicky
1336  8409              ; operand na page97:#001C; zadne INC A / predpoklad sousedni page se nepouziva.
1337  8409
1338  8409              ; #0014..#001F v BSDOS page 97.
1339  8409              DOS_LOW_BRIDGE_14
1340  8409 C3 72 03     		jp	DOS_WRITE_HELPER	; #0014: pokracovani RST #10 z driveru
1341  840C 00 00 00 00  		block	4,0			; #0017..#001A
1342  8410              DOS_DRIVER_ENTRY_SRC
1343  8410 3E 00        		ld	a,0			; #001B, operand #001C = ACTIVE_PAGE
1344  8412 D3 17        		out	(23),a		; #001D -> driver page, dalsi PC #001F
1345  8414 C9           		ret			; #001F jen pri navratu driver -> BSDOS
1346  8415              DOS_LOW_BRIDGE_14_END
1347  8415              DOS_LOW_BRIDGE_14_LEN	equ	DOS_LOW_BRIDGE_14_END-DOS_LOW_BRIDGE_14
1348  8415              DOS_DRIVER_ENTRY_END	equ	DOS_LOW_BRIDGE_14_END
1349  8415              DOS_DRIVER_ENTRY_LEN	equ	5
1350  8415              DOS_ACTIVE_PAGE	equ	#001C
1351  8415              		ASSERT	DOS_LOW_BRIDGE_14_LEN = 12
1352  8415
1353  8415              ; #0023..#0027: DMA bridge po OUT(23),A z driver adresy #0021.
1354  8415              DOS_LOW_BRIDGE_23
1355  8415 C3 6B 03     		jp	DOS_DMA_HELPER
1356  8418 00 00        		block	2,0
1357  841A              DOS_LOW_BRIDGE_23_END
1358  841A              DOS_LOW_BRIDGE_23_LEN	equ	DOS_LOW_BRIDGE_23_END-DOS_LOW_BRIDGE_23
1359  841A              		ASSERT	DOS_LOW_BRIDGE_23_LEN = 5
1360  841A
1361  841A              ; #002B..#002D: cteni bajtu z BSDOS RAM po prepnuti z driveru.
1362  841A              DOS_LOW_BRIDGE_2B
1363  841A C3 78 03     		jp	DOS_READ_HELPER
1364  841D              DOS_LOW_BRIDGE_2B_END
1365  841D              DOS_LOW_BRIDGE_2B_LEN	equ	DOS_LOW_BRIDGE_2B_END-DOS_LOW_BRIDGE_2B
1366  841D              		ASSERT	DOS_LOW_BRIDGE_2B_LEN = 3
1367  841D
1368  841D              DOS_ACTIVE_DEVICE	equ	#0032
1369  841D              DOS_PAGE_SD		equ	#0033
1370  841D              DOS_SD1_PARTITION	equ	#0034
1371  841D              DOS_SD2_PARTITION	equ	#0035
1372  841D              WP_CATALOG_ROUTER_ADDR	equ	#22F6
1373  841D              DOS_CF_PARTITION	equ	#3C90
1374  841D              DOS_INSTALL_SIGNATURE	equ	#3C91
1375  841D              DOS_INSTALL_SIGNATURE_LEN equ	4
1376  841D
1377  841D              ; Pomocne rutiny v proverenem volnem prostoru page97 #036B-#037D.
1378  841D              ; Kazdy OUT(23),A konci tesne pred RET na stejne adrese v driver page.
1379  841D              DOS_BANK_HELPERS_START	equ	#036B
1380  841D              DOS_DMA_HELPER		equ	#036B
1381  841D              DOS_WRITE_HELPER	equ	#0372
1382  841D              DOS_READ_HELPER	equ	#0378
1383  841D              DOS_BANK_HELPERS
1384  841D ED 41        		out	(c),b		; #036B..#036C
1385  841F 3A 1C 00     		ld	a,(DOS_ACTIVE_PAGE)	; #036D..#036F
1386  8422 D3 17        		out	(23),a		; #0370..#0371 -> driver #0372 RET
1387  8424
1388  8424 70           		ld	(hl),b		; #0372
1389  8425 3A 1C 00     		ld	a,(DOS_ACTIVE_PAGE)	; #0373..#0375
1390  8428 D3 17        		out	(23),a		; #0376..#0377 -> driver #0378 RET
1391  842A
1392  842A 46           		ld	b,(hl)		; #0378
1393  842B 3A 1C 00     		ld	a,(DOS_ACTIVE_PAGE)	; #0379..#037B
1394  842E D3 17        		out	(23),a		; #037C..#037D -> driver #037E RET
1395  8430              DOS_BANK_HELPERS_END
1396  8430              DOS_BANK_HELPERS_LEN	equ	DOS_BANK_HELPERS_END-DOS_BANK_HELPERS
1397  8430              		ASSERT	DOS_BANK_HELPERS_START+DOS_BANK_HELPERS_LEN = #037E
1398  8430              		ASSERT	DOS_SD2_PARTITION+1 = #0036
1399  8430
1400  8430              ; MB03+ puvodni funkcni vstupy v driver page.
1401  8430              DRIVER_DMA_SWITCH	equ	#0367
1402  8430              DRIVER_WRITE_SWITCH	equ	#036E
1403  8430              DRIVER_READ_SWITCH	equ	#0374
1404  8430
1405  8430              ;------------------------------
1406  8430              ;------------------------------
1407  8430
1408  8430              ;adresa 43 v dos_bnk
1409  8430
1410  8430              ;ADR43
1411  8430              ;		inir			;puvodni non-dma prenos
1412  8430              ;		inc	a
1413  8430              ;		out	(23),a
1414  8430
1415  8430              ;------------------------------
1416  8430              ;------------------------------
1417  8430
1418  8430              ;------------------------------
1419  8430              ;------------------------------
1420  8430
1421  8430              ;adresa 16 v hdd_bnk
1422  8430
1423  8430              ;INIR		equ	41
1424  8430              OTIR		equ	33
1425  8430
1426  8430              ADR16
1427  8430 F3           		di
1428  8431 AF           		xor	a
1429  8432 11 FF FF     		ld	de,65535
1430  8435 C3 05 00     		jp	5
1431  8438 45 61 73 79  		db	"EasySD10"
1431  843C 53 44 31 30
1432  8440
1433  8440              	IFDEF SD_ONLY_PAGE98
1434  8440 ~            ; eLeMeNt ZX / MB03+ Slim: overena zrcadlena nizka cast EasySD 1.0.1.
1435  8440 ~            ; Driver je vzdy v page 98 a BSDOS v page 97. SD1/SD2 nemeni stranku,
1436  8440 ~            ; pouze SDroutines.card_select a current_1st_sector.
1437  8440 ~            		ld	a,PAGE_BSDOS	; #0010
1438  8440 ~            		out	(23),a		; #0012 -> BSDOS #0014
1439  8440 ~            		ld	(hl),b		; #0014, zrcadlo (vykona se jen kdyby zustala driver page)
1440  8440 ~            		inc	a
1441  8440 ~            		out	(23),a
1442  8440 ~            		ret			; #0018, cil po BSDOS OUT 97->98
1443  8440 ~            		nop
1444  8440 ~            		nop
1445  8440 ~
1446  8440 ~            ; #001B: vstup BSDOS -> driver. BSDOS prepne 98, driver na #001F skoci #0090.
1447  8440 ~            		ld	a,PAGE_BSDOS
1448  8440 ~            		out	(23),a
1449  8440 ~            		db	#18,#6F		; #001F: JR #0090
1450  8440 ~
1451  8440 ~            ; #0021: DMA zrcadlo puvodniho driveru.
1452  8440 ~            		out	(23),a
1453  8440 ~            		out	(c),a
1454  8440 ~            		inc	a
1455  8440 ~            		out	(23),a
1456  8440 ~            		ret			; #0028
1457  8440 ~
1458  8440 ~            ; #0029/#002B: vycteni bajtu z BSDOS RAM do B.
1459  8440 ~            EL_DRIVER_READ_SWITCH
1460  8440 ~            		out	(23),a		; #0029
1461  8440 ~            EL_DRIVER_READ_ENTRY
1462  8440 ~            		ld	a,PAGE_BSDOS	; #002B
1463  8440 ~            		db	#18,#FA		; #002D: JR #0029
1464  8440              	ELSE
1465  8440              ; MB03+: puvodni funkcni bridge. Tyto bajty byly v predchozi 1.1 binarce
1466  8440              ; overene na CF <-> SD prepinani; nemeni se kvuli eLeMeNt/Slim upravam.
1467  8440 C3 6E 03     		jp	DRIVER_WRITE_SWITCH	; #0010 -> #036E
1468  8443 00 00 00...  		block	#001B-#0013,0
1469  844B
1470  844B              ; #001B: navrat do BSDOS page. Pri vstupu z BSDOSu se misto JR vykona
1471  844B              ; kod page 97 a prepne na aktivni driverovou stranku.
1472  844B 3E 61        		ld	a,PAGE_BSDOS
1473  844D D3 17        		out	(23),a
1474  844F 18 6F        		db	#18,#6F		; #001F: JR #0090
1475  8451
1476  8451              ; #0021: zachovany vstup OTIR.
1477  8451 C3 67 03     		jp	DRIVER_DMA_SWITCH	; #0021 -> #0367
1478  8454 00 00 00...  		block	#002B-#0024,0
1479  845B
1480  845B              ; #002B: vycteni bajtu z BSDOS page 97 do B (CALL 43).
1481  845B C3 74 03     		jp	DRIVER_READ_SWITCH	; #002B -> #0374
1482  845E              	ENDIF
1483  845E
1484  845E              ADR16_END
1485  845E              ADR16_LEN	equ	ADR16_END-ADR16
1486  845E              	IFDEF SD_ONLY_PAGE98
1487  845E ~            		ASSERT	ADR16_LEN = 47
1488  845E              	ELSE
1489  845E              		ASSERT	ADR16_LEN = 46
1490  845E              	ENDIF
1491  845E
1492  845E
1493  845E              ;adr41
1494  845E              ;musi byt ld  a,97
1495  845E              ;a taky ld bc,data_port
1496  845E              ;		out	(23),a
1497  845E              ;		inir
1498  845E              ;		inc	a
1499  845E              ;		out	(23),a
1500  845E              ;		ret
1501  845E
1502  845E              ;------------------------------
1503  845E              ;------------------------------
1504  845E              			;ver. 1.09, patch na opravu vypoctu volneho mista, v pripade ze formatujeme maximalni mozny format pro BSDOS308, t.j. 128x8x2
1505  845E              ;adr856 (#358)		;ver. 1.10
1506  845E              ;FREEDOS EQU #358	;ver. 1.12, ver. 1.10,here we place the patch
1507  845E              FREE2   EQU #1B7A	;routine that will be repaired
1508  845E
1509  845E C3 55 00     FREE_JP JP #55		;to be placed on #1B7A(FREE2)
1510  8461              ;FR2
1511  8461              ;	PHASE FREEDOS	;ver. 1.12
1512  8461 23           FRE2 INC HL		;to be placed at free space on #1CFB
1513  8462 F5                   PUSH AF
1514  8463 7C                   LD A,H
1515  8464 FE 34                CP #34
1516  8466 30 06                JR NC,YES
1517  8468 F1                   POP AF
1518  8469 A3                   AND E
1519  846A 3C                   INC A
1520  846B C3 7D 1B             JP #1B7D
1521  846E F1           YES     POP AF
1522  846F C3 7F 1B             JP #1B7F
1523  8472              FREE_SPEND
1524  8472              FREE_SPLEN=FREE_SPEND-FRE2
1525  8472              ;	DEPHASE		;ver. 1.12
1526  8472              PATCHEND		;end ver. 1.09
1527  8472
1528  8472              ;------------------------------
1529  8472              ;------------------------------
1530  8472
1531  8472              ;adresa 144 v dos_bnk
1532  8472
1533  8472
1534  8472              SEM
1535  8472              		DISP	144
1536  0090              ;;		DISP	SEM
1537  0090              ;;		put	SEM
1538  0090
1539  0090
1540  0090              ADR144D
1541  0090 E5           		push	hl
1542  0091 21 FF 00     		ld	hl,255
1543  0094 77           		ld	(hl),a
1544  0095 2B           		dec	hl
1545  0096 E3           		ex	(sp),hl
1546  0097
1547  0097 FE 0C        		cp	12
1548  0099              ;		jr	z,PRYC
1549  0099 38 04        		jr	c,SKIP1
1550  009B FE 0F        		cp	15
1551  009D 38 3E        		jr	c,SLUZ1214
1552  009F              SKIP1
1553  009F FE 12        		cp 18		;ver. 1.16, WRENA probehne pouze pokud byla predtim volana sluzba AKTIVE, vraci v a=0 pokud probehne, pokud ne, vraci 18
1554  00A1 28 08        		jr z,ACT	;end 1.16
1555  00A3
1556  00A3 FE 10        		cp	16
1557  00A5 28 2B        		jr	z,SETMLT
1558  00A7 FE 0F        		cp	15
1559  00A9 D0           		ret	nc
1560  00AA B7           		or	a
1561  00AB C9           ACT		ret
1562  00AC
1563  00AC 33           		inc	sp
1564  00AD 33           		inc	sp
1565  00AE              AAA
1566  00AE 28 0A        		jr	z,RDWRSEC
1567  00B0 FE 04        		cp	4
1568  00B2 DA 19 1D     		jp	c,LOOP12
1569  00B5 FE 06        		cp	6
1570  00B7 C3 0C 1D     		jp	adr144_cont	;ver 1.16, skok na #1DOC, zbytek rutiny umistujeme za patch volneho mista v dosu
1571  00BA              ;	cp 8		;ver. 1.11- pri volani cteni a zapisu stopy se vrat s chybou
1572  00BA              ;	ld a,#80
1573  00BA              ;	jr c,LO11
1574  00BA              ;LOOP12   cp   7
1575  00BA              ;         jr   z,RDWRSEC
1576  00BA              ;         xor  a
1577  00BA              ;LOOP12	xor a
1578  00BA              ;LO11      ret		;end 1.11
1579  00BA
1580  00BA
1581  00BA E5           RDWRSEC		push	hl
1582  00BB D5           		push	de
1583  00BC 47           		ld	b,a
1584  00BD ED 73 C8 00  		ld	(SP_ST+1),sp
1585  00C1 31 80 00     		ld	sp,128		;!!!
1586  00C4 CD 1B 00     		call	27		;rutina v im2 by radeji nemela strankovat rom...
1587  00C7 31 00 00     SP_ST		ld	sp,0		;im1 fpohode, nmi nevim
1588  00CA C5           		push	bc
1589  00CB CD D1 00     RUT		call	NIC
1590  00CE F1           		pop	af
1591  00CF D1           		pop	de
1592  00D0 E1           		pop	hl
1593  00D1 C9           NIC		ret
1594  00D2
1595  00D2
1596  00D2 7C           SETMLT		ld	a,h
1597  00D3 B5           		or	l
1598  00D4 20 03        		jr	nz,LOOP14
1599  00D6 21 D1 00     		ld	hl,NIC
1600  00D9 22 CC 00     LOOP14		ld	(RUT+1),hl
1601  00DC C9           		ret
1602  00DD
1603  00DD
1604  00DD              SLUZ1214
1605  00DD D5           		push	de
1606  00DE E5           		push	hl
1607  00DF 47           		ld	b,a
1608  00E0 ED 73 C8 00  		ld	(SP_ST+1),sp
1609  00E4 31 80 00     		ld	sp,128
1610  00E7 CD 1B 00     		call	27
1611  00EA ED 7B C8 00  		ld	sp,(SP_ST+1)
1612  00EE 78           		ld	a,b
1613  00EF E1           		pop	hl
1614  00F0 B7           		or	a
1615  00F1 20 03        		jr	nz,NO_NFO
1616  00F3 33           		inc	sp
1617  00F4 33           		inc	sp
1618  00F5 D5           		push	de
1619  00F6              NO_NFO
1620  00F6 D1           		pop	de
1621  00F7 FE FF        		cp	255
1622  00F9 C8           		ret	z
1623  00FA              ;nz=hned se vrat
1624  00FA              ;z=predej dal
1625  00FA              PRYC
1626  00FA 33           		inc	sp
1627  00FB 33           		inc	sp
1628  00FC C9           		ret
1629  00FD
1630  00FD              ;         nop		;oba nopy vyhodit, zvetsila se nam rutina AAA
1631  00FD 00                    nop		;ver 1.18
1632  00FE
1633  00FE              A1_254
1634  00FE 3E 55        		ld	a,85
1635  0100              ;tady je uz adresa 256
1636  0100
1637  0100
1638  0100              ;------------------------------
1639  0100              ; HDD banka
1640  0100              ;------------------------------
1641  0100              					ent
1642  84E2
1643  84E2
1644  84E2              SEM1     	;equ	$-ADR144D+SEM
1645  84E2              		disp	144
1646  0090              ;;		DISP	SEM1
1647  0090              ;;		put	SEM1
1648  0090
1649  0090              ;adresa 144 v hdd_bnk
1650  0090
1651  0090              ;tabulku musime presouvat jinam, protoze leze do kodu PITa
1652  0090 ~            /*
1653  0090 ~            KKK
1654  0090 ~            		jp	PRESKOC
1655  0090 ~
1656  0090 ~            TAB		equ	$-KKK+SEM1
1657  0090 ~            TAB_DRV
1658  0090 ~            		block	VDTLEN
1659  0090 ~            */
1660  0090              ;; obsluha sluzeb bsdosu
1661  0090              PRESKOC
1662  0090              	IFDEF DRIVER_STAGE_DIAG
1663  0090 ~            		push	af
1664  0090 ~            		ld	a,7		; bila: vstup do rezidentniho driveru
1665  0090 ~            		out	(#FE),a
1666  0090 ~            		pop	af
1667  0090              	ENDIF
1668  0090 E5           		push	hl
1669  0091 21 B5 00     		ld	hl,RET
1670  0094 E3           		ex	(sp),hl
1671  0095
1672  0095 78           		ld	a,b
1673  0096
1674  0096 FE 0C        		cp	12
1675  0098 28 35        		jr	z,AKTIVE1
1676  009A FE 0D        		cp	13
1677  009C 28 27        		jr	z,PASIVE1
1678  009E FE 0E        		cp	14
1679  00A0 28 17        		jr	z,INFO1
1680  00A2
1681  00A2 FE 04        		cp	4
1682  00A4              ; zmena, nyni se skace pouze na rutiny LBA
1683  00A4              ;SET_RDM
1684  00A4 CA CE 01     		jp	z,RD_SEC2
1685  00A7 FE 05        		cp	5
1686  00A9              ; zmena, nyni se skace pouze na rutiny LBA
1687  00A9
1688  00A9              ;SET_WRM1
1689  00A9 CA 05 02     		jp	z,WR_SEC2
1690  00AC              ;        cp   7			;ver. 1.11
1691  00AC              ;        jp   z,WR_TRK		;end 1.11
1692  00AC FE 12        	cp 18			;ver 1.16
1693  00AE 28 73        	jr z,WRENA		;end 1.16
1694  00B0 B7           	or a		;ver 1.18
1695  00B1 28 78        	jr z,bios_reset
1696  00B3 AF                    xor  a
1697  00B4
1698  00B4 C9                    ret
1699  00B5
1700  00B5
1701  00B5              RET
1702  00B5 47           		ld	b,a
1703  00B6 C3 1B 00     		jp	27
1704  00B9
1705  00B9
1706  00B9              ;---------
1707  00B9
1708  00B9 7B           INFO1		ld	a,e
1709  00BA CD 9B 02     		call	TST_DRV
1710  00BD 3E FF        		ld	a,255
1711  00BF C8           		ret	z
1712  00C0 11 09 FF      	        ld de,#FF09	        ;ver. 1.08, vracime v D pocet stop a v E do bitu 3 davame BS-DOSu info, ze se jedna o IDE zarizeni
1713  00C3              ;      		ld   de,128*256+3	;end 1.08, puv. hodnota ve verzi 1.05
1714  00C3 AF           		xor	a
1715  00C4 C9           		ret
1716  00C5
1717  00C5              ;---------
1718  00C5
1719  00C5 3E C9        PASIVE1		ld	a,201
1720  00C7 21 AB 00     		ld	hl,ACT
1721  00CA 47           		ld	b,a
1722  00CB D7           		rst	16
1723  00CC 3E FF        		ld	a,255
1724  00CE C9           		ret
1725  00CF
1726  00CF              ;---------
1727  00CF
1728  00CF              AKTIVE1
1729  00CF              	IFDEF DRIVER_STAGE_DIAG
1730  00CF ~            		push	af
1731  00CF ~            		ld	a,5		; cyan: BSDOS sluzba AKTIVE
1732  00CF ~            		out	(#FE),a
1733  00CF ~            		pop	af
1734  00CF              	ENDIF
1735  00CF CD C5 00     		call	PASIVE1
1736  00D2 7B           		ld	a,e
1737  00D3 32 E5 00     		ld (curd+1),a		;ver 1.16, end 1.16
1738  00D6
1739  00D6 CD 9B 02     		call	TST_DRV
1740  00D9 3E FF        		ld	a,255
1741  00DB C8           		ret	z
1742  00DC AF           		xor	a
1743  00DD 21 AB 00     		ld	hl,ACT
1744  00E0 47           		ld	b,a
1745  00E1 D7           		rst	16
1746  00E2              ;sem umistit vycteni boot sektoru	;ver 1.14
1747  00E2              ;	ld hl,rd512_1			;pro tento ucel treba patchnout rutinu RD512, aby nacitala sektor boot do stranky EH, nasledujici pouky pouzit tehdy, kdyz potrebuju cist do stranky EH
1748  00E2              ;	ld a,#ed
1749  00E2              ;	ld (hl),a
1750  00E2              ;	inc hl
1751  00E2              ;	ld a,#41
1752  00E2              ;	ld (hl),a
1753  00E2              ;	ld hl,mbbootsec		;adresa kam vycist boot sektor
1754  00E2
1755  00E2 3E 00        lastd	ld a,0			;ver 1.16, tady je cislo disku, se kterym se naposledy pracovalo. Pokud je AKTIVE volan se stale jednim a tim samym diskem, pak se nebude dit vycitani boot sektoru na #3800. Je to proto, protoze bsdos si na #3800 kesuje napr. DIRs sektor, a pocita s tim, ze disk nebyl vymenen a ze ten DIRs sektor na #3800 stale ma. No a pokud mu ho pokazde premazeme boot sektorem, tak pri SEARCH vyhodi chybu.
1756  00E4 1E 55        curd	ld e,#55		;je porovnavan posledni disk a soucasny disk. Pokud pracujeme s diskem poprve, vykonej sluzbu komplet (tzn. vycti boot sektor na #3800 a vycti z nej oba udaje) a zapamatuj si cislo disku. Pokud pracujeme s diskem, se kterym jsme uz pracovali, nic nedelej a vrat se s a=2.
1757  00E6 BB           	cp e
1758  00E7 7B           	ld a,e
1759  00E8 28 36        	jr z,akret
1760  00EA 32 E3 00     	ld (lastd+1),a		;end 1.16
1761  00ED
1762  00ED 3E C9        	ld a,#C9
1763  00EF 32 F3 01     	ld (rds2),a		;v RD_SEC2 nebudeme nic menit, jde jen o nacteni bootu
1764  00F2 21 00 38     	ld hl,#3800		;ctu do bufferu pro jeden sektor v bsdosu
1765  00F5 11 01 00     	ld de,1			;boot sektor
1766  00F8 CD CE 01     	call RD_SEC2
1767  00FB              ;	ld a,(mbbootsec+6)
1768  00FB F5           	push af
1769  00FC 3E C0        	ld a,#C0		;nastav RD_SEC2 aby pri nacteni boot sektoru na jakoukoliv adresu opravila bit write protectu, aby bsdos umel s timto diskem pracovat a nehazel chybu
1770  00FE 32 F3 01     	ld (rds2),a		;end 1.15
1771  0101 F1           	pop af
1772  0102 B7           	or a
1773  0103 3E 01        	ld a,1
1774  0105 C0           	ret nz			;vrat se ze sluzby AKTIVE s priznakem DISK NOT READY, pokud pri cteni sektoru nastala jakakoliv chyba
1775  0106 21 06 38     	ld hl,#3806		;vyctu pocet sektoru z boot sektoru z dosu
1776  0109 CD 2B 00     	call 43
1777  010C 78           	ld a,b
1778  010D 32 52 01     	ld (sctrk+1),a
1779  0110
1780  0110 21 0A 38     	ld hl,#380A		;ver 1.15, vyctu info o writeprotectu. 7.bit=0= zapis povolen, 1= zapis zakazan
1781  0113 CD 2B 00     	call 43
1782  0116 CB 78        	bit 7,b
1783  0118 3E 40        	ld a,%01000000		;ver 1.18, rovnou nastavime status WP pro BSDOS
1784  011A 20 01        	jr nz,ak1
1785  011C AF           	xor a			;nastavime WP interne pro EH
1786  011D              ;ak1	ld (TAB_DRV+4),a
1787  011D              ;	ld (TAB_DRV+4+(VDTLEN/2)),a
1788  011D 32 06 02     ak1	ld (WR_PROT+1),a
1789  0120              ;	ld hl,rd512_1		;vrat puvodni hodnoty
1790  0120              ;	ld a,#cd
1791  0120              ;	ld (hl),a
1792  0120              ;	inc hl
1793  0120              ;	ld a,#21
1794  0120              ;	ld (hl),a	;end ver 1.14
1795  0120 3E 02        akret	ld   a,2
1796  0122 C9                    ret
1797  0123
1798  0123              ;--------------------
1799  0123
1800  0123 AF           WRENA xor a			;ver 1.16, sluzba WRENA nastavi interne EH na prepis boot sektoru, i kdyz ma na offsetu #A, zakazany zapis, slouzi pro vypnuti write protectu
1801  0124 32 06 02     	ld (WR_PROT+1),a
1802  0127 32 E3 00     	ld (lastd+1),a
1803  012A C9           	ret			;end 1.16
1804  012B              ;------------------------------
1805  012B
1806  012B              bios_reset		;ver 1.18
1807  012B 21 22 02     	ld hl,#222
1808  012E CD 2B 00     	call 43
1809  0131 48           	ld c,b
1810  0132 2B           	dec hl
1811  0133 CD 2B 00     	call 43
1812  0136 3A 06 02     	ld a,(WR_PROT+1)	;v A nam sluzba AKTIVE primo nastavuje hotovy status pro BSDOS
1813  0139 C9           	ret		;end ver 1.18
1814  013A              ;------------------------------
1815  013A
1816  013A
1817  013A
1818  013A              ;------------------------------
1819  013A              ;vypocita log.cislo sektoru
1820  013A              ;z udaju pro disketu
1821  013A              ;hl se nezmeni, udaj je vlozen
1822  013A              ;primo do rutiny prepoc
1823  013A              ;SECT_NUM
1824  013A              ;
1825  013A              ;         push hl
1826  013A              ;         ld   l,d
1827  013A              ;         ld   h,0
1828  013A              ;         add  hl,hl
1829  013A              ;         add  hl,hl
1830  013A              ;         add  hl,hl
1831  013A              ;         add  hl,hl
1832  013A              ;*16
1833  013A              ;         ld   a,e
1834  013A              ;         dec  a
1835  013A              ;         and  %00000111
1836  013A              ;         bit  7,e
1837  013A              ;         jr   z,RDS1
1838  013A              ;         or   %00001000
1839  013A              ;RDS1
1840  013A              ;         or   l
1841  013A              ;         ld   l,a
1842  013A
1843  013A              ;hl = log. cislo sectoru
1844  013A              ;     pocita se od 0
1845  013A
1846  013A              ;ver 1.07, radne pocitani cisla sektoru, napsal Busy
1847  013A              SECT_NUM           ;Vstup: DE = fyzicke cislo sektora z BSDOSu
1848  013A E5                   push hl
1849  013B 21 06 23             ld hl,#2306
1850  013E CD 2B 00             call 43       ;skok na rutinu vycti
1851  0141 78                   ld a,b
1852  0142 32 52 01             ld (sctrk+1),a
1853  0145 AF                   xor a
1854  0146 47                   ld b,a
1855  0147 4A                   ld c,d
1856  0148 68                   ld l,b
1857  0149 60                   ld h,b
1858  014A 50                   ld d,b
1859  014B 7B                   ld a,e
1860  014C 83                   add a,e
1861  014D CB 11                rl c
1862  014F CB 10                rl b         ;BC=2*stopa+strana
1863  0151 3E 55        sctrk ld a,#55 ;A=sectrk
1864  0153 09           nasob   add hl,bc
1865  0154 3D                   dec a
1866  0155 20 FC                jr nz,nasob  ;hl=sectrk*(2*stopa+strana)
1867  0157 CB BB                res 7,e
1868  0159 1D                   dec e        ;e=sektor-1
1869  015A 19                   add hl,de    ;hl=sectrk*(2*stopa+strana)+(sektor-1)
1870  015B 29                   add hl,hl    ;hl=2*(sectrk*(2*stopa+strana)+(sektor-1))	;end 1.07
1871  015C
1872  015C              ;jeste se vynasobi dvema
1873  015C              ;harddisk ma sektor 512 bajtu
1874  015C              ;musime precist dva sektory
1875  015C
1876  015C 22 69 01     		ld	(PREPOC+1),hl
1877  015F 7C           		ld	a,h
1878  0160 E1           		pop	hl
1879  0161 E6 F0        		and	%11110000
1880  0163 C8           		ret	z
1881  0164
1882  0164 3E 10        		ld	a,%00010000
1883  0166 B7           		or	a
1884  0167 C9           		ret
1885  0168              ;seek error (zapis za hranici)
1886  0168              ;------------------------------
1887  0168
1888  0168              ;;;;;;;;;;;;;;;;;;;;;;;;;;;;;;;
1889  0168              ;pricte sector vyzadovany bsdosem k prvnimu LBA sectoru dane disk. jednotku
1890  0168              ;;;;;;;;;;;;;;;;;;;;;;;;;;;;;;;
1891  0168              PREP_LBA
1892  0168 21 00 00     PREPOC		ld	hl,0
1893  016B 11 00 00     LOW24		ld	de,0
1894  016E 19           		add	hl,de
1895  016F 11 00 00     HIG24		ld	de,0
1896  0172 30 01        		jr	nc,PREP2
1897  0174 13           		inc	de
1898  0175              ;b - hlavicka 219
1899  0175              ;c - sektor 207
1900  0175              ;de - cyl  e - 211, d -215
1901  0175              PREP2
1902  0175 EB           		ex	de,hl
1903  0176              ; vystup primo pro SD rutiny:
1904  0176              ; HL = horni 16 bitu LBA, DE = dolni 16 bitu LBA
1905  0176 C9           		ret
1906  0177
1907  0177              ; fyzicke cteni sectoru
1908  0177              READ1				;cteni sektoru z SD karty
1909  0177              ; vstup: IX=buffer, HL=horni 16 bitu LBA, DE=dolni 16 bitu LBA
1910  0177              	IFDEF DRIVER_STAGE_DIAG
1911  0177 ~            	push	af
1912  0177 ~            	ld	a,1		; modra: vstup do READ1
1913  0177 ~            	out	(#FE),a
1914  0177 ~            	pop	af
1915  0177              	ENDIF
1916  0177 DD E5        	push	ix
1917  0179 C1           	pop	bc
1918  017A ED 43 84 01  	ld	(rea1+1),bc
1919  017E E5           	push	hl		;horni 16 bitu LBA
1920  017F D5           	push	de		;dolni 16 bitu LBA
1921  0180              	IFDEF DRIVER_STAGE_DIAG
1922  0180 ~            	push	af
1923  0180 ~            	ld	a,3		; purpurova: prvni fyzicke SD_READ
1924  0180 ~            	out	(#FE),a
1925  0180 ~            	pop	af
1926  0180              	ENDIF
1927  0180 CD 33 10     	call	@SDroutines.SD_READ	;1x 512 bytes
1928  0183              	IFDEF DRIVER_STAGE_DIAG
1929  0183 ~            	push	af
1930  0183 ~            	ld	a,4		; zelena: prvni SD_READ se vratilo
1931  0183 ~            	out	(#FE),a
1932  0183 ~            	pop	af
1933  0183              	ENDIF
1934  0183 21 55 55     rea1	ld	hl,#5555
1935  0186 01 00 02     	ld	bc,512
1936  0189 09           	add	hl,bc
1937  018A E5           	push	hl
1938  018B DD E1        	pop	ix
1939  018D D1           	pop	de		;dolni reg
1940  018E E1           	pop	hl		;horni reg
1941  018F 13           	inc	de		;zvys sektor o 1
1942  0190 7A           	ld	a,d
1943  0191 B3           	or	e
1944  0192 20 01        	jr	nz,rea2
1945  0194 23           	inc	hl
1946  0195              rea2
1947  0195              	IFDEF DRIVER_STAGE_DIAG
1948  0195 ~            	push	af
1949  0195 ~            	ld	a,3		; purpurova: druhe fyzicke SD_READ
1950  0195 ~            	out	(#FE),a
1951  0195 ~            	pop	af
1952  0195              	ENDIF
1953  0195 CD 33 10     	call	@SDroutines.SD_READ	;1x 512 bytes, tj celkem 1024 bajtu=1 sektor BSDOSu
1954  0198              	IFDEF DRIVER_STAGE_DIAG
1955  0198 ~            	push	af
1956  0198 ~            	xor	a		; cerna: obe poloviny sektoru se vratily
1957  0198 ~            	out	(#FE),a
1958  0198 ~            	pop	af
1959  0198              	ENDIF
1960  0198 AF           	xor	a
1961  0199 C9           	ret			;later change to JP only.... call is for tetsing purposes
1962  019A
1963  019A
1964  019A ~            /*
1965  019A ~            READ1
1966  019A ~            		call	TST_BSY
1967  019A ~            		jp	nz,ERROR
1968  019A ~            		ld	a,b
1969  019A ~            ; nyni je navrdo LBA nastavuje se v rut. TST_DRV
1970  019A ~            HEA_RD1		or	%11100000
1971  019A ~            		out	(P_HEA),a
1972  019A ~            ;cislo hlavicky
1973  019A ~
1974  019A ~            		ld	a,2
1975  019A ~            		out	(P_HSE),a
1976  019A ~            ;pocet sektoru
1977  019A ~
1978  019A ~            		ld	a,c
1979  019A ~            		out	(P_NSE),a
1980  019A ~            ;cislo sektoru od 1
1981  019A ~
1982  019A ~            		ld	a,e
1983  019A ~            		out	(P_CYL),a
1984  019A ~            		ld	a,d
1985  019A ~            		out	(P_CYH),a
1986  019A ~            ;cislo cylindru
1987  019A ~
1988  019A ~            		ld	a,#20
1989  019A ~            ;		ld	a,#21		;LMN - #21 obsolete command
1990  019A ~            		out	(P_COM),a
1991  019A ~            ;read with retries
1992  019A ~
1993  019A ~            		call	TST_BSY
1994  019A ~            		jr	nz,ERROR
1995  019A ~
1996  019A ~            		call	RD_512
1997  019A ~
1998  019A ~            		call	TST_ERR
1999  019A ~            		jr	nz,ERROR
2000  019A ~
2001  019A ~            		call	TST_BSY
2002  019A ~            		jr	nz,ERROR
2003  019A ~
2004  019A ~            		call	RD_512
2005  019A ~
2006  019A ~            		call	TST_ERR
2007  019A ~            		jr	nz,ERROR
2008  019A ~
2009  019A ~            		xor	a
2010  019A ~            		ret
2011  019A ~            */
2012  019A              ;------------------------------
2013  019A              ; fyzicky zapis sectoru
2014  019A              WRITE1
2015  019A              ; vstup: IX=buffer, HL=horni 16 bitu LBA, DE=dolni 16 bitu LBA
2016  019A DD E5        	push	ix
2017  019C C1           	pop	bc
2018  019D ED 43 A7 01  	ld	(wri1+1),bc
2019  01A1 E5           	push	hl		;horni 16 bitu LBA
2020  01A2 D5           	push	de		;dolni 16 bitu LBA
2021  01A3 CD 5D 10     	call	@SDroutines.SD_WRITE
2022  01A6 21 55 55     wri1	ld	hl,#5555
2023  01A9 01 00 02     	ld	bc,512
2024  01AC 09           	add	hl,bc
2025  01AD E5           	push	hl
2026  01AE DD E1        	pop	ix
2027  01B0 D1           	pop	de		;dolni reg
2028  01B1 E1           	pop	hl		;horni reg
2029  01B2 13           	inc	de		;zvys sektor o 1
2030  01B3 7A           	ld	a,d
2031  01B4 B3           	or	e
2032  01B5 20 01        	jr	nz,wri2
2033  01B7 23           	inc	hl
2034  01B8 CD 5D 10     wri2	call	@SDroutines.SD_WRITE	;1x 512 bytes, tj celkem 1024 bajtu=1 sektor BSDOSu
2035  01BB AF           	xor	a
2036  01BC C9           	ret			;later change to JP only.... call is for tetsing purposes
2037  01BD
2038  01BD
2039  01BD ~            /*
2040  01BD ~            WRITE1
2041  01BD ~
2042  01BD ~            		call	TST_BSY
2043  01BD ~            		jr	nz,ERROR
2044  01BD ~
2045  01BD ~            		ld	a,b
2046  01BD ~            ; nyni je navrdo LBA nastavuje se v rut. TST_DRV
2047  01BD ~            HEA_WR1		or	%11100000
2048  01BD ~            		out	(P_HEA),a
2049  01BD ~            ;hlavicka
2050  01BD ~
2051  01BD ~            		ld	a,2
2052  01BD ~            		out	(P_HSE),a
2053  01BD ~            ;pocet sektoru
2054  01BD ~            		ld	a,c
2055  01BD ~            		out	(P_NSE),a
2056  01BD ~            ;cislo sektoru od 1
2057  01BD ~            		ld	a,e
2058  01BD ~            		out	(P_CYL),a
2059  01BD ~            		ld	a,d
2060  01BD ~            		out	(P_CYH),a
2061  01BD ~            ;cislo cylindru
2062  01BD ~            		ld	a,#30
2063  01BD ~            ;		ld	a,#31		;LMN - #31 obsolete command
2064  01BD ~            		out	(P_COM),a
2065  01BD ~            ;write with retries
2066  01BD ~
2067  01BD ~            		call	TST_BSY
2068  01BD ~            		jr	nz,ERROR
2069  01BD ~
2070  01BD ~            		call	WR_512
2071  01BD ~
2072  01BD ~            		call	TST_BSY
2073  01BD ~            		jr	nz,ERROR
2074  01BD ~            		call	TST_ERR
2075  01BD ~            		jr	nz,ERROR
2076  01BD ~
2077  01BD ~            		call	WR_512
2078  01BD ~
2079  01BD ~            		call	TST_BSY
2080  01BD ~            		jr	nz,ERROR
2081  01BD ~            		call	TST_ERR
2082  01BD ~            		jr	nz,ERROR
2083  01BD ~
2084  01BD ~
2085  01BD ~            		xor	a
2086  01BD ~            		ret
2087  01BD ~            */
2088  01BD              ;------------------------------
2089  01BD              ; fyzicky zapis tracku		;ver 1.11- vyhozen pryc, v praci s hdd netreba
2090  01BD              ;
2091  01BD              ;WR_TRK
2092  01BD              ;		ld	a,e
2093  01BD              ;		and	128
2094  01BD              ;		ld	e,a
2095  01BD              ;		xor	a
2096  01BD              ;WTRK1
2097  01BD              ;		inc	e
2098  01BD              ;		push	de
2099  01BD              ;		push	hl
2100  01BD              ;		push	af
2101  01BD              ; zmena, nyni se skace pouze na rutiny LBA
2102  01BD              ;SET_WRM2
2103  01BD              ;		call	WR_SEC2
2104  01BD              ;		pop	af
2105  01BD              ;		pop	hl
2106  01BD              ;		ld	de,1024
2107  01BD              ;		add	hl,de
2108  01BD              ;		pop	de
2109  01BD              ;		inc	a
2110  01BD              ;		cp	9
2111  01BD              ;pocet sektoru -1
2112  01BD              ;		jr	nz,WTRK1
2113  01BD              ;
2114  01BD              ;		ret		;end 1.11
2115  01BD
2116  01BD              ERROR
2117  01BD FE FF        		cp	255
2118  01BF 20 03        		jr	nz,ERR1
2119  01C1 3E 01        		ld	a,1
2120  01C3 C9           		ret
2121  01C4              ERR1
2122  01C4 E6 53        		and	%01010011
2123  01C6 28 03        		jr	z,ERR2
2124  01C8 3E 08        		ld	a,8
2125  01CA C9           		ret
2126  01CB              ERR2
2127  01CB 3E 80        		ld	a,128
2128  01CD C9           		ret
2129  01CE
2130  01CE              ;------------------------------
2131  01CE              ;-------- LBA MODE 010 --------
2132  01CE              ;------------------------------
2133  01CE
2134  01CE              RD_SEC2
2135  01CE              ; prepocita log. cislo BSDOS diskety na log. cislo hdd
2136  01CE              	IFDEF DRIVER_STAGE_DIAG
2137  01CE ~            	push	af
2138  01CE ~            	ld	a,2		; cervena: vstup do RD_SEC2
2139  01CE ~            	out	(#FE),a
2140  01CE ~            	pop	af
2141  01CE              	ENDIF
2142  01CE 22 E9 01     	ld (rdadr+1),hl			;ver 1.15- opatreni write protectu, oprava a nahrada verzi 1.16
2143  01D1 ED 53 EC 01  	ld (rds1+1),de
2144  01D5
2145  01D5 CD 3A 01     		call	SECT_NUM
2146  01D8 C0           		ret	nz
2147  01D9
2148  01D9              ; pricte pozadovany pocet LBA sektoru
2149  01D9              ; HL je adresa bufferu, proto ji dame rovnou do IX.
2150  01D9              ; PREP_LBA pak vrati LBA primo jako HLDE pro SD_READ.
2151  01D9 DD E5        		push	ix
2152  01DB E5           		push	hl
2153  01DC DD E1        		pop	ix
2154  01DE CD 68 01     		call	PREP_LBA
2155  01E1              ; cte
2156  01E1 CD 77 01     		call	READ1
2157  01E4 DD E1        		pop	ix
2158  01E6 B7           	or a		;ver 1.17
2159  01E7 C0           	ret nz		;vrat se, doslo-li pri cteni k chybe
2160  01E8 21 55 55     rdadr	ld hl,#5555	;nove ver 1.16, oprava push/popu. V HL a DE budou adresa pameti a fyzicky sektor posledniho cteni.
2161  01EB 11 55 55     rds1	ld de,#5555
2162  01EE 1B           	dec de
2163  01EF 7A           	ld a,d
2164  01F0 B3           	or e
2165  01F1 3E 00        	ld a,0		;signalizace cteni bez chyby
2166  01F3 C0           rds2	ret nz		;ret nz=#C0, ret=#C9. Ver 1.17 default je #C0=RET NZ
2167  01F4 7C           	ld a,h		;ver 1.17
2168  01F5 FE 40        	cp #40
2169  01F7 30 0A        	jr nc,rds3	;nahravame do RAM>#4000, takze nic v boot sektoru menit nebudeme
2170  01F9              			;nahravame boot sektor do dosu, a tam menit info o WP budeme, end 1.17
2171  01F9 11 0A 00     	ld de,#A
2172  01FC 19           	add hl,de
2173  01FD CD 2B 00     	call 43
2174  0200 CB B8        	res 7,b
2175  0202 D7           	rst 16
2176  0203 AF           rds3	xor a
2177  0204
2178  0204 C9           		ret
2179  0205
2180  0205              ;------------------------------
2181  0205
2182  0205              WR_SEC2
2183  0205              ;		ld	a,(WR_PROT+1)
2184  0205              ;zde se testoval write protect, musi se dodelat
2185  0205 3E 00        WR_PROT 	ld	a,0
2186  0207 B7           		or	a
2187  0208 3E 40        		ld	a,%01000000 ; status pro Bsdos - writeprotect
2188  020A C0           		ret	nz
2189  020B
2190  020B CD 3A 01     		call	SECT_NUM
2191  020E C0           		ret	nz
2192  020F
2193  020F              ; HL je adresa bufferu -> IX, PREP_LBA vrati LBA primo jako HLDE
2194  020F DD E5        		push	ix
2195  0211 E5           		push	hl
2196  0212 DD E1        		pop	ix
2197  0214 CD 68 01     		call	PREP_LBA
2198  0217
2199  0217 CD 9A 01     		call	WRITE1
2200  021A DD E1        		pop	ix
2201  021C
2202  021C C9           		ret
2203  021D
2204  021D
2205  021D              ;------------------------------
2206  021D              ;---- END OF LBA MODE 010 -----
2207  021D              ;------------------------------
2208  021D
2209  021D
2210  021D
2211  021D              ;------------------------------
2212  021D
2213  021D              TST_BSY
2214  021D E5           		push	hl
2215  021E C5           		push	bc
2216  021F 21 00 00     		ld	hl,0
2217  0222
2218  0222              TST1
2219  0222 2B           		dec	hl
2220  0223 7D           		ld	a,l
2221  0224 B4           		or	h
2222  0225 28 0D        		jr	z,TOUT1
2223  0227 DB BF        P84		in	a,(P_COM)
2224  0229 3C           		inc	a
2225  022A 28 FB        		jr	z,P84
2226  022C 3D           		dec	a
2227  022D CB 7F        		bit	7,a
2228  022F 20 F1        		jr	nz,TST1
2229  0231 C1           		pop	bc
2230  0232 E1           		pop	hl
2231  0233 C9           		ret
2232  0234              TOUT1
2233  0234 3E FF        		ld	a,255
2234  0236 B7           		or	a
2235  0237 C1           		pop	bc
2236  0238 E1           		pop	hl
2237  0239 C9           		ret
2238  023A
2239  023A              ;------------------------------
2240  023A
2241  023A              TST_ERR
2242  023A DB BF        P85		in	a,(P_COM)
2243  023C 3C           		inc	a
2244  023D 28 FB        		jr	z,P85
2245  023F 3D           		dec	a
2246  0240 E6 01        		and	1
2247  0242 C8           		ret	z
2248  0243 DB A7        		in	a,(P_ERR)
2249  0245 C9           		ret
2250  0246
2251  0246              ;------------------------------
2252  0246
2253  0246              ;------------------------------
2254  0246
2255  0246
2256  0246              RD_512
2257  0246 22 69 02     		ld	(DMA_ADR1),hl
2258  0249 E5           		push	hl
2259  024A 21 5F 02     		ld	hl,DMA_IN
2260  024D              ;		ld	bc,14*256+DMA
2261  024D 01 0B 0F     		ld	bc,((DMA_INEND-DMA_IN)*256)+DMA
2262  0250 ED B3        		otir
2263  0252 3E 61        		ld	a,PAGE_BSDOS
2264  0254 06 87        		ld	b,#87
2265  0256 CD 21 00     		call	OTIR
2266  0259              ; start DMA transfer
2267  0259 E1           		pop	hl
2268  025A 01 00 02     		ld	bc,512
2269  025D 09           		add	hl,bc
2270  025E C9           		ret
2271  025F
2272  025F C3           DMA_IN		db	195		;WR6-reset
2273  0260 7D           		db	%01111101	;WR0 A->B, transfer
2274  0261 C3 00        		dw	P_DAT		;source port
2275  0263 FF 01        		dw	511		;lenght
2276  0265
2277  0265              ;		db	%00101100	;WR1 A-port,A-fixed
2278  0265 6C           		db	%01101100	;WR1 A-port,A-fixed,variable cycle
2279  0266              ;		db	%11001110 	;2T no early cycle ends
2280  0266 CD           		db	%11001101 	;3T no early cycle ends
2281  0267
2282  0267 10           		db	%00010000	;WR2 B-memory, B-increment - standard cycle
2283  0268              ;		db	%01010000	;WR2 B-memory, B-increment,variable cycle
2284  0268              ;		db	%11001110	;2T no early cycle ends
2285  0268
2286  0268 AD           		db	%10101101	;WR4 continuous,
2287  0269 00 00        DMA_ADR1	dw	0		;destination
2288  026B 92           		db	%10010010	;WR5 ready low,CE/WAIT,stop on end of block
2289  026C CF           		db	#CF		;WR6 load
2290  026D B3           		db	#B3		;WR6 force ready
2291  026E              DMA_INEND
2292  026E              ;-------------
2293  026E
2294  026E              WR_512
2295  026E 22 94 02     		ld	(DMA_ADR2),hl
2296  0271 E5           		push	hl
2297  0272 21 89 02     		ld	hl,DMA_OUT
2298  0275 01 0B 12     		ld	bc,((DMA_OUTEND-DMA_OUT)*256)+DMA
2299  0278 3E 61        		ld	a,PAGE_BSDOS
2300  027A ED B3        		otir
2301  027C 3E 61        		ld	a,PAGE_BSDOS
2302  027E 06 87        		ld	b,#87
2303  0280 CD 21 00     		call	OTIR
2304  0283 E1           		pop	hl
2305  0284 01 00 02     		ld	bc,512
2306  0287 09           		add	hl,bc
2307  0288 C9           		ret
2308  0289              ; nova sekvence o pro DMAOUT kompatibilni s orig. Z80DMA
2309  0289              DMA_OUT
2310  0289 C3           		db	#C3		;WR6-reset
2311  028A 01           		db	%00000001	;WR0-Temporarily declare Port B as source in WR0 (bit 2 = 0)
2312  028B
2313  028B 14           		db	%00010100	;WR1-PA memory,increment, - standard cycle
2314  028C              ;		db	%01010100	;WR1-PA memory,increment,variable cycle
2315  028C              ;		db	%11001110	;2T no early cycle ends
2316  028C
2317  028C              ;		db	%00101000	;WR2-PB io, fixed,
2318  028C 68           		db	%01101000	;WR2-PB io, fixed, variable cycle
2319  028D              ;		db	%11001110	;2T no early cycle ends
2320  028D CD           	    db	%11001101 	;3T no early cycle ends
2321  028E
2322  028E 80           		db	%10000000	;WR3
2323  028F AD           		db	%10101101	;WR4-Write Port B (fixed destination) address to WR4.
2324  0290 C3 00        		dw	P_DAT
2325  0292 CF           		db	#CF		;WR6-load
2326  0293 7D           		db	%01111101	;WR0-transfer,portAtoB,block length
2327  0294 00 00        DMA_ADR2	dw	0
2328  0296 FF 01        		dw	511
2329  0298 92           		db	%10010010	;WR5-stop on end,/CE/WAIT,Ready low
2330  0299 CF           		db	#CF		;WR6-load
2331  029A B3           		db	#B3		;WR6-force ready
2332  029B              DMA_OUTEND
2333  029B
2334  029B              ;DMA_out	db	195
2335  029B              ; reset
2336  029B
2337  029B              ;		db	#C7
2338  029B              ; reset PA timing
2339  029B              ;		db	#CB
2340  029B              ; reset PB timing
2341  029B
2342  029B              ;		db	%01111101	;WR0 transfer,portA,block length
2343  029B              ;DMA_ADR2	dw	0
2344  029B              ;		dw	511
2345  029B              ; transfer,PA->PB
2346  029B              ; start adr
2347  029B              ; block length
2348  029B              ;		db	%00010100	;WR1
2349  029B              ; PA is memory,inc
2350  029B              ;		db	%00101000	;WR2
2351  029B              ; PB is IO,fixed
2352  029B
2353  029B              ;		db	%11000100
2354  029B              ; ?
2355  029B
2356  029B              ;		db	%10101101	;WR4
2357  029B              ;		dw	P_DAT
2358  029B              ; continuous
2359  029B              ; starting address
2360  029B              ;		db	%10010010	;WR5
2361  029B              ; stop on end,/CE/WAIT,Ready lo
2362  029B              ;		db	#CF		;WR6
2363  029B              ; load
2364  029B              ;		db	#B3
2365  029B              ; force ready
2366  029B
2367  029B              ;------------------------------
2368  029B
2369  029B              ; tady se musi podle cisla disk. jednotky (napr. @4) urcit master/slave a cislo LBA sectoru
2370  029B              ; 3-127 master
2371  029B              ; 131-255 slave
2372  029B              ; 0,1,2,128,129,130 ret z a mozna a=0 jako nepouzite jednotky
2373  029B              ;;uprava pro pouziti na MB03+ kde je jenom master, zato muzou byt jednotky 3-255
2374  029B              TST_DRV
2375  029B
2376  029B 57           		ld	d,a		;schovam a
2377  029C B7           		or	a		;disk 0 je neplatny, ostatni jsou ok
2378  029D              ;		inc	a
2379  029D              ;;		jr	z,slave		;@255 je OK a je slave
2380  029D              ;;		jr	master		;zatim natvrdo, pak vyresit, aby disky 0,1,2 fungovaly
2381  029D              ;;;		jr	z,master	;@255 je OK
2382  029D              ;;					and %01111111
2383  029D              ;;					jr z,master ;@127 je OK
2384  029D              ;;					and %01111100
2385  029D              ;;		and	%11111100
2386  029D              ;;		ret	z		;test jednotek 0,1,2,128,129,130 ret z
2387  029D C8           		ret	z		;; jednotky 0,1,2
2388  029E              ;;		bit	7,d		;test master/slave
2389  029E              ;;		jr	nz,slave
2390  029E
2391  029E
2392  029E ~            /*
2393  029E ~            ;master		ld	hl,TAB_DRV+1	;VDT tabulka
2394  029E ~            		ld	a,(hl)
2395  029E ~            		or	a
2396  029E ~            		ret	z		;master disk neexistuje, testuje se pocest sectoru disku uvedeneho v VDT
2397  029E ~            		push	hl		;VDT tabulka
2398  029E ~            */
2399  029E              ;		ld	a,%11100000
2400  029E              ;		ld	(HEA_RD1+1),a	;davame pryc zatim, pro SD verzi
2401  029E              ;		ld	(HEA_WR1+1),a	;nastaveni master	;davame pryc zatim, pro SD verzi
2402  029E
2403  029E              ;		ld a,(TAB_DRV+4)	;ver 1.16- zruseno, obsluha WP byla presunuta do rutiny AKTIVE
2404  029E              ;		ld (WR_PROT+1),a ; nastaveni WriteProtect, end 1.16
2405  029E
2406  029E 7A           		ld	a,d
2407  029F 3D           		dec	a		;snizime, abychom se dostali na spravny disk. Zaciname diskem 1.
2408  02A0
2409  02A0 11 00 00     		ld	de,0
2410  02A3 21 00 10     		ld	hl,4096		;4096x512=delka jednoho MBD image
2411  02A6 CD BD 02     		call	MUL32x8
2412  02A9              					;DEHL= vysledek
2413  02A9 D9           		exx
2414  02AA ~            /*
2415  02AA ~            ;		ld	hl,VDT+1	;zatim to bereme z prvni partisny, vyresit
2416  02AA ~            ;		inc	hl
2417  02AA ~            		pop	hl
2418  02AA ~            		ld	c,(hl)
2419  02AA ~            		inc	hl
2420  02AA ~            		ld	b,(hl)
2421  02AA ~            		inc	hl
2422  02AA ~            		ld	e,(hl)
2423  02AA ~            		inc	hl
2424  02AA ~            		ld	d,(hl)
2425  02AA ~            		ld	l,c
2426  02AA ~            		ld	h,b
2427  02AA ~            */
2428  02AA              current_1st_sector			;dulezite, tady je aktualne vybrana partisna/1 datovy sektor
2429  02AA 21 55 55     		ld	hl,#5555	;nizsi LBA
2430  02AD 11 55 55     		ld	de,#5555	;vyssi LBA
2431  02B0              	IFNDEF DRIVER_STAGE_DIAG
2432  02B0              		ASSERT	current_1st_sector+1 = #02AB
2433  02B0              		ASSERT	current_1st_sector+4 = #02AE
2434  02B0              	ENDIF
2435  02B0
2436  02B0 CD 0D 03     		call	ADD32_32
2437  02B3 22 6C 01     		ld	(LOW24+1),hl
2438  02B6 ED 53 70 01  		ld	(HIG24+1),de
2439  02BA AF           		xor	a		;set NZ
2440  02BB 3C           		inc	a
2441  02BC C9           		ret
2442  02BD
2443  02BD ~            /*piseme pro EasySD- pro 32 bajtove pocitani
2444  02BD ~            ;		dec	a		;dulezite, temito dvema dec a snizujeme disky od 1
2445  02BD ~            ;		dec	a
2446  02BD ~            		dec	a		;odecteme 3 protoze HDD jednotky zacinaji az od 3
2447  02BD ~            ; A je cislo jednotky uz od nuly napr. 1 (odpovida jednotce @4)
2448  02BD ~
2449  02BD ~            		ld	l,a
2450  02BD ~            		ld	h,0
2451  02BD ~            		ld	d,h
2452  02BD ~            		add	hl,hl
2453  02BD ~            		add	hl,hl
2454  02BD ~            		add	hl,hl
2455  02BD ~            		add	hl,hl
2456  02BD ~            ; A je vynasobeno 16 a ulozeno do HL (16*256=4096 LBA sertoru= 2MB na jednotku)
2457  02BD ~
2458  02BD ~            		ld	a,(TAB_DRV+6)
2459  02BD ~            		ld	e,a
2460  02BD ~            ; vytahneme z VDT vyssi byte adresy prvniho sectoru prvni jednotky, mel by to byt zaroven prvni sector prvniho souboru na HDD
2461  02BD ~
2462  02BD ~            		add	hl,de
2463  02BD ~            ; pricteme k L
2464  02BD ~            		ld	a,(TAB_DRV+5)
2465  02BD ~            		ld	e,a
2466  02BD ~            ; vytahneme z VDT nizsi byte adresy
2467  02BD ~
2468  02BD ~            		ld	d,l
2469  02BD ~            		ld	l,h
2470  02BD ~            		ld	h,0
2471  02BD ~            ; spravne usporadame pro LBA24 (registry lde)
2472  02BD ~            		ld	(LOW24+1),de
2473  02BD ~            		ld	(HIG24+1),hl
2474  02BD ~
2475  02BD ~            		ld	a,e
2476  02BD ~            		or	d
2477  02BD ~            		or	l
2478  02BD ~            ; jeste test jestli lde<>0, je v podstate zbytecny, ale musi byt nz
2479  02BD ~            		ret
2480  02BD ~            */
2481  02BD
2482  02BD ~            /*
2483  02BD ~            ;slave rusime, bude jen 1 karta, zatim
2484  02BD ~            ; ted to same pro slave
2485  02BD ~            slave		ld	hl,TAB_DRV+(VDTLEN/2)
2486  02BD ~            		ld	a,(hl)
2487  02BD ~            		or	a
2488  02BD ~            		ret	z		;slave disk neexistuje
2489  02BD ~
2490  02BD ~            		ld	a,%11110000
2491  02BD ~            ;;;		ld	(HEA_RD1+1),a	;davame pryc zatim, pro SD verzi
2492  02BD ~            ;;;		ld	(HEA_WR1+1),a	;nastaveni slave	;davame pryc zatim, pro SD verzi
2493  02BD ~
2494  02BD ~            ;		ld a,(TAB_DRV+4+(VDTLEN/2))	;ver 1.16- zruseno, obsluha WP byla presunuta do rutiny AKTIVE
2495  02BD ~            ;		ld (WR_PROT+1),a ; nastaveni WriteProtect, end 1.16
2496  02BD ~
2497  02BD ~            		res	7,d		;slave nutno zrusit bit 7
2498  02BD ~            		ld	a,d
2499  02BD ~            		dec	a
2500  02BD ~            		dec	a
2501  02BD ~            		dec	a		;odecteme 3 protoze HDD jednotky zacinaji az od 3
2502  02BD ~            ; A je cislo jednotky uz od nuly napr. 1 (odpovida jednotce @4)
2503  02BD ~
2504  02BD ~            		ld	l,a
2505  02BD ~            		ld	h,0
2506  02BD ~            		ld	d,h
2507  02BD ~            		add	hl,hl
2508  02BD ~            		add	hl,hl
2509  02BD ~            		add	hl,hl
2510  02BD ~            		add	hl,hl
2511  02BD ~            ; A je vynasobeno 16 a ulozeno do HL (16*256=4096 LBA sertoru= 2MB na jednotku)
2512  02BD ~
2513  02BD ~            		ld	a,(TAB_DRV+6+(VDTLEN/2))
2514  02BD ~            		ld	e,a
2515  02BD ~            ; vytahneme z VDT vyssi byte adresy prvniho sectoru prvni jednotky, mel by to byt zaroven prvni sector prvniho souboru na HDD
2516  02BD ~
2517  02BD ~            		add	hl,de
2518  02BD ~            ; pricteme k L
2519  02BD ~            		ld	a,(TAB_DRV+5+(VDTLEN/2))
2520  02BD ~            		ld	e,a
2521  02BD ~            ; vytahneme z VDT nizsi byte adresy
2522  02BD ~
2523  02BD ~            		ld	d,l
2524  02BD ~            		ld	l,h
2525  02BD ~            		ld	h,0
2526  02BD ~            ; spravne usporadame pro LBA24 (registry lde)
2527  02BD ~            		ld	(LOW24+1),de
2528  02BD ~            		ld	(HIG24+1),hl
2529  02BD ~
2530  02BD ~            		ld	a,e
2531  02BD ~            		or	d
2532  02BD ~            		or	l
2533  02BD ~            ; jeste test jestli lde<>0, je v podstate zbytecny, ale musi byt nz
2534  02BD ~            		ret
2535  02BD ~            konec ruseni slave*/
2536  02BD
2537  02BD              ;------------------------------------------------------------------------------
2538  02BD              ; Matematicke rutiny - fyzicka kopie pro hlavni cast EasySD (MODULE MAIN)
2539  02BD              ;------------------------------------------------------------------------------
2540  02BD              MUL32x8:
2541  02BD              	MATH_MUL32x8
2541  02BD DD E5       >        push    ix
2541  02BF             >
2541  02BF 22 F4 02    >        ld      (.value),hl
2541  02C2 ED 53 F6 02 >        ld      (.value+2),de
2541  02C6             >
2541  02C6 47          >        ld      b,a
2541  02C7 DD 2E 08    >        ld      ixl,8
2541  02CA             >
2541  02CA 11 00 00    >        ld      de,0
2541  02CD 21 00 00    >        ld      hl,0
2541  02D0             >
2541  02D0             >.loop:
2541  02D0 29          >        add     hl,hl
2541  02D1 CB 13       >        rl      e
2541  02D3 CB 12       >        rl      d
2541  02D5             >
2541  02D5 CB 20       >        sla     b
2541  02D7 30 14       >        jr      nc,.next
2541  02D9             >
2541  02D9 3A F4 02    >        ld      a,(.value)
2541  02DC 85          >        add     a,l
2541  02DD 6F          >        ld      l,a
2541  02DE             >
2541  02DE 3A F5 02    >        ld      a,(.value+1)
2541  02E1 8C          >        adc     a,h
2541  02E2 67          >        ld      h,a
2541  02E3             >
2541  02E3 3A F6 02    >        ld      a,(.value+2)
2541  02E6 8B          >        adc     a,e
2541  02E7 5F          >        ld      e,a
2541  02E8             >
2541  02E8 3A F7 02    >        ld      a,(.value+3)
2541  02EB 8A          >        adc     a,d
2541  02EC 57          >        ld      d,a
2541  02ED             >
2541  02ED             >.next:
2541  02ED DD 2D       >        dec     ixl
2541  02EF 20 DF       >        jr      nz,.loop
2541  02F1             >
2541  02F1 DD E1       >        pop     ix
2541  02F3 C9          >        ret
2541  02F4             >
2541  02F4             >.value:
2541  02F4 00 00 00 00 >        ds      4
2542  02F8
2543  02F8              ADD32_16:
2544  02F8              	MATH_ADD32_16
2544  02F8 09          >        add     hl,bc
2544  02F9 D0          >        ret     nc
2544  02FA             >
2544  02FA 13          >        inc     de
2544  02FB C9          >        ret
2545  02FC
2546  02FC              SUB32_8:
2547  02FC              	MATH_SUB32_8
2547  02FC 47          >        ld      b,a
2547  02FD             >
2547  02FD 7D          >        ld      a,l
2547  02FE 90          >        sub     b
2547  02FF 6F          >        ld      l,a
2547  0300             >
2547  0300 7C          >        ld      a,h
2547  0301 DE 00       >        sbc     a,0
2547  0303 67          >        ld      h,a
2547  0304             >
2547  0304 7B          >        ld      a,e
2547  0305 DE 00       >        sbc     a,0
2547  0307 5F          >        ld      e,a
2547  0308             >
2547  0308 7A          >        ld      a,d
2547  0309 DE 00       >        sbc     a,0
2547  030B 57          >        ld      d,a
2547  030C             >
2547  030C C9          >        ret
2548  030D
2549  030D              ADD32_32:
2550  030D              	MATH_ADD32_32
2550  030D D9          >        exx
2550  030E             >
2550  030E D5          >        push    de
2550  030F E5          >        push    hl
2550  0310             >
2550  0310 D9          >        exx
2550  0311             >
2550  0311 C1          >        pop     bc
2550  0312 09          >        add     hl,bc
2550  0313             >
2550  0313 C1          >        pop     bc
2550  0314             >
2550  0314 EB          >        ex      de,hl
2550  0315 ED 4A       >        adc     hl,bc
2550  0317 EB          >        ex      de,hl
2550  0318 C9          >        ret
2551  0319
2552  0319              ;------------------------------------------------------------------------------
2553  0319              ; Driver-page banking bridge
2554  0319              ;------------------------------------------------------------------------------
2555  0319              	IFDEF SD_ONLY_PAGE98
2556  0319 ~            ; eLeMeNt/Slim: ponech presne zrcadlene RET body, ktere uz na EL funguji.
2557  0319 ~            		block	#0372-$,0
2558  0319 ~            DRIVER_DMA_RETURN		; #0372
2559  0319 ~            		ret
2560  0319 ~            		block	#0378-$,0
2561  0319 ~            DRIVER_WRITE_RETURN		; #0378
2562  0319 ~            		ret
2563  0319 ~            		block	#037E-$,0
2564  0319 ~            DRIVER_READ_RETURN		; #037E
2565  0319 ~            		ret
2566  0319 ~            		ASSERT	DRIVER_DMA_RETURN = #0372
2567  0319 ~            		ASSERT	DRIVER_WRITE_RETURN = #0378
2568  0319 ~            		ASSERT	DRIVER_READ_RETURN = #037E
2569  0319              	ELSE
2570  0319              ; MB03+: vrat presne puvodni funkcni stuby z predchozi 1.1.
2571  0319 00 00 00...  		block	#0367-$,0
2572  0367              DRIVER_DMA_SWITCH_SRC		; #0367
2573  0367 3E 61        		ld	a,PAGE_BSDOS
2574  0369 D3 17        		out	(23),a
2575  036B
2576  036B 00 00 00     		block	#036E-$,0
2577  036E              DRIVER_WRITE_SWITCH_SRC		; #036E
2578  036E 3E 61        		ld	a,PAGE_BSDOS
2579  0370 D3 17        		out	(23),a
2580  0372 C9           		ret			; #0372 - navrat z DMA
2581  0373
2582  0373 00           		block	#0374-$,0
2583  0374              DRIVER_READ_SWITCH_SRC		; #0374
2584  0374 3E 61        		ld	a,PAGE_BSDOS
2585  0376 D3 17        		out	(23),a
2586  0378 C9           		ret			; #0378 - navrat ze zapisu
2587  0379 00 00 00...  		block	#037E-$,0
2588  037E C9           		ret			; #037E - navrat ze cteni
2589  037F
2590  037F              		ASSERT	DRIVER_DMA_SWITCH_SRC = DRIVER_DMA_SWITCH
2591  037F              		ASSERT	DRIVER_WRITE_SWITCH_SRC = DRIVER_WRITE_SWITCH
2592  037F              		ASSERT	DRIVER_READ_SWITCH_SRC = DRIVER_READ_SWITCH
2593  037F              	ENDIF
2594  037F
2595  037F              LEN_MAIN	equ	$-HDD_MAIN_START
2596  037F              	ASSERT	HDD_MAIN_START+LEN_MAIN <= PIT_START
2597  037F
2598  037F              		ent
2599  87D1
2600  87D1              	endmodule	; MAIN
2601  87D1
2602  87D1
2603  87D1              		disp	SD_ROUTINES_START			;musime dat na adresu #F00- nize to koliduje s PIT103
2604  0F00              	module	SDroutines
2605  0F00              	SD_DRIVER 1
2605  0F00             >
2605  0F00             >;;;    device zxspectrum48
2605  0F00             >;;;    org 32768
2605  0F00             >DMA_SD  equ 1
2605  0F00             >start_sd
2605  0F00 CD 22 0F    >    call SD_INIT
2605  0F03 DD 21 00 11 >    ld ix,buff
2605  0F07 11 00 00    >    ld de,0
2605  0F0A 21 00 00    >    ld hl,0
2605  0F0D CD 33 10    >    call SD_READ
2605  0F10             >    ; call nz,SD_IDLE
2605  0F10 18 EE       >    jr start_sd
2605  0F12             >
2605  0F12             >card_select
2605  0F12 FE          >     db SD_0
2605  0F13             >;    db SD_1
2605  0F13             >
2605  0F13             >; based on doc http://elm-chan.org/docs/mmc/mmc_e.html
2605  0F13             >
2605  0F13             >SPI_PORT	equ 0xeb
2605  0F13             >OUT_PORT	equ 0xe7	; port for CS control (D1:D0)
2605  0F13             >DMA_PORT    equ 11
2605  0F13             >
2605  0F13             >SD_0		equ 0xFE    ;0xFE,esxdos 0xF6	; D0 LOW = SLOT0 active; D3 low = NMI disabled
2605  0F13             >SD_1		equ 0xFD    ;0xFD,esxdos 0xF5	; D1 LOW = SLOT1 active; D3 low = NMI disabled
2605  0F13             >
2605  0F13             >CMD_0		equ	0x40	; Go idle state
2605  0F13             >CMD_1		equ	0x40+1	; SEND_OP_COND
2605  0F13             >CMD_8		equ 0x40+8	; SEND_IF_COND
2605  0F13             >CMD_9		equ 0x40+9	; SEND_CSD
2605  0F13             >CMD_10		equ	0x40+10	; SEND_CID
2605  0F13             >CMD_12		equ 0x40+12	; STOP_TRANSMISSION
2605  0F13             >CMD_16		equ	0x40+16	; SET_BLOCKLEN
2605  0F13             >CMD_17		equ	0x40+17	; READ_SINGLE_BLOCK
2605  0F13             >CMD_18		equ	0x40+18	; READ_MULTIPLE_BLOCK
2605  0F13             >;CMD_23		equ 0x40+23	; SET_BLOCK_COUNT (MMC ONLY)
2605  0F13             >ACMD23		equ 0x40+23	; SET_WR_BLOCK_ERASE_COUNT
2605  0F13             >CMD_24		equ 0x40+24	; WRITE_BLOCK
2605  0F13             >CMD_25		equ 0x40+25	; WRITE_MULTIPLE_BLOCK
2605  0F13             >ACMD41		equ 0x40+41	; APP_SEND_OP_COND
2605  0F13             >CMD_55		equ 0x40+55	; APP_CMD
2605  0F13             >CMD_58		equ 0x40+58	; READ_OCR
2605  0F13             >
2605  0F13             >BLOCKSIZE	equ	512		; SD/MMC block size (bytes)
2605  0F13             >WAIT_DATA_TIMEOUT	equ	0
2605  0F13             >WAIT_CMD_TIMEOUT	equ	0
2605  0F13             >; R1 response
2605  0F13             >; D0 = Idle state / init not completed yet
2605  0F13             >; D1 = Erase Reset
2605  0F13             >; D2 = Illegal Command
2605  0F13             >; D3 = Com CRC Error
2605  0F13             >; D4 = Erase Sequence Error
2605  0F13             >; D5 = Address Error
2605  0F13             >; D6 = Parameter Error
2605  0F13             >; D7 = ALWAYS LOW
2605  0F13             >
2605  0F13 3A 12 0F    >SD_ON	ld a,(card_select)
2605  0F16 D3 E7       >	out (OUT_PORT),a
2605  0F18 3E FF       >	ld a,0xff
2605  0F1A D3 EB       >	out (SPI_PORT),a
2605  0F1C C9          >	ret
2605  0F1D             >SD_OFF
2605  0F1D 3E FF       >    ld a,0xFF
2605  0F1F D3 E7       >	out (OUT_PORT),a
2605  0F21             >;	out	(SPI_PORT),a
2605  0F21 C9          >    ret
2605  0F22             >
2605  0F22 ~           >/*
2605  0F22 ~           >SD_ON   ; a = 0,1 sd card
2605  0F22 ~           >    and 1
2605  0F22 ~           >    ld hl,sd_cs
2605  0F22 ~           >    ld e,a
2605  0F22 ~           >    ld d,0
2605  0F22 ~           >    add hl,de
2605  0F22 ~           >    ld a,(hl)
2605  0F22 ~           >    out (OUT_PORT),a
2605  0F22 ~           >    ret
2605  0F22 ~           >
2605  0F22 ~           >sd_cs
2605  0F22 ~           >    db SD_0,SD_1
2605  0F22 ~           >*/
2605  0F22             >SD_INIT
2605  0F22             >;    ld b,10
2605  0F22 06 0C       >	ld b,12		;pri 20MHz byla hodnota 10 malo, pri vysunute karte je to 11 sec timeout
2605  0F24             >sd_init_loop
2605  0F24 C5          >    push bc
2605  0F25 CD 4A 0F    >    call SD_POWER_ON
2605  0F28 CD 57 0F    >    call SD_RESET
2605  0F2B FE 01       >    cp 1
2605  0F2D 20 12       >    jr nz,sd_init_fail
2605  0F2F             >    ; resp = 1
2605  0F2F CD 7D 0F    >    call SD_SEND_IF_COND
2605  0F32             >    ; 0 = OK
2605  0F32 B7          >    or a
2605  0F33 20 0C       >    jr nz,sd_init_fail
2605  0F35             >    ; read OCR
2605  0F35 CD F9 0F    >    call SD_OCR
2605  0F38 B7          >    or a
2605  0F39 20 06       >    jr nz,sd_init_fail
2605  0F3B CD 4A 0F    >    call SD_POWER_ON
2605  0F3E C1          >    pop bc
2605  0F3F AF          >    xor a                       ; no error
2605  0F40 C9          >    ret
2605  0F41             >sd_init_fail
2605  0F41 CD 4A 0F    >    call SD_POWER_ON
2605  0F44 C1          >    pop bc
2605  0F45 10 DD       >    djnz sd_init_loop
2605  0F47 3E FF       >    ld a,0xff                   ; cannot initialise
2605  0F49 C9          >    ret
2605  0F4A             >
2605  0F4A             >SD_POWER_ON
2605  0F4A             >; Set DI and CS high and apply 74 or more clock pulses to SCLK.
2605  0F4A             >; The card will enter its native operating mode and go ready to accept native command.
2605  0F4A 3E FF       >    ld a,0xff
2605  0F4C D3 E7       >    out (OUT_PORT),a
2605  0F4E             >    ; send 80 clocks = 10x8 bits
2605  0F4E 06 0A       >    ld b,10
2605  0F50 3E FF       >    ld a,0xff
2605  0F52             >1
2605  0F52 D3 EB       >    out (SPI_PORT),a
2605  0F54 10 FC       >    djnz 1B
2605  0F56 C9          >    ret
2605  0F57             >
2605  0F57             >SD_RESET
2605  0F57             >    ; activate CS for selected card
2605  0F57 3A 12 0F    >    ld a,(card_select)
2605  0F5A D3 E7       >    out (OUT_PORT),a
2605  0F5C             >    ; dummy clock
2605  0F5C 3E FF       >    ld a,0xff
2605  0F5E D3 EB       >    out (SPI_PORT),a
2605  0F60             >    ; send CMD0, arg=0, CRC=95h
2605  0F60 3E 40       >    ld a,CMD_0
2605  0F62 D3 EB       >    out (SPI_PORT),a
2605  0F64 AF          >    xor a
2605  0F65 D3 EB       >    out (SPI_PORT),a
2605  0F67 D3 EB       >    out (SPI_PORT),a
2605  0F69 D3 EB       >    out (SPI_PORT),a
2605  0F6B D3 EB       >    out (SPI_PORT),a
2605  0F6D 3E 95       >    ld a,0x95
2605  0F6F D3 EB       >    out (SPI_PORT),a
2605  0F71             >
2605  0F71 CD A7 10    >    call WAIT
2605  0F74 FE 01       >    cp 1
2605  0F76 C8          >    ret z
2605  0F77             >
2605  0F77             >SD_ERROR
2605  0F77 5F          >    ld e,a
2605  0F78 CD 4A 0F    >    call SD_POWER_ON
2605  0F7B 7B          >    ld a,e
2605  0F7C C9          >    ret
2605  0F7D             >
2605  0F7D             >SD_SEND_IF_COND
2605  0F7D 3E FF       >    ld a,0xff
2605  0F7F D3 EB       >    out (SPI_PORT),a
2605  0F81 3E 48       >    ld a,CMD_8
2605  0F83 D3 EB       >    out (SPI_PORT),a
2605  0F85 AF          >    xor a
2605  0F86 D3 EB       >    out (SPI_PORT),a
2605  0F88 AF          >    xor a                       ; more time for DIVMMC
2605  0F89 D3 EB       >    out (SPI_PORT),a
2605  0F8B 3E 01       >    ld a,1
2605  0F8D D3 EB       >    out (SPI_PORT),a
2605  0F8F 3E AA       >    ld a,0xaa
2605  0F91 D3 EB       >    out (SPI_PORT),a
2605  0F93             >    ; CRC for CMD8
2605  0F93 3E 87       >    ld a,0x87
2605  0F95 D3 EB       >    out (SPI_PORT),a
2605  0F97             >
2605  0F97 CD A7 10    >    call WAIT
2605  0F9A FE 01       >    cp 1
2605  0F9C 20 D9       >    jr nz,SD_ERROR
2605  0F9E             >
2605  0F9E             >    ; validate R7 response: 00 00 01 AA
2605  0F9E DB EB       >    in a,(SPI_PORT)
2605  0FA0 B7          >    or a
2605  0FA1 20 D4       >    jr nz,SD_ERROR
2605  0FA3 DB EB       >    in a,(SPI_PORT)
2605  0FA5 B7          >    or a
2605  0FA6 20 CF       >    jr nz,SD_ERROR
2605  0FA8 DB EB       >    in a,(SPI_PORT)
2605  0FAA FE 01       >    cp 1
2605  0FAC 20 C9       >    jr nz,SD_ERROR
2605  0FAE DB EB       >    in a,(SPI_PORT)
2605  0FB0 FE AA       >    cp 0xAA
2605  0FB2 20 C3       >    jr nz,SD_ERROR
2605  0FB4             >
2605  0FB4             >    ; if 0x1AA, V2: send ACMD41
2605  0FB4 06 C8       >    ld b,200
2605  0FB6             >retry_41
2605  0FB6 C5          >    push bc
2605  0FB7 3E FF       >    ld a,0xff
2605  0FB9 D3 EB       >    out (SPI_PORT),a
2605  0FBB 3E 77       >    ld a,CMD_55
2605  0FBD D3 EB       >    out (SPI_PORT),a
2605  0FBF AF          >    xor a
2605  0FC0 D3 EB       >    out (SPI_PORT),a
2605  0FC2 D3 EB       >    out (SPI_PORT),a
2605  0FC4 D3 EB       >    out (SPI_PORT),a
2605  0FC6 D3 EB       >    out (SPI_PORT),a
2605  0FC8             >    ; CRC not needed
2605  0FC8 3E FF       >    ld a,0xff
2605  0FCA D3 EB       >    out (SPI_PORT),a
2605  0FCC             >
2605  0FCC CD A7 10    >    call WAIT
2605  0FCF FE 02       >    cp 2
2605  0FD1 30 22       >    jr nc,cmd55err              ; anything >1 = error
2605  0FD3             >
2605  0FD3 3E FF       >    ld a,0xff
2605  0FD5 D3 EB       >    out (SPI_PORT),a
2605  0FD7             >
2605  0FD7 3E 69       >    ld a,ACMD41
2605  0FD9 D3 EB       >    out (SPI_PORT),a
2605  0FDB 3E 40       >    ld a,%01000000              ; HCS / bit 30
2605  0FDD D3 EB       >    out (SPI_PORT),a
2605  0FDF AF          >    xor a
2605  0FE0 D3 EB       >    out (SPI_PORT),a
2605  0FE2 D3 EB       >    out (SPI_PORT),a
2605  0FE4 D3 EB       >    out (SPI_PORT),a
2605  0FE6             >    ; CRC not needed
2605  0FE6 3E FF       >    ld a,0xff
2605  0FE8 D3 EB       >    out (SPI_PORT),a
2605  0FEA             >
2605  0FEA CD A7 10    >    call WAIT
2605  0FED             >    ; 0 = OK, 1 = still idle
2605  0FED C1          >    pop bc
2605  0FEE B7          >    or a
2605  0FEF C8          >    ret z
2605  0FF0 10 C4       >    djnz retry_41
2605  0FF2 3E FF       >    ld a,0xff                   ; timeout
2605  0FF4 C9          >    ret
2605  0FF5             >cmd55err
2605  0FF5 C1          >    pop bc
2605  0FF6 C3 77 0F    >    jp SD_ERROR
2605  0FF9             >
2605  0FF9             >SD_OCR
2605  0FF9 3E 7A       >	ld a,CMD_58
2605  0FFB 21 00 00    >	ld hl,0
2605  0FFE 11 00 00    >	ld de,0
2605  1001 CD 93 10    >	call SD_SENDCMD
2605  1004             >	; a = R1
2605  1004 5F          >	ld e,a
2605  1005 DB EB       >    in a,(SPI_PORT)
2605  1007 DB EB       >	in a,(SPI_PORT)
2605  1009 DB EB       >	in a,(SPI_PORT)
2605  100B DB EB       >	in a,(SPI_PORT)
2605  100D             >	; 128 = ready
2605  100D             >        ; test SDXC
2605  100D 7B          >	ld a,e	; a = R1
2605  100E C9          >	ret
2605  100F             >SD_CSD	; get CSD register
2605  100F 3E 49       >	ld a,CMD_9
2605  1011 18 02       >	jr csd_cid_comm
2605  1013             >SD_CID	; get CID register
2605  1013             >	; ix = read to address
2605  1013 3E 4A       >	ld a,CMD_10
2605  1015             >csd_cid_comm	; common for CSD/CID read
2605  1015 21 00 00    >	ld hl,0
2605  1018 11 00 00    >	ld de,0
2605  101B CD 93 10    >	call SD_SENDCMD
2605  101E FE 00       >	cp 0
2605  1020 C0          >	ret nz
2605  1021 5F          >    ld e,a  ; store R1
2605  1022 CD B7 10    >	call WAIT_DATA
2605  1025             >
2605  1025 DD E5       >	push ix
2605  1027 E1          >	pop hl
2605  1028 01 EB 10    >	ld bc,(256*16)+SPI_PORT ; 16 bytes
2605  102B ED B2       >	inir
2605  102D DB EB       >    in a,(SPI_PORT)
2605  102F DB EB       >	in a,(SPI_PORT)
2605  1031 7B          >    ld a,e  ; restore R1
2605  1032 C9          >	ret
2605  1033 ~           >/*
2605  1033 ~           >SD_BL_LEN
2605  1033 ~           >    ld a,CMD_16
2605  1033 ~           >    ld hl,0
2605  1033 ~           >    ld de,512
2605  1033 ~           >    call SD_SENDCMD
2605  1033 ~           >    ret
2605  1033 ~           >*/
2605  1033             >SD_READ
2605  1033             >	; call SD_IDLE
2605  1033             >;----
2605  1033 3A 12 0F    >    ld a,(card_select)
2605  1036 D3 E7       >	out (OUT_PORT),a
2605  1038             >;----
2605  1038 3E FF       >	ld a,0xff
2605  103A D3 EB       >	out (SPI_PORT),a
2605  103C             >	; hlde = sector
2605  103C 3E 51       >	ld a,CMD_17
2605  103E CD 93 10    >	call SD_SENDCMD
2605  1041             >	; 0 = ok
2605  1041 FE 00       >	cp 0
2605  1043 C0          >    ret nz
2605  1044 5F          >    ld e,a  ; store R1
2605  1045             >    ; call pause
2605  1045 CD B7 10    >	call WAIT_DATA
2605  1048             >		; cp 0xFE
2605  1048             >		; jr nz,wderr
2605  1048             >	; 0xFE = data start
2605  1048 DD E5       >	push ix
2605  104A E1          >	pop hl
2605  104B             >
2605  104B             >	IF DMA_SD
2605  104B CD D1 10    >	call dma_read
2605  104E             >	ELSE
2605  104E ~           >	ld bc,SPI_PORT
2605  104E ~           >	inir
2605  104E ~           >	inir
2605  104E             >	ENDIF
2605  104E             >
2605  104E             >	; 2b crc
2605  104E 00          >    nop
2605  104F DB EB       >	in a,(SPI_PORT)
2605  1051 00          >    nop
2605  1052 DB EB       >	in a,(SPI_PORT)
2605  1054             >;----
2605  1054 3E FF       >	ld a,255
2605  1056 D3 E7       >	out (OUT_PORT),a
2605  1058 D3 EB       >	out (SPI_PORT),a
2605  105A             >;----
2605  105A             >
2605  105A             >	; call SD_IDLE
2605  105A             >
2605  105A 7B          >    ld a,e  ; restore R1
2605  105B B7          >    or a
2605  105C C9          >	ret
2605  105D             >; wderr
2605  105D             >; 	ld e,a
2605  105D             >; 	ld a,2
2605  105D             >; 	out (254),a
2605  105D             >; 	ld a,e
2605  105D             >; 	ret
2605  105D             >; pause
2605  105D             >;     ld bc,512
2605  105D             >; 1
2605  105D             >;     dec bc
2605  105D             >;     ld a,b
2605  105D             >;     or c
2605  105D             >;     jr nz,1B
2605  105D             >;     ; djnz 1B
2605  105D             >;     ret
2605  105D             >
2605  105D             >
2605  105D             >
2605  105D             >; SD_TEST
2605  105D             >; 	ld de,0
2605  105D             >; 	ld hl,0x44
2605  105D             >; 	ld ix,0x100
2605  105D             >; 	call SD_READ
2605  105D             >; 	ld de,0
2605  105D             >; 	ld hl,0x44
2605  105D             >; 	ld ix,0x100
2605  105D             >; 	call SD_WRITE
2605  105D             >; 	jr SD_TEST
2605  105D             >
2605  105D             >
2605  105D             >SD_WRITE
2605  105D             >	; hlde = sector
2605  105D             >	; ix = from address
2605  105D             >
2605  105D             >	; call SD_IDLE
2605  105D             >;----
2605  105D 3A 12 0F    >	ld a,(card_select)
2605  1060 D3 E7       >	out (OUT_PORT),a
2605  1062 3E FF       >	ld a,0xff
2605  1064 D3 EB       >	out (SPI_PORT),a
2605  1066             >;----
2605  1066 3E 58       >	ld a,CMD_24
2605  1068 CD 93 10    >	call SD_SENDCMD
2605  106B FE 00       >	cp 0    ; 0 = ok
2605  106D             >
2605  106D 3E FE       >	ld a,0xFE	; data start
2605  106F             >	; out (c),a
2605  106F D3 EB       >	out (SPI_PORT),a
2605  1071             >
2605  1071 DD E5       >	push ix
2605  1073 E1          >	pop hl
2605  1074             >	IF DMA_SD
2605  1074 CD C7 10    >	call dma_write
2605  1077 0E EB       >	ld c,SPI_PORT
2605  1079             >	ELSE
2605  1079 ~           >	ld bc,SPI_PORT
2605  1079 ~           >	otir
2605  1079 ~           >	otir
2605  1079             >	ENDIF
2605  1079             >
2605  1079 AF          >	xor a
2605  107A             >	; 2b crc
2605  107A             >	; out (c),a
2605  107A             >	; out (c),a
2605  107A D3 EB       >	out (SPI_PORT),a
2605  107C D3 EB       >	out (SPI_PORT),a
2605  107E             >
2605  107E CD A7 10    >	call WAIT
2605  1081             >	; a = Data response
2605  1081 5F          >	ld e,a
2605  1082             >
2605  1082             >wbsy
2605  1082 CD A7 10    >	call WAIT
2605  1085 FE 00       >	cp 0
2605  1087 28 F9       >	jr z,wbsy
2605  1089             >
2605  1089             >;----
2605  1089 3E FF       >	ld a,255
2605  108B D3 E7       >	out (OUT_PORT),a
2605  108D D3 EB       >	out (SPI_PORT),a
2605  108F             >;----
2605  108F             >
2605  108F             >	; call SD_IDLE
2605  108F             >
2605  108F 7B          >	ld a,e
2605  1090 E6 1F       >	and 0x1f
2605  1092             >	; a = Data response
2605  1092 C9          >	ret
2605  1093 ~           >/*
2605  1093 ~           >SD_READ_MULTI
2605  1093 ~           >	ei
2605  1093 ~           >	ld a,CMD_18
2605  1093 ~           >	call SD_SENDCMD
2605  1093 ~           >	call WAIT_DATA
2605  1093 ~           >	; 0xFE = data start
2605  1093 ~           >    ret ; now read blocks until sd_stoptrans sent
2605  1093 ~           >; test_loop
2605  1093 ~           >; 	push ix
2605  1093 ~           >; 	pop hl
2605  1093 ~           >; 	ld bc,SPI_PORT
2605  1093 ~           >; 	inir
2605  1093 ~           >; 	inir
2605  1093 ~           >; 	inir
2605  1093 ~           >; 	inir
2605  1093 ~           >
2605  1093 ~           >; 	call SD_STOPTRANS
2605  1093 ~           >
2605  1093 ~           >; 	ret
2605  1093 ~           >
2605  1093 ~           >SD_STOPTRANS
2605  1093 ~           >	ld a,CMD_12
2605  1093 ~           >	ld hl,0
2605  1093 ~           >	ld de,0
2605  1093 ~           >	call SD_SENDCMD
2605  1093 ~           >
2605  1093 ~           >1
2605  1093 ~           >	in a,(SPI_PORT)
2605  1093 ~           >	cp 0xff	; ceka se na not idle
2605  1093 ~           >	jr nz,1B
2605  1093 ~           >	ret
2605  1093 ~           >*/
2605  1093             >
2605  1093             >; SD_IDLE
2605  1093             >; 	ld b,16
2605  1093             >; 	ld a,0xff
2605  1093             >; 1
2605  1093             >; 	; in a,(SPI_PORT)
2605  1093             >; 	out (SPI_PORT),a
2605  1093             >; 	djnz 1B
2605  1093             >; 	ret
2605  1093             >
2605  1093             >SD_SENDCMD
2605  1093 0E EB       >    ld c,SPI_PORT
2605  1095 ED 79       >    out (c),a
2605  1097 00          >    nop                         ; DIVMMC needs more time
2605  1098 ED 61       >    out (c),h
2605  109A 00          >    nop
2605  109B ED 69       >    out (c),l
2605  109D 00          >    nop
2605  109E ED 51       >    out (c),d
2605  10A0 00          >    nop
2605  10A1 ED 59       >    out (c),e
2605  10A3             >
2605  10A3 3E FF       >    ld a,0xff
2605  10A5 ED 79       >    out (c),a
2605  10A7             >
2605  10A7             >WAIT
2605  10A7 01 00 00    >    ld bc,WAIT_CMD_TIMEOUT
2605  10AA             >wloop
2605  10AA DB EB       >    in a,(SPI_PORT)
2605  10AC FE FF       >    cp 0xFF
2605  10AE C0          >    ret nz
2605  10AF 0B          >    dec bc
2605  10B0 78          >    ld a,b
2605  10B1 B1          >    or c
2605  10B2 20 F6       >    jr nz,wloop
2605  10B4 3E FF       >    ld a,0xff                   ; timeout
2605  10B6 C9          >    ret
2605  10B7             >
2605  10B7             >WAIT_DATA
2605  10B7 01 00 00    >    ld bc,WAIT_DATA_TIMEOUT
2605  10BA             >wdata_loop
2605  10BA DB EB       >    in a,(SPI_PORT)
2605  10BC FE FE       >    cp 0xFE
2605  10BE C8          >    ret z
2605  10BF 0B          >    dec bc
2605  10C0 78          >    ld a,b
2605  10C1 B1          >    or c
2605  10C2 20 F6       >    jr nz,wdata_loop
2605  10C4 3E FF       >    ld a,0xff                   ; timeout
2605  10C6 C9          >    ret
2605  10C7             >
2605  10C7             >dma_write
2605  10C7 22 EE 10    >    ld (dma_to),hl
2605  10CA 21 ED 10    >    ld hl,wr0
2605  10CD CB D6       >    set 2,(hl)
2605  10CF 18 08       >    jr dma_set
2605  10D1             >
2605  10D1             >dma_read
2605  10D1 22 EE 10    >    ld (dma_to),hl
2605  10D4 21 ED 10    >    ld hl,wr0
2605  10D7 CB 96       >    res 2,(hl)
2605  10D9             >dma_set
2605  10D9 21 EA 10    >    ld hl,dma_cmd
2605  10DC             >        IF 1
2605  10DC             >    ; BSDOS: posledni bajt DMA sekvence se posila po prestrankovani do DOS banky
2605  10DC 01 0B 10    >    ld bc,(256*(dma_cmd_len-1))+DMA_PORT
2605  10DF ED B3       >    otir
2605  10E1 3E 61       >    ld a,97
2605  10E3 06 87       >    ld b,#87
2605  10E5 CD 21 00    >    call MAIN.OTIR
2605  10E8             >        ELSE
2605  10E8 ~           >    ; GUI: cela DMA sekvence se posle primo
2605  10E8 ~           >    ld bc,(256*dma_cmd_len)+DMA_PORT
2605  10E8 ~           >    otir
2605  10E8             >        ENDIF
2605  10E8 ED 4D       >    reti
2605  10EA             >;
2605  10EA             >dma_cmd
2605  10EA C3          >    db #C3  ; 11000011  WR6 reset
2605  10EB C7          >    db #C7  ; 11000111  WR6 reset port a to z80 std timing
2605  10EC CB          >    db #CB  ; 11001011  WR6 reset port b to z80 std timing
2605  10ED 7D          >wr0 db #7D  ; 01111101  WR0 port a start+len    a>b,transfer
2605  10EE             >            ; 01111001  port a start+len    b>a,transfer
2605  10EE             >dma_to
2605  10EE 00 00       >    defw 0; port A start
2605  10F0             >    ; dw 0xeb ; SPI_PORT
2605  10F0             >dma_len     ; -1
2605  10F0 FF 01       >    dw 511  ; port A len
2605  10F2 14          >    db 0x14 ; 00010100  WR1 port a inc, memory, 4T
2605  10F3             >	; ^^ TODO: 3T
2605  10F3 28          >    db 0x28 ; 00101000  WR2 port b fixed, port, 4T
2605  10F4 C0          >    db 0xc0 ; 11000000  WR3 DMA enable
2605  10F5             >    ; db 0x8d ; 10001101  WR4 load port B addr, byte at time
2605  10F5 AD          >    db 0xAd ; 10101101  WR4 load port B addr, CONTINUOUS
2605  10F6 EB 00       >    dw SPI_PORT ; SPI_PORT
2605  10F8 92          >    db 0x92 ; 10010010  WR5 stop at blk end,EN wait
2605  10F9 CF          >    db 0xcf ; 11001111  WR6 load
2605  10FA 87          >    db 0x87 ; 10000111  WR6 Enable DMA
2605  10FB             >dma_cmd_len   equ $-dma_cmd
2605  10FB             >
2605  10FB             >
2605  10FB 00 00 00... >    align 256
2605  1100             >buff
2605  1100 00 00 00... >    ds 512
2605  1300             >end_sd
2605  1300             >;    savetap "sddebug.tap",start, end-start
2605  1300             >;    save3dos "sddebug.bin",start,end-start
2605  1300             >;;;	savebin "SDreadwrite", start, end-start
2605  1300             >
2606  1300
2607  1300              ; Pracovni 256B VDT pro BSDOS:
2608  1300              ; pouze EQU - nevklada zadnou vypln do binarky.
2609  1300              ; Zarovnani na nejblizsi dalsi adresu xx00 za skutecnym koncem SD rutin.
2610  1300              BSDOS_VDT	equ	($+#FF)&$FF00
2611  1300              	ASSERT	(BSDOS_VDT & #FF) == 0
2612  1300
2613  1300              	endmodule
2614  1300              LEN_SD		equ	$-SD_ROUTINES_START
2615  1300
2616  1300              	ent
2617  8BD1
2618  8BD1              ;LEN		equ	$-144			;posun kvuli PITovi
2619  8BD1
2620  8BD1
2621  8BD1              ; TAB/TAB_DRV uz zde zadne bajty negeneruji.
2622  8BD1              ; Pracovni VDT je v RAM na SDroutines.BSDOS_VDT.
2623  8BD1
2624  8BD1              ;END1		equ	$-MAIN.KKK+MAIN.SEM1
2625  8BD1              END1		equ	$-MAIN.PRESKOC+MAIN.SEM1
2626  8BD1
2627  8BD1              ;		ent
2628  8BD1
2629  8BD1              		include "GUI.a80"
# file opened: GUI.a80
   1+ 8BD1              ;dokumentace k FAT- bomba
   2+ 8BD1              ;https://elm-chan.org/docs/fat_e.html
   3+ 8BD1
   4+ 8BD1              ;		include	"nasobeniHLDE.a80"
   5+ 8BD1              ;		include	"draw.a80"
   6+ 8BD1              		include	"draw-jugo.a80"
# file opened: draw-jugo.a80
   1++8BD1              ;rutina na kresleni cary. pochazi z nejakeho jugoslavskeho casaku
   2++8BD1              ;BC-ODKUD DE-KAM NAKRESLI CARU
   3++8BD1              ;POCATEK VLEVO NAHORE (0,0)
   4++8BD1              	module draw_jugo
   5++8BD1 7A           DRAW	LD   A,D
   6++8BD2 FE C0        	CP   192
   7++8BD4 D0           	RET  NC
   8++8BD5 78           	LD   A,B
   9++8BD6 FE C0        	CP   192
  10++8BD8 D0           	RET  NC
  11++8BD9 3F           	CCF
  12++8BDA 1F           	RRA
  13++8BDB 37           	SCF
  14++8BDC 1F           	RRA
  15++8BDD A7           	AND  A
  16++8BDE 1F           	RRA
  17++8BDF A8           	XOR  B
  18++8BE0 E6 F8        	AND  248
  19++8BE2 A8           	XOR  B
  20++8BE3 67           	LD   H,A
  21++8BE4 79           	LD   A,C
  22++8BE5 07           	RLCA
  23++8BE6 07           	RLCA
  24++8BE7 07           	RLCA
  25++8BE8 6F           	LD   L,A
  26++8BE9 E6 38        	AND  56
  27++8BEB 2F           	CPL
  28++8BEC 32 F1 8B     	LD   (LAB+1),A
  29++8BEF AF           	XOR  A
  30++8BF0 CB C7        LAB	SET  0,A
  31++8BF2 08           	EX   AF,AF'
  32++8BF3 7D           	LD   A,L
  33++8BF4 A8           	XOR  B
  34++8BF5 E6 C7        	AND  199
  35++8BF7 A8           	XOR  B
  36++8BF8 07           	RLCA
  37++8BF9 07           	RLCA
  38++8BFA 6F           	LD   L,A
  39++8BFB 78           	LD   A,B
  40++8BFC 92           	SUB  D
  41++8BFD 06 00        	LD   B,0
  42++8BFF 30 03        	JR   NC,N1
  43++8C01 ED 44        	NEG
  44++8C03 04           	INC  B
  45++8C04 57           N1	LD   D,A
  46++8C05 79           	LD   A,C
  47++8C06 93           	SUB  E
  48++8C07 0E 00        	LD   C,0
  49++8C09 30 03        	JR   NC,N2
  50++8C0B ED 44        	NEG
  51++8C0D 0C           	INC  C
  52++8C0E 5F           N2	LD   E,A
  53++8C0F 08           	EX   AF,AF'
  54++8C10 F5           	PUSH AF
  55++8C11 B6           	OR   (HL)
  56++8C12 77           	LD   (HL),A
  57++8C13 F1           	POP  AF
  58++8C14 08           	EX   AF,AF'
  59++8C15 B2           	OR   D
  60++8C16 C8           	RET  Z
  61++8C17 E5           	PUSH HL
  62++8C18 7A           	LD   A,D
  63++8C19 BB           	CP   E
  64++8C1A 38 37        	JR   C,POX
  65++8C1C 21 77 8C     	LD   HL,LEVO
  66++8C1F CB 41        	BIT  0,C
  67++8C21 28 03        	JR   Z,Y1
  68++8C23 21 72 8C     	LD   HL,DESNO
  69++8C26 22 46 8C     Y1	LD   (DIA+1),HL
  70++8C29 21 8F 8C     	LD   HL,GORE
  71++8C2C CB 40        	BIT  0,B
  72++8C2E 28 03        	JR   Z,Y2
  73++8C30 21 7C 8C     	LD   HL,DOLE
  74++8C33 22 49 8C     Y2	LD   (NAST+1),HL
  75++8C36 4A           	LD   C,D
  76++8C37 CB 39        N3	SRL  C
  77++8C39 DD 62        	LD   HX,D
  78++8C3B 08           	EX   AF,AF'
  79++8C3C 47           	LD   B,A
  80++8C3D E1           	POP  HL
  81++8C3E 79           LOOP	LD   A,C
  82++8C3F 93           	SUB  E
  83++8C40 4F           	LD   C,A
  84++8C41 30 05        	JR   NC,NAST
  85++8C43 82           	ADD  A,D
  86++8C44 4F           	LD   C,A
  87++8C45 CD 00 00     DIA	CALL 0
  88++8C48 CD 00 00     NAST	CALL 0
  89++8C4B 78           	LD   A,B
  90++8C4C B6           	OR   (HL)
  91++8C4D 77           	LD   (HL),A
  92++8C4E DD 25        	DEC  HX
  93++8C50 20 EC        	JR   NZ,LOOP
  94++8C52 C9           	RET
  95++8C53 21 77 8C     POX	LD   HL,LEVO
  96++8C56 CB 41        	BIT  0,C
  97++8C58 28 03        	JR   Z,X1
  98++8C5A 21 72 8C     	LD   HL,DESNO
  99++8C5D 22 49 8C     X1	LD   (NAST+1),HL
 100++8C60 21 8F 8C     	LD   HL,GORE
 101++8C63 CB 40        	BIT  0,B
 102++8C65 28 03        	JR   Z,X2
 103++8C67 21 7C 8C     	LD   HL,DOLE
 104++8C6A 22 46 8C     X2	LD   (DIA+1),HL
 105++8C6D 4B           	LD   C,E
 106++8C6E 5A           	LD   E,D
 107++8C6F 51           	LD   D,C
 108++8C70 18 C5        	JR   N3
 109++8C72 CB 08        DESNO	RRC  B
 110++8C74 D0           	RET  NC
 111++8C75 23           	INC  HL
 112++8C76 C9           	RET
 113++8C77 CB 00        LEVO	RLC  B
 114++8C79 D0           	RET  NC
 115++8C7A 2B           	DEC  HL
 116++8C7B C9           	RET
 117++8C7C 24           DOLE	INC  H
 118++8C7D 7C           	LD   A,H
 119++8C7E E6 07        	AND  7
 120++8C80 C0           	RET  NZ
 121++8C81 7C           	LD   A,H
 122++8C82 D6 08        	SUB  8
 123++8C84 67           	LD   H,A
 124++8C85 7D           	LD   A,L
 125++8C86 C6 20        	ADD  A,32
 126++8C88 6F           	LD   L,A
 127++8C89 D0           	RET  NC
 128++8C8A 7C           	LD   A,H
 129++8C8B C6 08        	ADD  A,8
 130++8C8D 67           	LD   H,A
 131++8C8E C9           	RET
 132++8C8F 25           GORE	DEC  H
 133++8C90 7C           	LD   A,H
 134++8C91 2F           	CPL
 135++8C92 E6 07        	AND  7
 136++8C94 C0           	RET  NZ
 137++8C95 7C           	LD   A,H
 138++8C96 C6 08        	ADD  A,8
 139++8C98 67           	LD   H,A
 140++8C99 7D           	LD   A,L
 141++8C9A D6 20        	SUB  32
 142++8C9C 6F           	LD   L,A
 143++8C9D D0           	RET  NC
 144++8C9E 7C           	LD   A,H
 145++8C9F D6 08        	SUB  8
 146++8CA1 67           	LD   H,A
 147++8CA2 C9           	RET
 148++8CA3              	endmodule
 149++8CA3
# file closed: draw-jugo.a80
   7+ 8CA3              		include	"cls.a80"
# file opened: cls.a80
   1++8CA3              	module	cls
   2++8CA3 21 00 40     CLS	LD	HL,16384
   3++8CA6 11 01 40     	LD	DE,16385
   4++8CA9 01 FF 1A     	LD	BC,6911
   5++8CAC 75           	LD	(HL),L
   6++8CAD ED B0        	LDIR
   7++8CAF AF           	XOR	A
   8++8CB0 D3 FE        	OUT	(254),A
   9++8CB2 C9           	RET
  10++8CB3              	endmodule
  11++8CB3
# file closed: cls.a80
   8+ 8CB3              ;		include	"sprite1.a80"
   9+ 8CB3              	IFNDEF DUAL_GUI_TEST
  10+ 8CB3 ~            CaroLogo	incbin	"CaroLogo.bin"
  11+ 8CB3 ~            NewdimLogo	incbin	"NewdimLogo.bin"
  12+ 8CB3              	ENDIF
  13+ 8CB3              		include	"sprite2.a80"
# file opened: sprite2.a80
   1++8CB3              ; zobrazi sprite dle cisla v A pozice a data spritu jsou v tabulce SP_TAB; priklad nakonci!!!
   2++8CB3              ; zobrazuje sprites z programu SpriteEdit typ 2
   3++8CB3              	module sprite2
   4++8CB3              SP_
   5++8CB3
   6++8CB3 21 50 8E     	ld   hl,@SP_TAB
   7++8CB6 87           	add  a,a
   8++8CB7 87           	add  a,a
   9++8CB8 16 00        	ld   d,0
  10++8CBA 5F           	ld   e,a
  11++8CBB 19           	add  hl,de
  12++8CBC 5E           	ld   e,(hl)
  13++8CBD 23           	inc  hl
  14++8CBE 56           	ld   d,(hl)
  15++8CBF 23           	inc  hl
  16++8CC0 D5           	push de
  17++8CC1 5E           	ld   e,(hl)
  18++8CC2 23           	inc  hl
  19++8CC3 56           	ld   d,(hl)
  20++8CC4 EB           	ex   de,hl
  21++8CC5 D1           	pop de
  22++8CC6
  23++8CC6              ;------------------------------
  24++8CC6              OK
  25++8CC6 46           	ld b,(hl)
  26++8CC7 23           	inc hl
  27++8CC8 4E           	ld c,(hl)
  28++8CC9 23           	inc hl
  29++8CCA 7A           	ld   a,d
  30++8CCB 0F           	rrca
  31++8CCC 0F           	rrca
  32++8CCD 0F           	rrca
  33++8CCE E6 E0        	and  %11100000
  34++8CD0 83           	add  a,e
  35++8CD1 5F           	ld   e,a
  36++8CD2 7A           	ld   a,d
  37++8CD3 E6 18        	and  24
  38++8CD5 F6 40        	or   64
  39++8CD7 57           	ld   d,a
  40++8CD8
  41++8CD8 D5           OK_SEM	push de
  42++8CD9 C5           	push bc
  43++8CDA 7A           	ld   a,d
  44++8CDB 0F           	rrca
  45++8CDC 0F           	rrca
  46++8CDD 0F           	rrca
  47++8CDE E6 03        	and  3
  48++8CE0 F6 58        	or   88
  49++8CE2 57           	ld   d,a
  50++8CE3
  51++8CE3              OK_RADE1 ;call DE_BAJT
  52++8CE3 7E           	ld a,(hl)
  53++8CE4 23           	inc hl
  54++8CE5
  55++8CE5 12           	ld   (de),a
  56++8CE6 1C           	inc  e
  57++8CE7 0D           	dec  c
  58++8CE8 20 F9        	jr   nz,OK_RADE1
  59++8CEA C1           	pop  bc
  60++8CEB D1           	pop  de
  61++8CEC
  62++8CEC              OK_DALSI
  63++8CEC D5           	push de
  64++8CED C5           	push bc
  65++8CEE              OK_RADEK ;call DE_BAJT
  66++8CEE 7E           	ld a,(hl)
  67++8CEF 23           	inc hl
  68++8CF0
  69++8CF0 12           	ld   (de),a
  70++8CF1 1C           	inc  e
  71++8CF2 0D           	dec  c
  72++8CF3 20 F9        	jr   nz,OK_RADEK
  73++8CF5 C1           	pop  bc
  74++8CF6 D1           	pop  de
  75++8CF7 14           	inc  d
  76++8CF8 7A           	ld   a,d
  77++8CF9 E6 07        	and  7
  78++8CFB 20 EF        	jr   nz,OK_DALSI
  79++8CFD 3E 20        	ld   a,32
  80++8CFF 83           	add  a,e
  81++8D00 5F           	ld   e,a
  82++8D01 3F           	ccf
  83++8D02 9F           	sbc  a,a
  84++8D03 E6 F8        	and  -8
  85++8D05 82           	add  a,d
  86++8D06 57           	ld   d,a
  87++8D07 10 CF        	djnz OK_SEM
  88++8D09 C9           	ret
  89++8D0A
  90++8D0A ~            /*
  91++8D0A ~            SP_TAB	defw #0B00  ;kam zobrazit
  92++8D0A ~            	defw 32768 ;odkud
  93++8D0A ~            */
  94++8D0A              	endmodule
  95++8D0A
# file closed: sprite2.a80
  14+ 8D0A              eightbc_i	incbin	"8BC_I.cde"
  15+ 8D78              ;EasyLogoSmall	incbin	"EasyLogoSmall.bin"
  16+ 8D78              EasyLogoSmall	incbin	"ehSDnewlogo.cde"
  17+ 8E50              ;		include "lbaread.a80"	;vlozeno primo do kodu GUI
  18+ 8E50              ;		include "sd_rw.asm"	;SD card init, read, write---dame to dozadu
  19+ 8E50              	IFNDEF DUAL_GUI_TEST
  20+ 8E50 ~            zvuk		incbin	"ZVUK.BIN"
  21+ 8E50 ~            zvukend
  22+ 8E50              	ENDIF
  23+ 8E50
  24+ 8E50              @SP_TAB
  25+ 8E50              	IFDEF DUAL_GUI_TEST
  26+ 8E50              ; Testovaci 1.1 GUI nepouziva velke intro obrazky. Ctvrty zaznam musi
  27+ 8E50              ; zustat zachovan, protoze hlavicka vola sprite cislo 3.
  28+ 8E50 01 02        @TAB_sprite1	defb	1,2
  29+ 8E52 0A 8D        		defw	eightbc_i
  30+ 8E54 01 02        		defb	1,2
  31+ 8E56 0A 8D        		defw	eightbc_i
  32+ 8E58 01 02        		defb	1,2
  33+ 8E5A 0A 8D        		defw	eightbc_i
  34+ 8E5C 01 02        		defb	1,2
  35+ 8E5E 0A 8D        		defw	eightbc_i
  36+ 8E60              	ELSE
  37+ 8E60 ~            @TAB_sprite1	defb	10,2
  38+ 8E60 ~            		defw	CaroLogo
  39+ 8E60 ~            		defb	24,20
  40+ 8E60 ~            		defw	NewdimLogo
  41+ 8E60 ~            		defb	0,21
  42+ 8E60 ~            		defw	eightbc_i
  43+ 8E60 ~            		defb	1,2
  44+ 8E60 ~            		defw	eightbc_i
  45+ 8E60              	ENDIF
  46+ 8E60              ;		defb	25,2
  47+ 8E60              ;		defw	EasyLogoSmall
  48+ 8E60
  49+ 8E60
  50+ 8E60              	module	GUI
  51+ 8E60
  52+ 8E60              	SD_DRIVER 0
  52+ 8E60             >
  52+ 8E60             >;;;    device zxspectrum48
  52+ 8E60             >;;;    org 32768
  52+ 8E60             >DMA_SD  equ 1
  52+ 8E60             >start_sd
  52+ 8E60 CD 82 8E    >    call SD_INIT
  52+ 8E63 DD 21 00 91 >    ld ix,buff
  52+ 8E67 11 00 00    >    ld de,0
  52+ 8E6A 21 00 00    >    ld hl,0
  52+ 8E6D CD 93 8F    >    call SD_READ
  52+ 8E70             >    ; call nz,SD_IDLE
  52+ 8E70 18 EE       >    jr start_sd
  52+ 8E72             >
  52+ 8E72             >card_select
  52+ 8E72 FE          >     db SD_0
  52+ 8E73             >;    db SD_1
  52+ 8E73             >
  52+ 8E73             >; based on doc http://elm-chan.org/docs/mmc/mmc_e.html
  52+ 8E73             >
  52+ 8E73             >SPI_PORT	equ 0xeb
  52+ 8E73             >OUT_PORT	equ 0xe7	; port for CS control (D1:D0)
  52+ 8E73             >DMA_PORT    equ 11
  52+ 8E73             >
  52+ 8E73             >SD_0		equ 0xFE    ;0xFE,esxdos 0xF6	; D0 LOW = SLOT0 active; D3 low = NMI disabled
  52+ 8E73             >SD_1		equ 0xFD    ;0xFD,esxdos 0xF5	; D1 LOW = SLOT1 active; D3 low = NMI disabled
  52+ 8E73             >
  52+ 8E73             >CMD_0		equ	0x40	; Go idle state
  52+ 8E73             >CMD_1		equ	0x40+1	; SEND_OP_COND
  52+ 8E73             >CMD_8		equ 0x40+8	; SEND_IF_COND
  52+ 8E73             >CMD_9		equ 0x40+9	; SEND_CSD
  52+ 8E73             >CMD_10		equ	0x40+10	; SEND_CID
  52+ 8E73             >CMD_12		equ 0x40+12	; STOP_TRANSMISSION
  52+ 8E73             >CMD_16		equ	0x40+16	; SET_BLOCKLEN
  52+ 8E73             >CMD_17		equ	0x40+17	; READ_SINGLE_BLOCK
  52+ 8E73             >CMD_18		equ	0x40+18	; READ_MULTIPLE_BLOCK
  52+ 8E73             >;CMD_23		equ 0x40+23	; SET_BLOCK_COUNT (MMC ONLY)
  52+ 8E73             >ACMD23		equ 0x40+23	; SET_WR_BLOCK_ERASE_COUNT
  52+ 8E73             >CMD_24		equ 0x40+24	; WRITE_BLOCK
  52+ 8E73             >CMD_25		equ 0x40+25	; WRITE_MULTIPLE_BLOCK
  52+ 8E73             >ACMD41		equ 0x40+41	; APP_SEND_OP_COND
  52+ 8E73             >CMD_55		equ 0x40+55	; APP_CMD
  52+ 8E73             >CMD_58		equ 0x40+58	; READ_OCR
  52+ 8E73             >
  52+ 8E73             >BLOCKSIZE	equ	512		; SD/MMC block size (bytes)
  52+ 8E73             >WAIT_DATA_TIMEOUT	equ	0
  52+ 8E73             >WAIT_CMD_TIMEOUT	equ	0
  52+ 8E73             >; R1 response
  52+ 8E73             >; D0 = Idle state / init not completed yet
  52+ 8E73             >; D1 = Erase Reset
  52+ 8E73             >; D2 = Illegal Command
  52+ 8E73             >; D3 = Com CRC Error
  52+ 8E73             >; D4 = Erase Sequence Error
  52+ 8E73             >; D5 = Address Error
  52+ 8E73             >; D6 = Parameter Error
  52+ 8E73             >; D7 = ALWAYS LOW
  52+ 8E73             >
  52+ 8E73 3A 72 8E    >SD_ON	ld a,(card_select)
  52+ 8E76 D3 E7       >	out (OUT_PORT),a
  52+ 8E78 3E FF       >	ld a,0xff
  52+ 8E7A D3 EB       >	out (SPI_PORT),a
  52+ 8E7C C9          >	ret
  52+ 8E7D             >SD_OFF
  52+ 8E7D 3E FF       >    ld a,0xFF
  52+ 8E7F D3 E7       >	out (OUT_PORT),a
  52+ 8E81             >;	out	(SPI_PORT),a
  52+ 8E81 C9          >    ret
  52+ 8E82             >
  52+ 8E82 ~           >/*
  52+ 8E82 ~           >SD_ON   ; a = 0,1 sd card
  52+ 8E82 ~           >    and 1
  52+ 8E82 ~           >    ld hl,sd_cs
  52+ 8E82 ~           >    ld e,a
  52+ 8E82 ~           >    ld d,0
  52+ 8E82 ~           >    add hl,de
  52+ 8E82 ~           >    ld a,(hl)
  52+ 8E82 ~           >    out (OUT_PORT),a
  52+ 8E82 ~           >    ret
  52+ 8E82 ~           >
  52+ 8E82 ~           >sd_cs
  52+ 8E82 ~           >    db SD_0,SD_1
  52+ 8E82 ~           >*/
  52+ 8E82             >SD_INIT
  52+ 8E82             >;    ld b,10
  52+ 8E82 06 0C       >	ld b,12		;pri 20MHz byla hodnota 10 malo, pri vysunute karte je to 11 sec timeout
  52+ 8E84             >sd_init_loop
  52+ 8E84 C5          >    push bc
  52+ 8E85 CD AA 8E    >    call SD_POWER_ON
  52+ 8E88 CD B7 8E    >    call SD_RESET
  52+ 8E8B FE 01       >    cp 1
  52+ 8E8D 20 12       >    jr nz,sd_init_fail
  52+ 8E8F             >    ; resp = 1
  52+ 8E8F CD DD 8E    >    call SD_SEND_IF_COND
  52+ 8E92             >    ; 0 = OK
  52+ 8E92 B7          >    or a
  52+ 8E93 20 0C       >    jr nz,sd_init_fail
  52+ 8E95             >    ; read OCR
  52+ 8E95 CD 59 8F    >    call SD_OCR
  52+ 8E98 B7          >    or a
  52+ 8E99 20 06       >    jr nz,sd_init_fail
  52+ 8E9B CD AA 8E    >    call SD_POWER_ON
  52+ 8E9E C1          >    pop bc
  52+ 8E9F AF          >    xor a                       ; no error
  52+ 8EA0 C9          >    ret
  52+ 8EA1             >sd_init_fail
  52+ 8EA1 CD AA 8E    >    call SD_POWER_ON
  52+ 8EA4 C1          >    pop bc
  52+ 8EA5 10 DD       >    djnz sd_init_loop
  52+ 8EA7 3E FF       >    ld a,0xff                   ; cannot initialise
  52+ 8EA9 C9          >    ret
  52+ 8EAA             >
  52+ 8EAA             >SD_POWER_ON
  52+ 8EAA             >; Set DI and CS high and apply 74 or more clock pulses to SCLK.
  52+ 8EAA             >; The card will enter its native operating mode and go ready to accept native command.
  52+ 8EAA 3E FF       >    ld a,0xff
  52+ 8EAC D3 E7       >    out (OUT_PORT),a
  52+ 8EAE             >    ; send 80 clocks = 10x8 bits
  52+ 8EAE 06 0A       >    ld b,10
  52+ 8EB0 3E FF       >    ld a,0xff
  52+ 8EB2             >1
  52+ 8EB2 D3 EB       >    out (SPI_PORT),a
  52+ 8EB4 10 FC       >    djnz 1B
  52+ 8EB6 C9          >    ret
  52+ 8EB7             >
  52+ 8EB7             >SD_RESET
  52+ 8EB7             >    ; activate CS for selected card
  52+ 8EB7 3A 72 8E    >    ld a,(card_select)
  52+ 8EBA D3 E7       >    out (OUT_PORT),a
  52+ 8EBC             >    ; dummy clock
  52+ 8EBC 3E FF       >    ld a,0xff
  52+ 8EBE D3 EB       >    out (SPI_PORT),a
  52+ 8EC0             >    ; send CMD0, arg=0, CRC=95h
  52+ 8EC0 3E 40       >    ld a,CMD_0
  52+ 8EC2 D3 EB       >    out (SPI_PORT),a
  52+ 8EC4 AF          >    xor a
  52+ 8EC5 D3 EB       >    out (SPI_PORT),a
  52+ 8EC7 D3 EB       >    out (SPI_PORT),a
  52+ 8EC9 D3 EB       >    out (SPI_PORT),a
  52+ 8ECB D3 EB       >    out (SPI_PORT),a
  52+ 8ECD 3E 95       >    ld a,0x95
  52+ 8ECF D3 EB       >    out (SPI_PORT),a
  52+ 8ED1             >
  52+ 8ED1 CD 07 90    >    call WAIT
  52+ 8ED4 FE 01       >    cp 1
  52+ 8ED6 C8          >    ret z
  52+ 8ED7             >
  52+ 8ED7             >SD_ERROR
  52+ 8ED7 5F          >    ld e,a
  52+ 8ED8 CD AA 8E    >    call SD_POWER_ON
  52+ 8EDB 7B          >    ld a,e
  52+ 8EDC C9          >    ret
  52+ 8EDD             >
  52+ 8EDD             >SD_SEND_IF_COND
  52+ 8EDD 3E FF       >    ld a,0xff
  52+ 8EDF D3 EB       >    out (SPI_PORT),a
  52+ 8EE1 3E 48       >    ld a,CMD_8
  52+ 8EE3 D3 EB       >    out (SPI_PORT),a
  52+ 8EE5 AF          >    xor a
  52+ 8EE6 D3 EB       >    out (SPI_PORT),a
  52+ 8EE8 AF          >    xor a                       ; more time for DIVMMC
  52+ 8EE9 D3 EB       >    out (SPI_PORT),a
  52+ 8EEB 3E 01       >    ld a,1
  52+ 8EED D3 EB       >    out (SPI_PORT),a
  52+ 8EEF 3E AA       >    ld a,0xaa
  52+ 8EF1 D3 EB       >    out (SPI_PORT),a
  52+ 8EF3             >    ; CRC for CMD8
  52+ 8EF3 3E 87       >    ld a,0x87
  52+ 8EF5 D3 EB       >    out (SPI_PORT),a
  52+ 8EF7             >
  52+ 8EF7 CD 07 90    >    call WAIT
  52+ 8EFA FE 01       >    cp 1
  52+ 8EFC 20 D9       >    jr nz,SD_ERROR
  52+ 8EFE             >
  52+ 8EFE             >    ; validate R7 response: 00 00 01 AA
  52+ 8EFE DB EB       >    in a,(SPI_PORT)
  52+ 8F00 B7          >    or a
  52+ 8F01 20 D4       >    jr nz,SD_ERROR
  52+ 8F03 DB EB       >    in a,(SPI_PORT)
  52+ 8F05 B7          >    or a
  52+ 8F06 20 CF       >    jr nz,SD_ERROR
  52+ 8F08 DB EB       >    in a,(SPI_PORT)
  52+ 8F0A FE 01       >    cp 1
  52+ 8F0C 20 C9       >    jr nz,SD_ERROR
  52+ 8F0E DB EB       >    in a,(SPI_PORT)
  52+ 8F10 FE AA       >    cp 0xAA
  52+ 8F12 20 C3       >    jr nz,SD_ERROR
  52+ 8F14             >
  52+ 8F14             >    ; if 0x1AA, V2: send ACMD41
  52+ 8F14 06 C8       >    ld b,200
  52+ 8F16             >retry_41
  52+ 8F16 C5          >    push bc
  52+ 8F17 3E FF       >    ld a,0xff
  52+ 8F19 D3 EB       >    out (SPI_PORT),a
  52+ 8F1B 3E 77       >    ld a,CMD_55
  52+ 8F1D D3 EB       >    out (SPI_PORT),a
  52+ 8F1F AF          >    xor a
  52+ 8F20 D3 EB       >    out (SPI_PORT),a
  52+ 8F22 D3 EB       >    out (SPI_PORT),a
  52+ 8F24 D3 EB       >    out (SPI_PORT),a
  52+ 8F26 D3 EB       >    out (SPI_PORT),a
  52+ 8F28             >    ; CRC not needed
  52+ 8F28 3E FF       >    ld a,0xff
  52+ 8F2A D3 EB       >    out (SPI_PORT),a
  52+ 8F2C             >
  52+ 8F2C CD 07 90    >    call WAIT
  52+ 8F2F FE 02       >    cp 2
  52+ 8F31 30 22       >    jr nc,cmd55err              ; anything >1 = error
  52+ 8F33             >
  52+ 8F33 3E FF       >    ld a,0xff
  52+ 8F35 D3 EB       >    out (SPI_PORT),a
  52+ 8F37             >
  52+ 8F37 3E 69       >    ld a,ACMD41
  52+ 8F39 D3 EB       >    out (SPI_PORT),a
  52+ 8F3B 3E 40       >    ld a,%01000000              ; HCS / bit 30
  52+ 8F3D D3 EB       >    out (SPI_PORT),a
  52+ 8F3F AF          >    xor a
  52+ 8F40 D3 EB       >    out (SPI_PORT),a
  52+ 8F42 D3 EB       >    out (SPI_PORT),a
  52+ 8F44 D3 EB       >    out (SPI_PORT),a
  52+ 8F46             >    ; CRC not needed
  52+ 8F46 3E FF       >    ld a,0xff
  52+ 8F48 D3 EB       >    out (SPI_PORT),a
  52+ 8F4A             >
  52+ 8F4A CD 07 90    >    call WAIT
  52+ 8F4D             >    ; 0 = OK, 1 = still idle
  52+ 8F4D C1          >    pop bc
  52+ 8F4E B7          >    or a
  52+ 8F4F C8          >    ret z
  52+ 8F50 10 C4       >    djnz retry_41
  52+ 8F52 3E FF       >    ld a,0xff                   ; timeout
  52+ 8F54 C9          >    ret
  52+ 8F55             >cmd55err
  52+ 8F55 C1          >    pop bc
  52+ 8F56 C3 D7 8E    >    jp SD_ERROR
  52+ 8F59             >
  52+ 8F59             >SD_OCR
  52+ 8F59 3E 7A       >	ld a,CMD_58
  52+ 8F5B 21 00 00    >	ld hl,0
  52+ 8F5E 11 00 00    >	ld de,0
  52+ 8F61 CD F3 8F    >	call SD_SENDCMD
  52+ 8F64             >	; a = R1
  52+ 8F64 5F          >	ld e,a
  52+ 8F65 DB EB       >    in a,(SPI_PORT)
  52+ 8F67 DB EB       >	in a,(SPI_PORT)
  52+ 8F69 DB EB       >	in a,(SPI_PORT)
  52+ 8F6B DB EB       >	in a,(SPI_PORT)
  52+ 8F6D             >	; 128 = ready
  52+ 8F6D             >        ; test SDXC
  52+ 8F6D 7B          >	ld a,e	; a = R1
  52+ 8F6E C9          >	ret
  52+ 8F6F             >SD_CSD	; get CSD register
  52+ 8F6F 3E 49       >	ld a,CMD_9
  52+ 8F71 18 02       >	jr csd_cid_comm
  52+ 8F73             >SD_CID	; get CID register
  52+ 8F73             >	; ix = read to address
  52+ 8F73 3E 4A       >	ld a,CMD_10
  52+ 8F75             >csd_cid_comm	; common for CSD/CID read
  52+ 8F75 21 00 00    >	ld hl,0
  52+ 8F78 11 00 00    >	ld de,0
  52+ 8F7B CD F3 8F    >	call SD_SENDCMD
  52+ 8F7E FE 00       >	cp 0
  52+ 8F80 C0          >	ret nz
  52+ 8F81 5F          >    ld e,a  ; store R1
  52+ 8F82 CD 17 90    >	call WAIT_DATA
  52+ 8F85             >
  52+ 8F85 DD E5       >	push ix
  52+ 8F87 E1          >	pop hl
  52+ 8F88 01 EB 10    >	ld bc,(256*16)+SPI_PORT ; 16 bytes
  52+ 8F8B ED B2       >	inir
  52+ 8F8D DB EB       >    in a,(SPI_PORT)
  52+ 8F8F DB EB       >	in a,(SPI_PORT)
  52+ 8F91 7B          >    ld a,e  ; restore R1
  52+ 8F92 C9          >	ret
  52+ 8F93 ~           >/*
  52+ 8F93 ~           >SD_BL_LEN
  52+ 8F93 ~           >    ld a,CMD_16
  52+ 8F93 ~           >    ld hl,0
  52+ 8F93 ~           >    ld de,512
  52+ 8F93 ~           >    call SD_SENDCMD
  52+ 8F93 ~           >    ret
  52+ 8F93 ~           >*/
  52+ 8F93             >SD_READ
  52+ 8F93             >	; call SD_IDLE
  52+ 8F93             >;----
  52+ 8F93 3A 72 8E    >    ld a,(card_select)
  52+ 8F96 D3 E7       >	out (OUT_PORT),a
  52+ 8F98             >;----
  52+ 8F98 3E FF       >	ld a,0xff
  52+ 8F9A D3 EB       >	out (SPI_PORT),a
  52+ 8F9C             >	; hlde = sector
  52+ 8F9C 3E 51       >	ld a,CMD_17
  52+ 8F9E CD F3 8F    >	call SD_SENDCMD
  52+ 8FA1             >	; 0 = ok
  52+ 8FA1 FE 00       >	cp 0
  52+ 8FA3 C0          >    ret nz
  52+ 8FA4 5F          >    ld e,a  ; store R1
  52+ 8FA5             >    ; call pause
  52+ 8FA5 CD 17 90    >	call WAIT_DATA
  52+ 8FA8             >		; cp 0xFE
  52+ 8FA8             >		; jr nz,wderr
  52+ 8FA8             >	; 0xFE = data start
  52+ 8FA8 DD E5       >	push ix
  52+ 8FAA E1          >	pop hl
  52+ 8FAB             >
  52+ 8FAB             >	IF DMA_SD
  52+ 8FAB CD 31 90    >	call dma_read
  52+ 8FAE             >	ELSE
  52+ 8FAE ~           >	ld bc,SPI_PORT
  52+ 8FAE ~           >	inir
  52+ 8FAE ~           >	inir
  52+ 8FAE             >	ENDIF
  52+ 8FAE             >
  52+ 8FAE             >	; 2b crc
  52+ 8FAE 00          >    nop
  52+ 8FAF DB EB       >	in a,(SPI_PORT)
  52+ 8FB1 00          >    nop
  52+ 8FB2 DB EB       >	in a,(SPI_PORT)
  52+ 8FB4             >;----
  52+ 8FB4 3E FF       >	ld a,255
  52+ 8FB6 D3 E7       >	out (OUT_PORT),a
  52+ 8FB8 D3 EB       >	out (SPI_PORT),a
  52+ 8FBA             >;----
  52+ 8FBA             >
  52+ 8FBA             >	; call SD_IDLE
  52+ 8FBA             >
  52+ 8FBA 7B          >    ld a,e  ; restore R1
  52+ 8FBB B7          >    or a
  52+ 8FBC C9          >	ret
  52+ 8FBD             >; wderr
  52+ 8FBD             >; 	ld e,a
  52+ 8FBD             >; 	ld a,2
  52+ 8FBD             >; 	out (254),a
  52+ 8FBD             >; 	ld a,e
  52+ 8FBD             >; 	ret
  52+ 8FBD             >; pause
  52+ 8FBD             >;     ld bc,512
  52+ 8FBD             >; 1
  52+ 8FBD             >;     dec bc
  52+ 8FBD             >;     ld a,b
  52+ 8FBD             >;     or c
  52+ 8FBD             >;     jr nz,1B
  52+ 8FBD             >;     ; djnz 1B
  52+ 8FBD             >;     ret
  52+ 8FBD             >
  52+ 8FBD             >
  52+ 8FBD             >
  52+ 8FBD             >; SD_TEST
  52+ 8FBD             >; 	ld de,0
  52+ 8FBD             >; 	ld hl,0x44
  52+ 8FBD             >; 	ld ix,0x100
  52+ 8FBD             >; 	call SD_READ
  52+ 8FBD             >; 	ld de,0
  52+ 8FBD             >; 	ld hl,0x44
  52+ 8FBD             >; 	ld ix,0x100
  52+ 8FBD             >; 	call SD_WRITE
  52+ 8FBD             >; 	jr SD_TEST
  52+ 8FBD             >
  52+ 8FBD             >
  52+ 8FBD             >SD_WRITE
  52+ 8FBD             >	; hlde = sector
  52+ 8FBD             >	; ix = from address
  52+ 8FBD             >
  52+ 8FBD             >	; call SD_IDLE
  52+ 8FBD             >;----
  52+ 8FBD 3A 72 8E    >	ld a,(card_select)
  52+ 8FC0 D3 E7       >	out (OUT_PORT),a
  52+ 8FC2 3E FF       >	ld a,0xff
  52+ 8FC4 D3 EB       >	out (SPI_PORT),a
  52+ 8FC6             >;----
  52+ 8FC6 3E 58       >	ld a,CMD_24
  52+ 8FC8 CD F3 8F    >	call SD_SENDCMD
  52+ 8FCB FE 00       >	cp 0    ; 0 = ok
  52+ 8FCD             >
  52+ 8FCD 3E FE       >	ld a,0xFE	; data start
  52+ 8FCF             >	; out (c),a
  52+ 8FCF D3 EB       >	out (SPI_PORT),a
  52+ 8FD1             >
  52+ 8FD1 DD E5       >	push ix
  52+ 8FD3 E1          >	pop hl
  52+ 8FD4             >	IF DMA_SD
  52+ 8FD4 CD 27 90    >	call dma_write
  52+ 8FD7 0E EB       >	ld c,SPI_PORT
  52+ 8FD9             >	ELSE
  52+ 8FD9 ~           >	ld bc,SPI_PORT
  52+ 8FD9 ~           >	otir
  52+ 8FD9 ~           >	otir
  52+ 8FD9             >	ENDIF
  52+ 8FD9             >
  52+ 8FD9 AF          >	xor a
  52+ 8FDA             >	; 2b crc
  52+ 8FDA             >	; out (c),a
  52+ 8FDA             >	; out (c),a
  52+ 8FDA D3 EB       >	out (SPI_PORT),a
  52+ 8FDC D3 EB       >	out (SPI_PORT),a
  52+ 8FDE             >
  52+ 8FDE CD 07 90    >	call WAIT
  52+ 8FE1             >	; a = Data response
  52+ 8FE1 5F          >	ld e,a
  52+ 8FE2             >
  52+ 8FE2             >wbsy
  52+ 8FE2 CD 07 90    >	call WAIT
  52+ 8FE5 FE 00       >	cp 0
  52+ 8FE7 28 F9       >	jr z,wbsy
  52+ 8FE9             >
  52+ 8FE9             >;----
  52+ 8FE9 3E FF       >	ld a,255
  52+ 8FEB D3 E7       >	out (OUT_PORT),a
  52+ 8FED D3 EB       >	out (SPI_PORT),a
  52+ 8FEF             >;----
  52+ 8FEF             >
  52+ 8FEF             >	; call SD_IDLE
  52+ 8FEF             >
  52+ 8FEF 7B          >	ld a,e
  52+ 8FF0 E6 1F       >	and 0x1f
  52+ 8FF2             >	; a = Data response
  52+ 8FF2 C9          >	ret
  52+ 8FF3 ~           >/*
  52+ 8FF3 ~           >SD_READ_MULTI
  52+ 8FF3 ~           >	ei
  52+ 8FF3 ~           >	ld a,CMD_18
  52+ 8FF3 ~           >	call SD_SENDCMD
  52+ 8FF3 ~           >	call WAIT_DATA
  52+ 8FF3 ~           >	; 0xFE = data start
  52+ 8FF3 ~           >    ret ; now read blocks until sd_stoptrans sent
  52+ 8FF3 ~           >; test_loop
  52+ 8FF3 ~           >; 	push ix
  52+ 8FF3 ~           >; 	pop hl
  52+ 8FF3 ~           >; 	ld bc,SPI_PORT
  52+ 8FF3 ~           >; 	inir
  52+ 8FF3 ~           >; 	inir
  52+ 8FF3 ~           >; 	inir
  52+ 8FF3 ~           >; 	inir
  52+ 8FF3 ~           >
  52+ 8FF3 ~           >; 	call SD_STOPTRANS
  52+ 8FF3 ~           >
  52+ 8FF3 ~           >; 	ret
  52+ 8FF3 ~           >
  52+ 8FF3 ~           >SD_STOPTRANS
  52+ 8FF3 ~           >	ld a,CMD_12
  52+ 8FF3 ~           >	ld hl,0
  52+ 8FF3 ~           >	ld de,0
  52+ 8FF3 ~           >	call SD_SENDCMD
  52+ 8FF3 ~           >
  52+ 8FF3 ~           >1
  52+ 8FF3 ~           >	in a,(SPI_PORT)
  52+ 8FF3 ~           >	cp 0xff	; ceka se na not idle
  52+ 8FF3 ~           >	jr nz,1B
  52+ 8FF3 ~           >	ret
  52+ 8FF3 ~           >*/
  52+ 8FF3             >
  52+ 8FF3             >; SD_IDLE
  52+ 8FF3             >; 	ld b,16
  52+ 8FF3             >; 	ld a,0xff
  52+ 8FF3             >; 1
  52+ 8FF3             >; 	; in a,(SPI_PORT)
  52+ 8FF3             >; 	out (SPI_PORT),a
  52+ 8FF3             >; 	djnz 1B
  52+ 8FF3             >; 	ret
  52+ 8FF3             >
  52+ 8FF3             >SD_SENDCMD
  52+ 8FF3 0E EB       >    ld c,SPI_PORT
  52+ 8FF5 ED 79       >    out (c),a
  52+ 8FF7 00          >    nop                         ; DIVMMC needs more time
  52+ 8FF8 ED 61       >    out (c),h
  52+ 8FFA 00          >    nop
  52+ 8FFB ED 69       >    out (c),l
  52+ 8FFD 00          >    nop
  52+ 8FFE ED 51       >    out (c),d
  52+ 9000 00          >    nop
  52+ 9001 ED 59       >    out (c),e
  52+ 9003             >
  52+ 9003 3E FF       >    ld a,0xff
  52+ 9005 ED 79       >    out (c),a
  52+ 9007             >
  52+ 9007             >WAIT
  52+ 9007 01 00 00    >    ld bc,WAIT_CMD_TIMEOUT
  52+ 900A             >wloop
  52+ 900A DB EB       >    in a,(SPI_PORT)
  52+ 900C FE FF       >    cp 0xFF
  52+ 900E C0          >    ret nz
  52+ 900F 0B          >    dec bc
  52+ 9010 78          >    ld a,b
  52+ 9011 B1          >    or c
  52+ 9012 20 F6       >    jr nz,wloop
  52+ 9014 3E FF       >    ld a,0xff                   ; timeout
  52+ 9016 C9          >    ret
  52+ 9017             >
  52+ 9017             >WAIT_DATA
  52+ 9017 01 00 00    >    ld bc,WAIT_DATA_TIMEOUT
  52+ 901A             >wdata_loop
  52+ 901A DB EB       >    in a,(SPI_PORT)
  52+ 901C FE FE       >    cp 0xFE
  52+ 901E C8          >    ret z
  52+ 901F 0B          >    dec bc
  52+ 9020 78          >    ld a,b
  52+ 9021 B1          >    or c
  52+ 9022 20 F6       >    jr nz,wdata_loop
  52+ 9024 3E FF       >    ld a,0xff                   ; timeout
  52+ 9026 C9          >    ret
  52+ 9027             >
  52+ 9027             >dma_write
  52+ 9027 22 47 90    >    ld (dma_to),hl
  52+ 902A 21 46 90    >    ld hl,wr0
  52+ 902D CB D6       >    set 2,(hl)
  52+ 902F 18 08       >    jr dma_set
  52+ 9031             >
  52+ 9031             >dma_read
  52+ 9031 22 47 90    >    ld (dma_to),hl
  52+ 9034 21 46 90    >    ld hl,wr0
  52+ 9037 CB 96       >    res 2,(hl)
  52+ 9039             >dma_set
  52+ 9039 21 43 90    >    ld hl,dma_cmd
  52+ 903C             >        IF 0
  52+ 903C ~           >    ; BSDOS: posledni bajt DMA sekvence se posila po prestrankovani do DOS banky
  52+ 903C ~           >    ld bc,(256*(dma_cmd_len-1))+DMA_PORT
  52+ 903C ~           >    otir
  52+ 903C ~           >    ld a,97
  52+ 903C ~           >    ld b,#87
  52+ 903C ~           >    call MAIN.OTIR
  52+ 903C             >        ELSE
  52+ 903C             >    ; GUI: cela DMA sekvence se posle primo
  52+ 903C 01 0B 11    >    ld bc,(256*dma_cmd_len)+DMA_PORT
  52+ 903F ED B3       >    otir
  52+ 9041             >        ENDIF
  52+ 9041 ED 4D       >    reti
  52+ 9043             >;
  52+ 9043             >dma_cmd
  52+ 9043 C3          >    db #C3  ; 11000011  WR6 reset
  52+ 9044 C7          >    db #C7  ; 11000111  WR6 reset port a to z80 std timing
  52+ 9045 CB          >    db #CB  ; 11001011  WR6 reset port b to z80 std timing
  52+ 9046 7D          >wr0 db #7D  ; 01111101  WR0 port a start+len    a>b,transfer
  52+ 9047             >            ; 01111001  port a start+len    b>a,transfer
  52+ 9047             >dma_to
  52+ 9047 00 00       >    defw 0; port A start
  52+ 9049             >    ; dw 0xeb ; SPI_PORT
  52+ 9049             >dma_len     ; -1
  52+ 9049 FF 01       >    dw 511  ; port A len
  52+ 904B 14          >    db 0x14 ; 00010100  WR1 port a inc, memory, 4T
  52+ 904C             >	; ^^ TODO: 3T
  52+ 904C 28          >    db 0x28 ; 00101000  WR2 port b fixed, port, 4T
  52+ 904D C0          >    db 0xc0 ; 11000000  WR3 DMA enable
  52+ 904E             >    ; db 0x8d ; 10001101  WR4 load port B addr, byte at time
  52+ 904E AD          >    db 0xAd ; 10101101  WR4 load port B addr, CONTINUOUS
  52+ 904F EB 00       >    dw SPI_PORT ; SPI_PORT
  52+ 9051 92          >    db 0x92 ; 10010010  WR5 stop at blk end,EN wait
  52+ 9052 CF          >    db 0xcf ; 11001111  WR6 load
  52+ 9053 87          >    db 0x87 ; 10000111  WR6 Enable DMA
  52+ 9054             >dma_cmd_len   equ $-dma_cmd
  52+ 9054             >
  52+ 9054             >
  52+ 9054 00 00 00... >    align 256
  52+ 9100             >buff
  52+ 9100 00 00 00... >    ds 512
  52+ 9300             >end_sd
  52+ 9300             >;    savetap "sddebug.tap",start, end-start
  52+ 9300             >;    save3dos "sddebug.bin",start,end-start
  52+ 9300             >;;;	savebin "SDreadwrite", start, end-start
  52+ 9300             >
  53+ 9300
  54+ 9300              zvukcmp equ	60000		;adresa zkopilovaneho zvuku
  55+ 9300
  56+ 9300 01           DUAL_PASS		db 1
  57+ 9301 01           DUAL_PARTITION_SD1	db 1
  58+ 9302 01           DUAL_PARTITION_SD2	db 1
  59+ 9303 00 00 00 00  DUAL_LBA_SD1		db 0,0,0,0
  60+ 9307 00 00 00 00  DUAL_LBA_SD2		db 0,0,0,0
  61+ 930B
  62+ 930B              	IFDEF DUAL_GUI_TEST
  63+ 930B 00           DUAL_PRESENT_SD1	db 0
  64+ 930C 00           DUAL_PRESENT_SD2	db 0
  65+ 930D 00           DUAL_SELECTED_SD1	db 0
  66+ 930E 00           DUAL_SELECTED_SD2	db 0
  67+ 930F 00 00 00...  DUAL_CARD_INFO_SD1	block 32,0	;CID 16B + CSD 16B
  68+ 932F 00 00 00...  DUAL_CARD_INFO_SD2	block 32,0
  69+ 934F 00           DUAL_CURSOR_INDEX	db 0		;0-based viditelny radek
  70+ 9350 00 00        DUAL_CURSOR_ADDR	dw 0		;atributova adresa aktualniho radku
  71+ 9352 00           DUAL_FORCE_MANUAL	db 0		;SPACE zachyceny hned na zacatku skenovani
  72+ 9353              	ENDIF
  73+ 9353
  74+ 9353              ; Docasne dvouprchodove GUI: stejna overena obrazovka nejprve pro SD1,
  75+ 9353              ; potom pro SD2. Finalni osmipolozkove GUI prijde po overeni backendu.
  76+ 9353              gui
  77+ 9353              	IFDEF DUAL_GUI_TEST
  78+ 9353 C3 CD 93     		jp	gui_dual_test
  79+ 9356              	ENDIF
  80+ 9356
  81+ 9356 3E FE        	ld	a,SD_0
  82+ 9358 32 72 8E     	ld	(card_select),a
  83+ 935B 3E 01        	ld	a,1
  84+ 935D 32 00 93     	ld	(DUAL_PASS),a
  85+ 9360 CD 86 94     	call	gui_one
  86+ 9363
  87+ 9363 3A 08 80     	ld	a,(@partition)
  88+ 9366 32 01 93     	ld	(DUAL_PARTITION_SD1),a
  89+ 9369 11 03 93     	ld	de,DUAL_LBA_SD1
  90+ 936C CD 73 94     	call	save_selected_lba
  91+ 936F
  92+ 936F 21 00 B3     	ld	hl,VDT
  93+ 9372 11 80 B3     	ld	de,VDT+128
  94+ 9375 01 80 00     	ld	bc,128
  95+ 9378 ED B0        	ldir
  96+ 937A AF           	xor	a
  97+ 937B 21 00 B3     	ld	hl,VDT
  98+ 937E 11 01 B3     	ld	de,VDT+1
  99+ 9381 01 7F 00     	ld	bc,127
 100+ 9384 77           	ld	(hl),a
 101+ 9385 ED B0        	ldir
 102+ 9387
 103+ 9387 3E FD        	ld	a,SD_1
 104+ 9389 32 72 8E     	ld	(card_select),a
 105+ 938C 3E 02        	ld	a,2
 106+ 938E 32 00 93     	ld	(DUAL_PASS),a
 107+ 9391 CD 86 94     	call	gui_one
 108+ 9394
 109+ 9394 3A 08 80     	ld	a,(@partition)
 110+ 9397 32 02 93     	ld	(DUAL_PARTITION_SD2),a
 111+ 939A 11 07 93     	ld	de,DUAL_LBA_SD2
 112+ 939D CD 73 94     	call	save_selected_lba
 113+ 93A0
 114+ 93A0              ; Po druhem pruchodu je SD2 v prvni polovine a odlozena SD1 ve druhe.
 115+ 93A0              ; Prohodime je do finalniho poradi SD1 (1-4), SD2 (5-8).
 116+ 93A0 21 00 B3     	ld	hl,VDT
 117+ 93A3 11 24 AE     	ld	de,BUFFER
 118+ 93A6 01 80 00     	ld	bc,128
 119+ 93A9 ED B0        	ldir
 120+ 93AB 21 80 B3     	ld	hl,VDT+128
 121+ 93AE 11 00 B3     	ld	de,VDT
 122+ 93B1 01 80 00     	ld	bc,128
 123+ 93B4 ED B0        	ldir
 124+ 93B6 21 24 AE     	ld	hl,BUFFER
 125+ 93B9 11 80 B3     	ld	de,VDT+128
 126+ 93BC 01 80 00     	ld	bc,128
 127+ 93BF ED B0        	ldir
 128+ 93C1
 129+ 93C1 3E FE        	ld	a,SD_0
 130+ 93C3 32 72 8E     	ld	(card_select),a
 131+ 93C6 3A 01 93     	ld	a,(DUAL_PARTITION_SD1)
 132+ 93C9 32 08 80     	ld	(@partition),a
 133+ 93CC C9           	ret
 134+ 93CD
 135+ 93CD              	IFDEF DUAL_GUI_TEST
 136+ 93CD              ; Prvni emulatorovy mezikrok: oba sloty se proskenuji bez stareho
 137+ 93CD              ; ctyrradkoveho menu. Vysledky se pak slozi na jedinou obrazovku.
 138+ 93CD              gui_dual_test
 139+ 93CD CD 45 94     	call	clear_dual_test_data
 140+ 93D0 AF           	xor	a
 141+ 93D1 32 52 93     	ld	(DUAL_FORCE_MANUAL),a
 142+ 93D4 CD 67 94     	call	dual_latch_space
 143+ 93D7 CD 3A 9D     	call	draw_dual_overview
 144+ 93DA
 145+ 93DA 3E FE        	ld	a,SD_0
 146+ 93DC 32 72 8E     	ld	(card_select),a
 147+ 93DF 3E 01        	ld	a,1
 148+ 93E1 32 00 93     	ld	(DUAL_PASS),a
 149+ 93E4 CD 59 94     	call	clear_scan_vdt
 150+ 93E7 CD 86 94     	call	gui_one
 151+ 93EA CD 67 94     	call	dual_latch_space
 152+ 93ED
 153+ 93ED              ; Odloz SD1 VDT do druhe poloviny a priprav prvni polovinu pro SD2.
 154+ 93ED 21 00 B3     	ld	hl,VDT
 155+ 93F0 11 80 B3     	ld	de,VDT+128
 156+ 93F3 01 80 00     	ld	bc,128
 157+ 93F6 ED B0        	ldir
 158+ 93F8 CD 59 94     	call	clear_scan_vdt
 159+ 93FB
 160+ 93FB 3E FD        	ld	a,SD_1
 161+ 93FD 32 72 8E     	ld	(card_select),a
 162+ 9400 3E 02        	ld	a,2
 163+ 9402 32 00 93     	ld	(DUAL_PASS),a
 164+ 9405 CD 86 94     	call	gui_one
 165+ 9408 CD 67 94     	call	dual_latch_space
 166+ 940B
 167+ 940B              ; Po druhem skenu je SD2 v prvni polovine, SD1 ve druhe. Prohod poradi.
 168+ 940B 21 00 B3     	ld	hl,VDT
 169+ 940E 11 24 AE     	ld	de,BUFFER
 170+ 9411 01 80 00     	ld	bc,128
 171+ 9414 ED B0        	ldir
 172+ 9416 21 80 B3     	ld	hl,VDT+128
 173+ 9419 11 00 B3     	ld	de,VDT
 174+ 941C 01 80 00     	ld	bc,128
 175+ 941F ED B0        	ldir
 176+ 9421 21 24 AE     	ld	hl,BUFFER
 177+ 9424 11 80 B3     	ld	de,VDT+128
 178+ 9427 01 80 00     	ld	bc,128
 179+ 942A ED B0        	ldir
 180+ 942C
 181+ 942C CD F4 9F     	call	dual_prepare_auto_selection
 182+ 942F CD 67 94     	call	dual_latch_space	;posledni kontrola tesne pred AUTO potvrzenim
 183+ 9432 3A 52 93     	ld	a,(DUAL_FORCE_MANUAL)
 184+ 9435 B7           	or	a
 185+ 9436 20 09        	jr	nz,.manual_selection
 186+ 9438 CD 2F A0     	call	dual_prepare_selection_screen
 187+ 943B CD CC A1     	call	dual_confirm_selection
 188+ 943E B7           	or	a
 189+ 943F 20 03        	jr	nz,.selection_done
 190+ 9441              .manual_selection
 191+ 9441 CD 4B A0     	call	dual_selection_menu
 192+ 9444              .selection_done
 193+ 9444              	IFDEF DUAL_GUI_INSTALL_TEST
 194+ 9444 C9           	ret
 195+ 9445              	ELSE
 196+ 9445 ~            	jp	end_easy_exit
 197+ 9445              	ENDIF
 198+ 9445
 199+ 9445              clear_dual_test_data
 200+ 9445 AF           	xor	a
 201+ 9446 21 0B 93     	ld	hl,DUAL_PRESENT_SD1
 202+ 9449 11 0C 93     	ld	de,DUAL_PRESENT_SD1+1
 203+ 944C 01 43 00     	ld	bc,DUAL_CARD_INFO_SD2+32-DUAL_PRESENT_SD1-1
 204+ 944F 77           	ld	(hl),a
 205+ 9450 ED B0        	ldir
 206+ 9452 32 01 93     	ld	(DUAL_PARTITION_SD1),a
 207+ 9455 32 02 93     	ld	(DUAL_PARTITION_SD2),a
 208+ 9458 C9           	ret
 209+ 9459
 210+ 9459              clear_scan_vdt
 211+ 9459 AF           	xor	a
 212+ 945A 21 00 B3     	ld	hl,VDT
 213+ 945D 11 01 B3     	ld	de,VDT+1
 214+ 9460 01 7F 00     	ld	bc,127
 215+ 9463 77           	ld	(hl),a
 216+ 9464 ED B0        	ldir
 217+ 9466 C9           	ret
 218+ 9467
 219+ 9467              ; Zachyt SPACE v nekolika bodech dlouheho skenovani. Jakmile byl jednou
 220+ 9467              ; stisknuty, priznak zustane nastaveny az do vstupu do rucniho menu.
 221+ 9467              dual_latch_space
 222+ 9467 3E 7F        	ld	a,#7F
 223+ 9469 DB FE        	in	a,(#FE)		;#7FFE, bit 0 = SPACE, aktivni v nule
 224+ 946B 2F           	cpl
 225+ 946C E6 01        	and	1
 226+ 946E C8           	ret	z
 227+ 946F 32 52 93     	ld	(DUAL_FORCE_MANUAL),a
 228+ 9472 C9           	ret
 229+ 9473              	ENDIF
 230+ 9473
 231+ 9473              ; A=partition 1-4, DE=cilovy 4B LBA buffer.
 232+ 9473              save_selected_lba
 233+ 9473 3D           	dec	a
 234+ 9474 6F           	ld	l,a
 235+ 9475 26 00        	ld	h,0
 236+ 9477 29           	add	hl,hl
 237+ 9478 29           	add	hl,hl
 238+ 9479 29           	add	hl,hl
 239+ 947A 29           	add	hl,hl
 240+ 947B 29           	add	hl,hl
 241+ 947C 01 01 B3     	ld	bc,VDT+1
 242+ 947F 09           	add	hl,bc
 243+ 9480 01 04 00     	ld	bc,4
 244+ 9483 ED B0        	ldir
 245+ 9485 C9           	ret
 246+ 9486
 247+ 9486 F3           gui_one	di
 248+ 9487              	IFDEF DUAL_GUI_TEST
 249+ 9487 C3 EE 94     	jp	dual_scan_start
 250+ 948A              	ENDIF
 251+ 948A              ;	xor	a
 252+ 948A              ;	out	(254),a
 253+ 948A
 254+ 948A              ;;	call	SD_INIT		;testing purposes, was working good
 255+ 948A              ;;	jp	L3+6
 256+ 948A
 257+ 948A              ;splash screen
 258+ 948A              	IFNDEF DUAL_GUI_TEST
 259+ 948A ~            	ld	a,(@showsplash)
 260+ 948A ~            	or	a
 261+ 948A ~            	jr	z,nosplash
 262+ 948A ~
 263+ 948A ~            	ld	hl,zvuk
 264+ 948A ~            	ld	de,zvukcmp
 265+ 948A ~            	ld	bc,zvukend-zvuk
 266+ 948A ~            	ldir
 267+ 948A ~            ; presune zvuk na sve misto
 268+ 948A ~
 269+ 948A ~            ; init
 270+ 948A ~            	call	cls.CLS
 271+ 948A ~
 272+ 948A ~            	ld	a,2
 273+ 948A ~            	call	sprite2.SP_
 274+ 948A ~            	ld	a,1
 275+ 948A ~            	ld	b,10		;was 40
 276+ 948A ~            	call	zvukplay
 277+ 948A ~
 278+ 948A ~            	ld	a,1
 279+ 948A ~            	call	sprite2.SP_
 280+ 948A ~            	ld	a,2
 281+ 948A ~            	ld	b,10		;was 40
 282+ 948A ~            	call	zvukplay
 283+ 948A ~            	xor	a
 284+ 948A ~            	call	sprite2.SP_
 285+ 948A ~
 286+ 948A ~            ;/*	ld	hl,22528+256+32
 287+ 948A ~            ;	ld	de,22529+256+32
 288+ 948A ~            ;	ld	bc,255-32
 289+ 948A ~            ;	ld	(hl),6
 290+ 948A ~            ;	ldir
 291+ 948A ~            ;*/
 292+ 948A ~            	ld	hl,TEXT2
 293+ 948A ~            	ld	bc,#0a0d
 294+ 948A ~            	call	T42_TEXT
 295+ 948A ~            	ld	a,3
 296+ 948A ~            	ld	b,100		;was 128
 297+ 948A ~            	call	zvukplay
 298+ 948A ~            	call	zvukcmp+57	;ticho
 299+ 948A ~            ;	call	ANYKEY
 300+ 948A              	ENDIF
 301+ 948A
 302+ 948A              nosplash
 303+ 948A CD A3 8C     	call	cls.CLS
 304+ 948D CD 73 A7     	call	T_START
 305+ 9490              ; vykresli tabulku
 306+ 9490 3E 03        	ld	a,3
 307+ 9492 CD B3 8C     	call	sprite2.SP_
 308+ 9495              ;	ld	a,4
 309+ 9495 3E 03        	ld	a,3
 310+ 9497 CD B3 8C     	call	sprite2.SP_
 311+ 949A CD 78 8D     	call	EasyLogoSmall		;nove logo Easy SD
 312+ 949D 21 24 A3     	ld	hl,TEXT1		;vrchni prostredni tabulka
 313+ 94A0
 314+ 94A0              	IFDEF	ELEMENT
 315+ 94A0 ~            	ld	bc,#020b
 316+ 94A0              	ELSE
 317+ 94A0 01 0C 02     	ld	bc,#020C
 318+ 94A3              	ENDIF
 319+ 94A3
 320+ 94A3 CD AA A8     	call	T42_TEXT
 321+ 94A6 21 38 A3     	ld	hl,TEXT2
 322+ 94A9 01 0D 03     	ld	bc,#030d
 323+ 94AC CD AA A8     	call	T42_TEXT
 324+ 94AF              ;carymary
 325+ 94AF 01 3B 0E     	ld	bc,#0E3b
 326+ 94B2 11 BF 0E     	ld	de,#0EBF
 327+ 94B5 CD D1 8B     	call	draw_jugo.DRAW
 328+ 94B8 01 3B 21     	ld	bc,#213b
 329+ 94BB 11 BF 21     	ld	de,#21BF
 330+ 94BE CD D1 8B     	call	draw_jugo.DRAW
 331+ 94C1 01 3A 0F     	ld	bc,#0F3a
 332+ 94C4 11 3A 20     	ld	de,#203a
 333+ 94C7 CD D1 8B     	call	draw_jugo.DRAW
 334+ 94CA 01 C0 0F     	ld	bc,#0FC0
 335+ 94CD 11 C0 20     	ld	de,#20C0
 336+ 94D0 CD D1 8B     	call	draw_jugo.DRAW
 337+ 94D3
 338+ 94D3              ;SD1/SD2 IDENTIFY
 339+ 94D3 3A 00 93     	ld	a,(DUAL_PASS)
 340+ 94D6 3D           	dec	a
 341+ 94D7 21 54 A3     	ld	hl,TEXT_SD1
 342+ 94DA 28 03        	jr	z,.slot_text_ready
 343+ 94DC 21 5F A3     	ld	hl,TEXT_SD2
 344+ 94DF              .slot_text_ready
 345+ 94DF 01 02 05     	ld	bc,#0502
 346+ 94E2 CD AA A8     	call	T42_TEXT
 347+ 94E5
 348+ 94E5 21 C7 A3     	ld	hl,TEXT8
 349+ 94E8              	IFDEF DUAL_GUI_TEST
 350+ 94E8 01 0B 05     	ld	bc,#050B
 351+ 94EB              	ELSE
 352+ 94EB ~            	ld	bc,#050A
 353+ 94EB              	ENDIF
 354+ 94EB CD AA A8     	call	T42_TEXT	;piseme checking...
 355+ 94EE
 356+ 94EE              	IFDEF DUAL_GUI_TEST
 357+ 94EE              dual_scan_start
 358+ 94EE CD 95 9D     		call	draw_dual_checking_slot
 359+ 94F1 CD 24 95     		call	dual_sd_quick_probe
 360+ 94F4 FE 01        		cp	1
 361+ 94F6 20 06        		jr	nz,SD_INIT_FAILED
 362+ 94F8              	ENDIF
 363+ 94F8 CD 82 8E     	call	SD_INIT		;initialise SD card
 364+ 94FB B7           	or	a
 365+ 94FC 28 07        	jr	z,SD_INIT_OK
 366+ 94FE
 367+ 94FE              ; Bez karty: vypis chybu a rovnou ukonci EasySD.
 368+ 94FE              ;	Do CID/CSD ani vyberu partitions uz nepokracujeme.
 369+ 94FE              SD_INIT_FAILED
 370+ 94FE              	IFDEF DUAL_GUI_TEST
 371+ 94FE CD 2A 9D     		call	mark_dual_card_missing
 372+ 9501 CD B3 9D     		call	draw_dual_missing_slot
 373+ 9504 C9           		ret
 374+ 9505              	ELSE
 375+ 9505 ~            	ld	hl,TEXT_SD_NOT_FOUND
 376+ 9505 ~            	ld	bc,#050A
 377+ 9505 ~            	call	T42_TEXT
 378+ 9505 ~            	call	ANYKEY
 379+ 9505 ~            	jp	end_easy_exit
 380+ 9505              	ENDIF
 381+ 9505
 382+ 9505              SD_INIT_OK
 383+ 9505              					;identifikace SD karty
 384+ 9505 CD 73 8E     	call	SD_ON
 385+ 9508 DD 21 24 AE  	ld	ix,BUFFER
 386+ 950C CD 73 8F     	call	SD_CID			;nacti registry SD karty
 387+ 950F DD 21 34 AE  	ld	ix,BUFFER+16
 388+ 9513 CD 6F 8F     	call	SD_CSD			;nacti dalsi registry SD karty
 389+ 9516 CD 7D 8E     	call	SD_OFF
 390+ 9519              	IFDEF DUAL_GUI_TEST
 391+ 9519 CD 0C 9D     		call	save_dual_card_info
 392+ 951C CD A1 9D     		call	draw_dual_present_slot
 393+ 951F C3 2B 97     		jp	dual_partition_scan_start
 394+ 9522              	ENDIF
 395+ 9522 18 16        	jr	MASTERINFO
 396+ 9524
 397+ 9524              	IFDEF DUAL_GUI_TEST
 398+ 9524              ; Jeden rychly CMD0 pokus pred puvodnim SD_INIT. Chybejici slot tak
 399+ 9524              ; neprojde dlouhou opakovaci smyckou, ale pritom pritomna karta stale
 400+ 9524              ; dostane kompletni puvodni inicializaci se vsemi retry.
 401+ 9524              dual_sd_quick_probe
 402+ 9524 3E FF        	ld	a,#FF
 403+ 9526 D3 E7        	out	(OUT_PORT),a
 404+ 9528 CD AA 8E     	call	SD_POWER_ON
 405+ 952B 3A 72 8E     	ld	a,(card_select)
 406+ 952E D3 E7        	out	(OUT_PORT),a
 407+ 9530 CD B7 8E     	call	SD_RESET
 408+ 9533 F5           	push	af
 409+ 9534 3E FF        	ld	a,#FF
 410+ 9536 D3 E7        	out	(OUT_PORT),a
 411+ 9538 F1           	pop	af
 412+ 9539 C9           	ret
 413+ 953A              	ENDIF
 414+ 953A
 415+ 953A              MASTERINFO
 416+ 953A 21 6A A3     	ld	hl,TEXT4	;nejdriv vypise texty
 417+ 953D 01 02 06     	ld	bc,#0602
 418+ 9540 CD AA A8     	call	T42_TEXT
 419+ 9543 21 8C A6     	ld	hl,TEXT_CSD
 420+ 9546 01 1F 06     	ld	bc,#061F
 421+ 9549 CD AA A8     	call	T42_TEXT
 422+ 954C 21 7F A3     	ld	hl,TEXT5
 423+ 954F 01 02 07     	ld	bc,#0702
 424+ 9552 CD AA A8     	call	T42_TEXT
 425+ 9555 21 92 A3     	ld	hl,TEXT6
 426+ 9558 01 02 08     	ld	bc,#0802
 427+ 955B CD AA A8     	call	T42_TEXT
 428+ 955E
 429+ 955E 21 A7 A3     	ld	hl,TEXT7
 430+ 9561 01 02 09     	ld	bc,#0902
 431+ 9564 CD AA A8     	call	T42_TEXT
 432+ 9567              ;	ld	hl,TEXT101
 433+ 9567              ;	ld	bc,#0A02
 434+ 9567              ;	call	T42_TEXT		;write protect davame pryc
 435+ 9567              ;	ld	hl,TEXT_PART_TYPE
 436+ 9567              ;	ld	bc,#0C02
 437+ 9567 CD AA A8     	call	T42_TEXT
 438+ 956A              ;	ld	hl,TEXT102
 439+ 956A              ;	ld	bc,#0A15
 440+ 956A              ;	call	T42_TEXT
 441+ 956A              ;
 442+ 956A              ;model-MID/OID/PNM
 443+ 956A              ;	ld	hl,BUFFER+54
 444+ 956A              ;	ld	b,40
 445+ 956A              ;	call	PROHOD
 446+ 956A DD 21 24 AE  	ld	ix,BUFFER
 447+ 956E DD 7E 00     	ld	a,(ix)
 448+ 9571
 449+ 9571 FE 01        	cp	1
 450+ 9573 21 30 A6     	ld	hl,Manufacturer1
 451+ 9576 28 3F        	jr	z,mdl1
 452+ 9578 FE 02        	cp	2
 453+ 957A 21 39 A6     	ld	hl,Manufacturer2
 454+ 957D 28 38        	jr	z,mdl1
 455+ 957F FE 03        	cp	3
 456+ 9581 21 49 A6     	ld	hl,Manufacturer3
 457+ 9584 28 31        	jr	z,mdl1
 458+ 9586 FE 1B        	cp	#1b
 459+ 9588 21 50 A6     	ld	hl,Manufacturer1b
 460+ 958B 28 2A        	jr	z,mdl1
 461+ 958D FE 1D        	cp	#1d
 462+ 958F 21 57 A6     	ld	hl,Manufacturer1d
 463+ 9592 28 23        	jr	z,mdl1
 464+ 9594 FE 27        	cp	#27
 465+ 9596 21 5C A6     	ld	hl,Manufacturer27
 466+ 9599 28 1C        	jr	z,mdl1
 467+ 959B FE 31        	cp	#31
 468+ 959D 21 62 A6     	ld	hl,Manufacturer31
 469+ 95A0 28 15        	jr	z,mdl1
 470+ 95A2 FE 74        	cp	#74
 471+ 95A4 21 6F A6     	ld	hl,Manufacturer74
 472+ 95A7 28 0E        	jr	z,mdl1
 473+ 95A9 FE 9F        	cp	#9f			; Kingston SD (CID MID #9F)
 474+ 95AB 21 78 A6     	ld	hl,Manufacturer9f
 475+ 95AE 28 07        	jr	z,mdl1
 476+ 95B0 DD 21 24 AE  	ld	ix,BUFFER
 477+ 95B4 21 80 A6     	ld	hl,ManufacturerOther	; unknown manufacturer
 478+ 95B7
 479+ 95B7              ;	set	7,(ix+84)
 480+ 95B7
 481+ 95B7 2B           mdl1	dec	hl
 482+ 95B8 36 45        	ld	(hl),69
 483+ 95BA 2B           	dec	hl
 484+ 95BB 36 10        	ld	(hl),16		;obarvi
 485+ 95BD 01 0A 05     	ld	bc,#050A
 486+ 95C0 CD AA A8     	call	T42_TEXT
 487+ 95C3 21 85 A6     	ld	hl,carka
 488+ 95C6 CD AA A8     	call	T42_TEXT
 489+ 95C9
 490+ 95C9              ;card info
 491+ 95C9 DD CB 02 FE  	set	7,(ix+2)
 492+ 95CD              ;	ld	bc,#0612
 493+ 95CD 21 25 AE     	ld	hl,BUFFER+1
 494+ 95D0 CD AA A8     	call	T42_TEXT
 495+ 95D3 E5           	push	hl
 496+ 95D4 21 85 A6     	ld	hl,carka
 497+ 95D7 CD AA A8     	call	T42_TEXT
 498+ 95DA E1           	pop	hl
 499+ 95DB DD CB 07 FE  	set	7,(ix+7)
 500+ 95DF              ;	ld	bc,#0615
 501+ 95DF 23           	inc	hl
 502+ 95E0 CD AA A8     	call	T42_TEXT
 503+ 95E3
 504+ 95E3
 505+ 95E3
 506+ 95E3              ;firmware/ProductRevisionNr
 507+ 95E3              ;	ld	hl,BUFFER+46
 508+ 95E3              ;	ld	b,8
 509+ 95E3              ;	call	PROHOD
 510+ 95E3              ;	set	7,(ix+53)
 511+ 95E3              ;
 512+ 95E3              ;	ld	bc,#070C
 513+ 95E3              ;	call	T42_TEXT
 514+ 95E3
 515+ 95E3 23           	inc	hl
 516+ 95E4 7E           	ld	a,(hl)		; CID PRV: high nibble=major, low nibble=minor
 517+ 95E5 47           	ld	b,a
 518+ 95E6 0F           	rrca
 519+ 95E7 0F           	rrca
 520+ 95E8 0F           	rrca
 521+ 95E9 0F           	rrca
 522+ 95EA E6 0F        	and	#0f
 523+ 95EC C6 30        	add	a,'0'
 524+ 95EE 32 89 A6     	ld	(REV_TEXT),a
 525+ 95F1 78           	ld	a,b
 526+ 95F2 E6 0F        	and	#0f
 527+ 95F4 C6 30        	add	a,'0'
 528+ 95F6 F6 80        	or	#80		; posledni znak textu pro T42_TEXT
 529+ 95F8 32 8B A6     	ld	(REV_TEXT+2),a
 530+ 95FB 21 89 A6     	ld	hl,REV_TEXT
 531+ 95FE 01 16 06     	ld	bc,#0616
 532+ 9601 CD AA A8     	call	T42_TEXT
 533+ 9604
 534+ 9604              ;serial number/ProductSerialNr
 535+ 9604              ;	ld	hl,BUFFER+20
 536+ 9604              ;	ld	b,20
 537+ 9604              ;	call	PROHOD
 538+ 9604              ;	set	7,(ix+39)
 539+ 9604              ;
 540+ 9604              ;	ld	bc,#0811
 541+ 9604              ;	call	T42_TEXT
 542+ 9604
 543+ 9604 06 04        	ld	b,4
 544+ 9606 21 2D AE     	ld	hl,BUFFER+9
 545+ 9609 11 14 07     	ld	de,#0714
 546+ 960C C5           snm1	push	bc
 547+ 960D E5           	push	hl
 548+ 960E D5           	push	de
 549+ 960F 6E           	ld	l,(hl)
 550+ 9610 26 00        	ld	h,0
 551+ 9612 C1           	pop	bc		;BC=DE=position
 552+ 9613 CD 81 A8     	call	NUMBER2
 553+ 9616 0C           	inc	c
 554+ 9617 21 85 A6     	ld	hl,carka
 555+ 961A CD AA A8     	call	T42_TEXT
 556+ 961D E1           	pop	hl
 557+ 961E 23           	inc	hl
 558+ 961F 50           	ld	d,b
 559+ 9620 59           	ld	e,c
 560+ 9621 C1           	pop	bc
 561+ 9622 10 E8        	djnz	snm1
 562+ 9624
 563+ 9624 D5           	push	de
 564+ 9625 C1           	pop	bc
 565+ 9626 0D           	dec	c
 566+ 9627 21 2B A5     	ld	hl,TEXT13+15		;smaz posledni carku
 567+ 962A CD AA A8     	call	T42_TEXT
 568+ 962D
 569+ 962D              ;Manucfacturing Date (eg.#0133)
 570+ 962D DD 7E 0E     	ld	a,(ix+14)
 571+ 9630 F5           	push	af
 572+ 9631 E6 0F        	and	%00001111
 573+ 9633 26 00        	ld	h,0
 574+ 9635 6F           	ld	l,a
 575+ 9636 01 16 08     	ld	bc,#0816
 576+ 9639 CD 87 A8     	call	NUMBER1
 577+ 963C 0C           	inc	c
 578+ 963D 21 86 A6     	ld	hl,lomeno
 579+ 9640 CD AA A8     	call	T42_TEXT
 580+ 9643 21 D0 07     	ld	hl,2000
 581+ 9646 DD 56 0D     	ld	d,(ix+13)
 582+ 9649 F1           	pop	af
 583+ 964A C5           	push	bc
 584+ 964B 06 04        	ld	b,4
 585+ 964D CB 1A        mnd1	rr	d
 586+ 964F CB 1F        	rr	a
 587+ 9651 10 FA        	djnz	mnd1
 588+ 9653 5F           	ld	e,a
 589+ 9654 16 00        	ld	d,0
 590+ 9656 C1           	pop	bc
 591+ 9657 19           	add	hl,de
 592+ 9658 CD 7B A8     	call	NUMBER3
 593+ 965B
 594+ 965B
 595+ 965B
 596+ 965B
 597+ 965B              ;velikost karty
 598+ 965B DD 7E 10     	ld	a,(ix+#10)
 599+ 965E E6 C0        	and	%11000000
 600+ 9660
 601+ 9660 FE 40        	cp	%01000000
 602+ 9662 28 00        	jr	z,CSD20
 603+ 9664              CSD10
 604+ 9664              ;výpočet C_SIZE pro karty CSD v 2.0, funguje od 4 GB vyse
 605+ 9664 DD 66 17     CSD20	ld	h,(ix+#17)
 606+ 9667 DD 6E 18     	ld	l,(ix+#18)
 607+ 966A
 608+ 966A 06 03        	ld	b,3
 609+ 966C CB 3C        csd201	srl	h
 610+ 966E CB 1D        	rr	l
 611+ 9670 10 FA        	djnz	csd201
 612+ 9672 23           	inc	hl
 613+ 9673
 614+ 9673 01 20 09     	ld	bc,#0920
 615+ 9676 7C           	ld	a,h
 616+ 9677 B7           	or	a
 617+ 9678 28 0E        	jr	z,capacity_lt256
 618+ 967A
 619+ 967A              	; HL >= 256. Rozlisime 3 a 4 cifry (SDXC muze mit i 1024/2048 GB).
 620+ 967A 11 E8 03     	ld	de,1000
 621+ 967D B7           	or	a
 622+ 967E ED 52        	sbc	hl,de
 623+ 9680 19           	add	hl,de		; obnov HL bez zmeny hodnoty kapacity
 624+ 9681 30 1D        	jr	nc,capacity_4digits
 625+ 9683 CD 81 A8     	call	NUMBER2		; 256..999 GB
 626+ 9686 18 1B        	jr	capacity_done
 627+ 9688
 628+ 9688              capacity_lt256
 629+ 9688 7D           	ld	a,l
 630+ 9689 FE 0A        	cp	10
 631+ 968B 38 0E        	jr	c,capacity_1digit
 632+ 968D FE 64        	cp	100
 633+ 968F 38 05        	jr	c,capacity_2digits
 634+ 9691 CD 81 A8     	call	NUMBER2		; 100..255 GB
 635+ 9694 18 0D        	jr	capacity_done
 636+ 9696
 637+ 9696              capacity_2digits
 638+ 9696 CD 87 A8     	call	NUMBER1		; 10..99 GB
 639+ 9699 18 08        	jr	capacity_done
 640+ 969B
 641+ 969B              capacity_1digit
 642+ 969B CD 8D A8     	call	NUMBER0		; 1..9 GB
 643+ 969E 18 03        	jr	capacity_done
 644+ 96A0
 645+ 96A0              capacity_4digits
 646+ 96A0 CD 7B A8     	call	NUMBER3		; 1000..9999 GB
 647+ 96A3
 648+ 96A3              capacity_done
 649+ 96A3 0C           	inc	c
 650+ 96A4 21 87 A6     	ld	hl,TEXT_GB
 651+ 96A7 CD AA A8     	call	T42_TEXT
 652+ 96AA
 653+ 96AA
 654+ 96AA
 655+ 96AA              ;velikost cteci jednotky
 656+ 96AA DD 7E 15     	ld	a,(ix+#15)
 657+ 96AD E6 0F        	and	%00001111
 658+ 96AF
 659+ 96AF 47           	ld	b,a
 660+ 96B0 21 01 00     	ld	hl,1
 661+ 96B3 29           vcj	add	hl,hl
 662+ 96B4 10 FD        	djnz	vcj
 663+ 96B6
 664+ 96B6 01 0D 09     	ld	bc,#090D
 665+ 96B9 CD 81 A8     	call	NUMBER2
 666+ 96BC ~            /*davame pryc, info je nepostatne
 667+ 96BC ~            ;permanent and temporal WP
 668+ 96BC ~            	bit	5,(ix+#1E)
 669+ 96BC ~            	ld	bc,#0A10
 670+ 96BC ~            	call	pertmp
 671+ 96BC ~
 672+ 96BC ~            	bit	4,(ix+#1E)
 673+ 96BC ~            	ld	bc,#0A22
 674+ 96BC ~            	call	pertmp
 675+ 96BC ~            */
 676+ 96BC              ;CSD version
 677+ 96BC DD 7E 10     	ld	a,(ix+#10)
 678+ 96BF E6 C0        	and	%11000000
 679+ 96C1 21 93 A6     	ld	hl,TEXT_20
 680+ 96C4 20 03        	jr	nz,csd1
 681+ 96C6 21 90 A6     	ld	hl,TEXT_10
 682+ 96C9 01 24 06     csd1	ld	bc,#0624
 683+ 96CC CD AA A8     	call	T42_TEXT
 684+ 96CF C3 45 97     	jp	next
 685+ 96D2 ~            /*
 686+ 96D2 ~            pertmp	ld	hl,TEXT_YES
 687+ 96D2 ~            	jr	nz,permyes
 688+ 96D2 ~            	ld	hl,TEXT_NO
 689+ 96D2 ~            	call	T42_TEXT
 690+ 96D2 ~            	ld	hl,TEXT_NO
 691+ 96D2 ~            permyes	ld	bc,#0A10
 692+ 96D2 ~            	jp	T42_TEXT
 693+ 96D2 ~            */
 694+ 96D2
 695+ 96D2
 696+ 96D2
 697+ 96D2 ~            /*
 698+ 96D2 ~            16gb	hl=#E	14	0000 0000 0000 1110
 699+ 96D2 ~            32	#1d	29	0000 0000 0001 1101
 700+ 96D2 ~            64	#3b	59	0000 0000 0011 1011
 701+ 96D2 ~            128	#76	118	0000 0000 0111 0110
 702+ 96D2 ~            256	#ec	236	0000 0000 1110 1100
 703+ 96D2 ~            512	#1de	478	0000 0001 1101 1110
 704+ 96D2 ~            1024	#3bc	956	0000 0011 1011 1100
 705+ 96D2 ~            2048	#778	1912	0000 0111 0111 1000
 706+ 96D2 ~
 707+ 96D2 ~
 708+ 96D2 ~            Kapacita	C_SIZE
 709+ 96D2 ~            16 GB	0076B2
 710+ 96D2 ~            32 GB	00EC4F
 711+ 96D2 ~            64 GB	01D89F
 712+ 96D2 ~            128 GB	03B13F
 713+ 96D2 ~            256 GB	07627F
 714+ 96D2 ~            512 GB	0EEFFF
 715+ 96D2 ~            1 TB	1DDFFF
 716+ 96D2 ~            2 TB	3BBFFF (typicky)
 717+ 96D2 ~            Maximum	3FFFFF
 718+ 96D2 ~            */
 719+ 96D2
 720+ 96D2 ~            /*
 721+ 96D2 ~            ;LBA
 722+ 96D2 ~            	ld	hl,TEXT_NO
 723+ 96D2 ~            	bit	1,(ix+99)
 724+ 96D2 ~            	jr	z,L1
 725+ 96D2 ~
 726+ 96D2 ~            	ld	hl,TEXT_YES
 727+ 96D2 ~            L1	ld	bc,#090D
 728+ 96D2 ~            	call	T42_TEXT
 729+ 96D2 ~
 730+ 96D2 ~            ;DMA
 731+ 96D2 ~            	ld	hl,TEXT_NO
 732+ 96D2 ~            	bit	0,(ix+99)
 733+ 96D2 ~            	jr	z,L2
 734+ 96D2 ~
 735+ 96D2 ~            	ld	hl,TEXT_YES
 736+ 96D2 ~            L2	ld	bc,#0925
 737+ 96D2 ~            	call	T42_TEXT
 738+ 96D2 ~
 739+ 96D2 ~            ;CHS
 740+ 96D2 ~            ;Cylinders
 741+ 96D2 ~            	ld	l,(ix+2)
 742+ 96D2 ~            	ld	h,(ix+3)
 743+ 96D2 ~            	ld	bc,#0A09
 744+ 96D2 ~            	call	NUMBER4
 745+ 96D2 ~            ;Heads
 746+ 96D2 ~            	ld	l,(ix+6)
 747+ 96D2 ~            	ld	h,(ix+7)
 748+ 96D2 ~            	ld	bc,#0A0f
 749+ 96D2 ~            	call	NUMBER1
 750+ 96D2 ~            ;Sectors
 751+ 96D2 ~            	ld	l,(ix+12)
 752+ 96D2 ~            	ld	h,(ix+13)
 753+ 96D2 ~            	ld	bc,#0A12
 754+ 96D2 ~            	call	NUMBER1
 755+ 96D2 ~            ;pokud je General setting nastavena autoconfigurace, tak pri uspesnem detekovani zarizeni se do CHS ulozi zjistene udaje
 756+ 96D2 ~
 757+ 96D2 ~            	ld	a,(@autoconfig)
 758+ 96D2 ~            	or	a
 759+ 96D2 ~            	jr	z,nemenCHSm2
 760+ 96D2 ~            	ld	hl,VDT
 761+ 96D2 ~            	ld	a,(ix+12)
 762+ 96D2 ~            	ld	(hl),a
 763+ 96D2 ~            	ld	a,(ix+6)
 764+ 96D2 ~            	inc	hl
 765+ 96D2 ~            	ld	(hl),a
 766+ 96D2 ~            	ld	a,(ix+2)
 767+ 96D2 ~            	inc	hl
 768+ 96D2 ~            	ld	(hl),a
 769+ 96D2 ~            	ld	a,(ix+3)
 770+ 96D2 ~            	inc	hl
 771+ 96D2 ~            	ld	(hl),a
 772+ 96D2 ~
 773+ 96D2 ~            nemenCHSm2
 774+ 96D2 ~            ;capacity
 775+ 96D2 ~            	ld	l,(ix+12)
 776+ 96D2 ~            	ld	h,(ix+13)
 777+ 96D2 ~            	ld	e,(ix+6)
 778+ 96D2 ~            	ld	d,(ix+7)
 779+ 96D2 ~
 780+ 96D2 ~
 781+ 96D2 ~            	push	ix		;rutina nasob pouziva IX
 782+ 96D2 ~            	call	nasobeniHLDE.nasob
 783+ 96D2 ~            	pop	ix
 784+ 96D2 ~            	ld	e,(ix+2)
 785+ 96D2 ~            	ld	d,(ix+3)
 786+ 96D2 ~
 787+ 96D2 ~            	push	ix
 788+ 96D2 ~            	call	nasobeniHLDE.nasob
 789+ 96D2 ~            ;vysledek je v IXHL
 790+ 96D2 ~
 791+ 96D2 ~            	ld	l,h
 792+ 96D2 ~            	ld	a,xl
 793+ 96D2 ~            	ld	h,a
 794+ 96D2 ~            	ld	e,hx
 795+ 96D2 ~
 796+ 96D2 ~            ;delime 256 vysledek EHL
 797+ 96D2 ~            	ld	b,3
 798+ 96D2 ~            trikrat1
 799+ 96D2 ~            	srl	e
 800+ 96D2 ~            	rr	h
 801+ 96D2 ~            	rr	l
 802+ 96D2 ~            	djnz	trikrat1
 803+ 96D2 ~            ;delime tremi
 804+ 96D2 ~            	ld	bc,#0A1F
 805+ 96D2 ~            	call	NUMBER4
 806+ 96D2 ~
 807+ 96D2 ~            	pop	ix
 808+ 96D2 ~
 809+ 96D2 ~            ;LBA 48Bits
 810+ 96D2 ~
 811+ 96D2 ~            	inc	hx
 812+ 96D2 ~
 813+ 96D2 ~            	ld	hl,TEXT_NO
 814+ 96D2 ~            	bit	2,(ix-83)
 815+ 96D2 ~            	jr	z,L3
 816+ 96D2 ~
 817+ 96D2 ~            	ld	hl,TEXT_YES
 818+ 96D2 ~            L3	ld	bc,#091C
 819+ 96D2 ~            	call	T42_TEXT
 820+ 96D2 ~            */
 821+ 96D2
 822+ 96D2              ;28) (Busy's routine)
 823+ 96D2              HL2ASCII32
 824+ 96D2              ;Prevod bin->dec bez znamienka
 825+ 96D2              ; in: zzbin
 826+ 96D2              ;out: zzdec
 827+ 96D2
 828+ 96D2 C5           	push	bc
 829+ 96D3 21 20 97     bindec	ld	hl,zzdec            ;; Vynulovanie buffera dec
 830+ 96D6 01 00 0A     	ld	bc,lldec*#0100
 831+ 96D9 71           cls1	ld	(hl),c
 832+ 96DA 23           	inc	hl
 833+ 96DB 10 FC        	djnz	cls1
 834+ 96DD 0E 20        	ld	c,8*llbin           ;; Opakuj pre kazdy bit bin:
 835+ 96DF CD 10 97     bndc0	call	binx2               ;; vyrotovanie bitu z bin
 836+ 96E2 21 2A 97     	ld	hl,eedec
 837+ 96E5 06 0A        	ld	b,lldec             ;; a zarotovanie toho bitu do dec
 838+ 96E7 2B           bndc2	dec	hl
 839+ 96E8 7E           	ld	a,(hl)
 840+ 96E9 8F           	adc	a,a
 841+ 96EA FE 0A        	cp	#0a
 842+ 96EC 38 02        	jr	c,bndc3
 843+ 96EE D6 0A        	sub	#0a
 844+ 96F0 77           bndc3	ld	(hl),a
 845+ 96F1 3F           	ccf
 846+ 96F2 10 F3        	djnz	bndc2
 847+ 96F4 0D           	dec	c
 848+ 96F5 20 E8        	jr	nz,bndc0
 849+ 96F7
 850+ 96F7 21 20 97     	ld	hl,zzdec
 851+ 96FA 06 0A        	ld	b,10		;; change it to ASCII
 852+ 96FC              prev_ascii32
 853+ 96FC 7E           	ld	a,(hl)
 854+ 96FD B7           	or	a
 855+ 96FE 20 05        	jr	nz,asc32n
 856+ 9700 23           	inc	hl
 857+ 9701 10 F9        	djnz	prev_ascii32
 858+ 9703
 859+ 9703 04           	inc	b		;osetreni 0
 860+ 9704 2B           	dec	hl		;udelej misto pro zobrazeni "O"
 861+ 9705
 862+ 9705 54           asc32n	ld	d,h
 863+ 9706 5D           	ld	e,l		;; DE=ASCII number start
 864+ 9707
 865+ 9707 3E 30        asc32_n	ld	a,#30
 866+ 9709 B6           	or	(hl)
 867+ 970A 77           	ld	(hl),a
 868+ 970B 23           	inc 	hl
 869+ 970C 10 F9        	djnz	asc32_n
 870+ 970E C1           	pop	bc
 871+ 970F C9           	ret
 872+ 9710
 873+ 9710 21 1C 97     binx2	ld	hl,zzbin            ;; Nasobenie bin dvomi
 874+ 9713 06 04        	ld	b,llbin
 875+ 9715 AF           	xor	a
 876+ 9716 CB 16        bnxx2	rl	(hl)
 877+ 9718 23           	inc	hl
 878+ 9719 10 FB        	djnz	bnxx2
 879+ 971B C9           	ret
 880+ 971C
 881+ 971C FF FF FF FF  zzbin	db	#ff,#ff,#ff,#ff		;vstup v bajtech
 882+ 9720              eebin
 883+ 9720              llbin	=	eebin-zzbin
 884+ 9720
 885+ 9720 00 00 00 00  zzdec	db	0,0,0,0,0		;vystup v ASCII
 885+ 9724 00
 886+ 9725 06 05 05 03  	db	6,5,5,3,5
 886+ 9729 05
 887+ 972A              eedec
 888+ 972A              lldec	=	eedec-zzdec
 889+ 972A 00           	db	0			;zarážka pro tisk
 890+ 972B
 891+ 972B
 892+ 972B              ;hledani prvni sectoru pro data
 893+ 972B              ;prohledava se MBR, prvni partion, a hleda se v root dir. prvni datovy sector prvniho souboru
 894+ 972B              ;prvni sektor disku je MBR:
 895+ 972B              ;
 896+ 972B              ;na 1BEh zacinaji parametry prvni partition (10h kazda)
 897+ 972B              ;na 08h az 0Bh je cislo relativniho sektoru zacatku partition (nebo na 01h az 03h ve formatu hlava/sektor/cylindr)
 898+ 972B              ;
 899+ 972B              ;prvni sektor partition je BOOT a tam jsou tyto zajimave udaje:
 900+ 972B              ;0Bh, 0Ch   pocet bytu na sektor
 901+ 972B              ;0Eh, 0Fh   pocet sektoru pred prvni FAT
 902+ 972B              ;10h   pocet FAT
 903+ 972B              ;11h, 12h   pocet polozek v ROOTu
 904+ 972B              ;16h, 17h   pocet sektoru ve FAT
 905+ 972B              ;prvni datovy sektor je: zacatek_partition + sektoru_pred_FAT + sektoru_ve_FAT * pocet_FAT + polozek_v_ROOT * 20h / bytu_na_sektor
 906+ 972B
 907+ 972B
 908+ 972B ~            /*
 909+ 972B ~            1. Výpočet pro FAT16
 910+ 972B ~            ********************
 911+ 972B ~            Kořenový adresář u FAT16 má pevnou velikost a leží hned za poslední FAT tabulkou.
 912+ 972B ~
 913+ 972B ~            Vzorec (číslo sektoru od začátku disku/partice):
 914+ 972B ~
 915+ 972B ~            RootSector{FAT16}=ReservedSecCnt+(NumFATs x FATSize16)
 916+ 972B ~
 917+ 972B ~            Velikost root adresáře (v sektorech) se spočítá jako (RootEntCnt × 32 + BytsPerSec - 1) / BytsPerSec, ale jeho začátek je dán čistě součtem rezervovaných sektorů a obou FAT tabulek.
 918+ 972B ~
 919+ 972B ~            2. Výpočet pro FAT32
 920+ 972B ~            Kořenový adresář u FAT32 nemá pevnou pozici, je to běžný cluster. Nejprve musíme spočítat začátek datové oblasti (DataSecStart) a k němu přičíst offset daný počátečním clusterem (RootClus).
 921+ 972B ~
 922+ 972B ~            Vzorec pro začátek datové oblasti (stejný jako FAT16):
 923+ 972B ~
 924+ 972B ~            DataSecStart=ReservedSecCnt+(NumFATs x FATSize32)
 925+ 972B ~
 926+ 972B ~            Vzorec pro počáteční sektor root adresáře (rootClus):
 927+ 972B ~
 928+ 972B ~            RootSector{FAT32}= DataSecStart+((RootClus-2) x SecPerClus)
 929+ 972B ~
 930+ 972B ~            (Odečítá se 2, protože clustery 0 a 1 v datové oblasti fyzicky neexistují – číslování datových clusterů začíná od 2).
 931+ 972B ~
 932+ 972B ~
 933+ 972B ~
 934+ 972B ~            Kde najít rootClus a SecPerClus (pro FAT32)
 935+ 972B ~            *******************************************
 936+ 972B ~            Obě hodnoty jsou uloženy v boot sektoru (v datové struktuře BPB – BIOS Parameter Block):
 937+ 972B ~
 938+ 972B ~            - SecPerClus (Sectors per Cluster): 1bajtová hodnota na offsetu 0x0D (decimálně 13) od začátku boot sektoru
 939+ 972B ~
 940+ 972B ~            - rootClus (Root Directory Start Cluster): 4bajtová hodnota na offsetu 0x2C (decimálně 44) od začátku boot sektoru (obvykle 2)
 941+ 972B ~
 942+ 972B ~            Výpočet počátečního sektoru Root Dir
 943+ 972B ~            ************************************
 944+ 972B ~            Pro výpočty používáme tyto proměnné z boot sektoru:
 945+ 972B ~            - ReservedSecCnt = Počet rezervovaných sektorů (offset 0x0E (dec 14), 2 bajty)
 946+ 972B ~            - NumFATs = Počet FAT tabulek (offset 0x10 (dec 16), 1 bajt, obvykle 2)
 947+ 972B ~            - FATSize16 = Počet sektorů jedné FAT u FAT16 (offset 0x16 (dec 22), 2 bajty)
 948+ 972B ~            - FATSize32 = Počet sektorů jedné FAT u FAT32 (offset 0x24 (dec 36), 4 bajty)
 949+ 972B ~            - RootEntCnt = Maximální počet položek v root adresáři u FAT16 (offset 0x11 (dec 17), 2 bajty, obvykle 512)
 950+ 972B ~            - BytsPerSec = Počet bajtů na sektor (offset 0x0B (dec 11), 2 bajty, obvykle 512)
 951+ 972B ~            - SecPerClus = Počet sektorů na cluster (offset 0x0D (dec 13), 1 bajt)
 952+ 972B ~            - RootClus = Počáteční cluster root adresáře u FAT32 (offset 0x2C (dec 44), 4 bajty)
 953+ 972B ~
 954+ 972B ~            */
 955+ 972B
 956+ 972B ~            /*
 957+ 972B ~            1. k boot sektoru se umime dostat z MBR
 958+ 972B ~            2. potřebné pro výpočet z boot sektoru, tyto hodnoty jsou relativni k zacatku partisny:
 959+ 972B ~            ---------------------------------------------------------------------------------------
 960+ 972B ~            BPB_BytesPerSec		offset	11	delka 2
 961+ 972B ~            BPB_SecPerClus		offset	13	delka 1
 962+ 972B ~            BPB_RsvdSecCnt		offset	14	delka 2
 963+ 972B ~            BPB_NumFATs		offset  16	delka 1
 964+ 972B ~
 965+ 972B ~            FAT16:
 966+ 972B ~                BPB_RootEntCnt	offset	17	delka 2
 967+ 972B ~                BPB_FATSz16		offset	22	delka 2
 968+ 972B ~
 969+ 972B ~            FAT32:
 970+ 972B ~                BPB_FATSz32		offset	36	delka 4
 971+ 972B ~                BPB_RootClus	offset	44	delka 4
 972+ 972B ~
 973+ 972B ~
 974+ 972B ~            3. vypocet prvniho datoveho sektoru
 975+ 972B ~            --------------------------------
 976+ 972B ~            FAT16
 977+ 972B ~            Spočti velikost Root Directory:
 978+ 972B ~
 979+ 972B ~            RootDirSectors =
 980+ 972B ~            (RootEntCnt × 32) / BytesPerSector
 981+ 972B ~
 982+ 972B ~            Potom:
 983+ 972B ~            FirstDataSectorRel =
 984+ 972B ~            RsvdSecCnt +
 985+ 972B ~            NumFATs × FATSz16 +
 986+ 972B ~            RootDirSectors
 987+ 972B ~
 988+ 972B ~            Absolutni LBA:
 989+ 972B ~            FirstDataSectorAbs =
 990+ 972B ~            PartitionStartLBA +
 991+ 972B ~            FirstDataSectorRel
 992+ 972B ~
 993+ 972B ~
 994+ 972B ~            FAT32
 995+ 972B ~            Root Directory je součást datové oblasti.
 996+ 972B ~
 997+ 972B ~            Proto:
 998+ 972B ~            FirstDataSectorRel =
 999+ 972B ~            RsvdSecCnt +
1000+ 972B ~            NumFATs × FATSz32
1001+ 972B ~
1002+ 972B ~            Absolutně:
1003+ 972B ~            FirstDataSectorAbs =
1004+ 972B ~            PartitionStartLBA +
1005+ 972B ~            FirstDataSectorRel
1006+ 972B ~
1007+ 972B ~
1008+ 972B ~            4. Načti Root Directory
1009+ 972B ~            -----------------------
1010+ 972B ~            FAT16
1011+ 972B ~
1012+ 972B ~            Root Directory začíná na:
1013+ 972B ~            RootDirLBA =
1014+ 972B ~            PartitionStartLBA +
1015+ 972B ~            RsvdSecCnt +
1016+ 972B ~            NumFATs × FATSz16
1017+ 972B ~
1018+ 972B ~            Je pevně daný.
1019+ 972B ~
1020+ 972B ~            FAT32
1021+ 972B ~
1022+ 972B ~            Root Directory začíná v clusteru:
1023+ 972B ~            RootCluster = BPB_RootClus
1024+ 972B ~
1025+ 972B ~            (obvykle 2)
1026+ 972B ~
1027+ 972B ~            První sektor Root Directory:
1028+ 972B ~            RootDirLBA =
1029+ 972B ~            FirstDataSectorAbs +
1030+ 972B ~            (RootCluster − 2) × SecPerClus
1031+ 972B ~
1032+ 972B ~
1033+ 972B ~
1034+ 972B ~            5. Najdi soubor MBD / MBH
1035+ 972B ~            -------------------------
1036+ 972B ~            Projdi prvních 8 položek.
1037+ 972B ~
1038+ 972B ~            Přečti:
1039+ 972B ~
1040+ 972B ~            FAT16:
1041+ 972B ~            DIR_FstClusLO
1042+ 972B ~
1043+ 972B ~            FAT32:
1044+ 972B ~            DIR_FstClusHI
1045+ 972B ~            DIR_FstClusLO
1046+ 972B ~
1047+ 972B ~            Vznikne:
1048+ 972B ~            FirstCluster
1049+ 972B ~
1050+ 972B ~
1051+ 972B ~            6. Převod clusteru na LBA
1052+ 972B ~            -------------------------
1053+ 972B ~            Platí pro FAT16 i FAT32 stejně:
1054+ 972B ~
1055+ 972B ~            FirstFileLBA =
1056+ 972B ~            FirstDataSectorAbs +
1057+ 972B ~            (FirstCluster − 2) × SecPerClus
1058+ 972B ~
1059+ 972B ~            Hotovo.
1060+ 972B ~
1061+ 972B ~
1062+ 972B ~            Celý algoritmus
1063+ 972B ~            ---------------
1064+ 972B ~            MBR
1065+ 972B ~             │
1066+ 972B ~             ├── PartitionStartLBA
1067+ 972B ~             │
1068+ 972B ~             ▼
1069+ 972B ~            Boot Sector
1070+ 972B ~             │
1071+ 972B ~             ├── SecPerClus
1072+ 972B ~             ├── Reserved
1073+ 972B ~             ├── FATSize
1074+ 972B ~             ├── RootEntries (FAT16)
1075+ 972B ~             └── RootCluster (FAT32)
1076+ 972B ~             │
1077+ 972B ~             ▼
1078+ 972B ~            FirstDataSectorAbs
1079+ 972B ~             │
1080+ 972B ~             ▼
1081+ 972B ~            Root Directory
1082+ 972B ~             │
1083+ 972B ~             ▼
1084+ 972B ~            Najdi MBD / MBH
1085+ 972B ~             │
1086+ 972B ~             ▼
1087+ 972B ~            FirstCluster
1088+ 972B ~             │
1089+ 972B ~             ▼
1090+ 972B ~            FirstFileLBA
1091+ 972B ~            */
1092+ 972B
1093+ 972B              ;tab_part	db	0,4,15,26	;sloupec tisku hodnot pro 4 partisny
1094+ 972B
1095+ 972B              	IFDEF DUAL_GUI_TEST
1096+ 972B              ; DUAL GUI kresli partition rovnou do finalnich pevnych radku.
1097+ 972B              ; VDT kazdeho samostatneho skenu zustava docasne v prvni 128B polovine.
1098+ 972B              dual_partition_scan_start
1099+ 972B DD 21 E2 AF  	ld	ix,BUFFER+446
1100+ 972F 3A 00 93     	ld	a,(DUAL_PASS)
1101+ 9732 FE 01        	cp	1
1102+ 9734 06 0D        	ld	b,13			;SD1 P1-P4 = radky 13-16
1103+ 9736 28 02        	jr	z,.row_ready
1104+ 9738 06 11        	ld	b,17			;SD2 P1-P4 = radky 17-20
1105+ 973A              .row_ready
1106+ 973A 21 00 B3     	ld	hl,VDT
1107+ 973D 22 2B 9C     	ld	(VDT_pointer+1),hl
1108+ 9740 3E 04        	ld	a,4
1109+ 9742 C3 5C 97     	jp	test_partitions
1110+ 9745              	ENDIF
1111+ 9745
1112+ 9745              next
1113+ 9745 21 06 A6     	ld	hl,TEXTPARSEC
1114+ 9748 01 02 0B     	ld	bc,#0B02
1115+ 974B CD AA A8     	call	T42_TEXT
1116+ 974E
1117+ 974E              ;novy kod- testuje vsechny 4 partisny
1118+ 974E              ;nejprve nacteme MBR
1119+ 974E
1120+ 974E 3E 04        		ld	a,4		;pocet partisen
1121+ 9750 DD 21 E2 AF  		ld	ix,BUFFER+446	;prvni partisna
1122+ 9754 06 0C        		ld	b,#0C	;radek (meni se pro kazdou partisnu)
1123+ 9756 21 00 B3     		ld	hl,VDT
1124+ 9759 22 2B 9C     		ld	(VDT_pointer+1),hl
1125+ 975C
1126+ 975C              test_partitions				;loop start
1127+ 975C 0E 02        		ld	c,2		;sloupec vzdy zaciname na 2 (posouva se spolu s tiskem)
1128+ 975E F5           		push	af		;A= poradove cislo partisny (4-0)
1129+ 975F DD E5        		push	ix		;zacatek udaje o partisne v MBR
1130+ 9761 C5           		push	bc		;radek+sloupec
1131+ 9762
1132+ 9762 DD 21 24 AE  		ld	ix,BUFFER
1133+ 9766 21 00 00     		ld	hl,0
1134+ 9769 54           		ld	d,h
1135+ 976A 5C           		ld	e,h
1136+ 976B CD 93 8F     		call	SD_READ
1137+ 976E
1138+ 976E C1           		pop	bc
1139+ 976F DD E1        		pop	ix
1140+ 9771 DD E5        		push	ix
1141+ 9773 C5           		push	bc
1142+ 9774
1143+ 9774              ;		ld	a,#C
1144+ 9774              ;		ld	(no_partition+1),a	;init print pozice
1145+ 9774
1146+ 9774              ;Nejdriv rozhodneme, zda LBA 0 neni primo FAT boot sektor (superfloppy).
1147+ 9774              ;Teprve kdyz neni, smime oblast od offsetu 446 interpretovat jako MBR tabulku.
1148+ 9774              ;Kontroly se delaji primo v BUFFERu, protoze IX v tomto miste ukazuje na MBR entry.
1149+ 9774
1150+ 9774 3A 24 AE     		ld	a,(BUFFER+0)		;boot jump EB xx 90 nebo E9 xx xx
1151+ 9777 FE EB        		cp	#EB
1152+ 9779 28 04        		jr	z,sf_check_bps
1153+ 977B FE E9        		cp	#E9
1154+ 977D 20 7B        		jr	nz,not_superfloppy
1155+ 977F
1156+ 977F              sf_check_bps
1157+ 977F 2A 2F AE     		ld	hl,(BUFFER+11)	;BytesPerSector musi byt 512 = #0200
1158+ 9782 11 00 02     		ld	de,#0200
1159+ 9785 B7           		or	a
1160+ 9786 ED 52        		sbc	hl,de
1161+ 9788 20 70        		jr	nz,not_superfloppy
1162+ 978A
1163+ 978A 3A 31 AE     		ld	a,(BUFFER+13)	;SecPerClus nesmi byt 0
1164+ 978D B7           		or	a
1165+ 978E 28 6A        		jr	z,not_superfloppy
1166+ 9790
1167+ 9790 2A 32 AE     		ld	hl,(BUFFER+14)	;ReservedSectorCount nesmi byt 0
1168+ 9793 7C           		ld	a,h
1169+ 9794 B5           		or	l
1170+ 9795 28 63        		jr	z,not_superfloppy
1171+ 9797
1172+ 9797 3A 34 AE     		ld	a,(BUFFER+16)	;NumFATs nesmi byt 0
1173+ 979A B7           		or	a
1174+ 979B 28 5D        		jr	z,not_superfloppy
1175+ 979D
1176+ 979D 2A 22 B0     		ld	hl,(BUFFER+510)	;boot signature 55 AA
1177+ 97A0 11 55 AA     		ld	de,#AA55
1178+ 97A3 B7           		or	a
1179+ 97A4 ED 52        		sbc	hl,de
1180+ 97A6 20 52        		jr	nz,not_superfloppy
1181+ 97A8
1182+ 97A8              ;Rozliseni FAT16/FAT32 podle struktury BPB.
1183+ 97A8 2A 35 AE     		ld	hl,(BUFFER+17)	;RootEntCnt: FAT16 !=0, FAT32 =0
1184+ 97AB 7C           		ld	a,h
1185+ 97AC B5           		or	l
1186+ 97AD 20 1D        		jr	nz,sf_fat16
1187+ 97AF
1188+ 97AF 2A 3A AE     		ld	hl,(BUFFER+22)	;FATSz16: FAT16 !=0, FAT32 =0
1189+ 97B2 7C           		ld	a,h
1190+ 97B3 B5           		or	l
1191+ 97B4 20 16        		jr	nz,sf_fat16
1192+ 97B6
1193+ 97B6 2A 48 AE     		ld	hl,(BUFFER+36)	;u FAT32 musi byt FATSz32 nenulove
1194+ 97B9 ED 5B 4A AE  		ld	de,(BUFFER+38)
1195+ 97BD 7C           		ld	a,h
1196+ 97BE B5           		or	l
1197+ 97BF B2           		or	d
1198+ 97C0 B3           		or	e
1199+ 97C1 28 37        		jr	z,not_superfloppy
1200+ 97C3
1201+ 97C3              ;Superfloppy FAT32
1202+ 97C3              sf_fat32
1203+ 97C3 21 23 AE     		ld	hl,fat_type
1204+ 97C6 CB C6        		set	0,(hl)
1205+ 97C8 3E 0C        		ld	a,4+8			;bit2=superfloppy, bit3=FAT32
1206+ 97CA 18 07        		jr	sf_type_ready
1207+ 97CC
1208+ 97CC              ;Superfloppy FAT16
1209+ 97CC              sf_fat16
1210+ 97CC 21 23 AE     		ld	hl,fat_type
1211+ 97CF CB 86        		res	0,(hl)
1212+ 97D1 3E 04        		ld	a,4			;bit2=superfloppy, bit3=0=FAT16
1213+ 97D3
1214+ 97D3              sf_type_ready
1215+ 97D3 2A 2B 9C     		ld	hl,(VDT_pointer+1)
1216+ 97D6 77           		ld	(hl),a
1217+ 97D7
1218+ 97D7              ;U superfloppy vypiseme nejen SFl, ale i skutecny FAT typ.
1219+ 97D7              ;Bit 3 info bajtu: 0=FAT16, 1=FAT32.
1220+ 97D7 21 D9 A6     		ld	hl,TEXT_SFL16
1221+ 97DA CB 5F        		bit	3,a
1222+ 97DC 28 03        		jr	z,sf_text_ready
1223+ 97DE 21 E2 A6     		ld	hl,TEXT_SFL32
1224+ 97E1
1225+ 97E1              sf_text_ready
1226+ 97E1 C1           		pop	bc			;obnov tiskovou pozici stejne jako part_text
1227+ 97E2 CD AA A8     		call	T42_TEXT
1228+ 97E5 0D           		dec	c			;TEXT_SFL16/32 je o 4 znaky delsi nez F16/F32
1229+ 97E6 0D           		dec	c			;vrat tiskovou pozici pro dalsi sloupec
1230+ 97E7 0D           		dec	c
1231+ 97E8 0D           		dec	c
1232+ 97E9
1233+ 97E9              ;Superfloppy ma jen jeden filesystem. Upravime ulozeny citac smycky na 1,
1234+ 97E9              ;aby se po jeho zpracovani netestovaly dalsi tri fiktivni MBR polozky.
1235+ 97E9 DD E1        		pop	ix			;puvodni pointer na prvni MBR entry
1236+ 97EB F1           		pop	af			;puvodne A=4
1237+ 97EC 3E 01        		ld	a,1
1238+ 97EE F5           		push	af
1239+ 97EF DD E5        		push	ix
1240+ 97F1
1241+ 97F1 21 00 00     		ld	hl,0			;Boot sector superfloppy je absolutni LBA 0
1242+ 97F4 11 00 00     		ld	de,0
1243+ 97F7 C3 09 99     		jp	MBRno
1244+ 97FA
1245+ 97FA              not_superfloppy
1246+ 97FA              ;LBA 0 neni FAT boot sektor, muzeme ho interpretovat jako MBR.
1247+ 97FA              ;MBR je v bufferu
1248+ 97FA DD 7E 04     		ld	a,(ix+4)		;test, zda je partisna vubec pritomna
1249+ 97FD B7           		or	a			;0= partisna neni obsazena
1250+ 97FE CA 4F 9C     		jp	z,no_partition
1251+ 9801
1252+ 9801              ;	set	0,(ix-1)	;nastav priznak FAT32
1253+ 9801 21 23 AE     	ld	hl,fat_type
1254+ 9804 CB C6        	set	0,(hl)
1255+ 9806 06 09        	ld	b,9		;bity 0,3=1= FAT32
1256+ 9808 21 AA A6     	ld	hl,TEXT_FAT32	;test typu oddilu, bud FAT16/32/other
1257+ 980B              ;	ld	bc,#0c12
1258+ 980B FE 0B        	cp	#B		;pro typ oddilu FAT32
1259+ 980D CA C5 98     	jp	z,part_text
1260+ 9810 FE 0C        	cp	#C
1261+ 9812 CA C5 98     	jp	z,part_text
1262+ 9815
1263+ 9815 21 23 AE     	ld	hl,fat_type
1264+ 9818 CB 86        	res	0,(hl)
1265+ 981A              ;	res	0,(ix-1)	;nastav priznak FAT16
1266+ 981A 21 A5 A6     	ld	hl,TEXT_FAT16
1267+ 981D 06 01        	ld	b,1		;bit 1=1, bit 3=0= FAT16
1268+ 981F FE 06        	cp	6		;pro typ oddilu FAT16
1269+ 9821 CA C5 98     	jp	z,part_text
1270+ 9824 FE 04        	cp	4
1271+ 9826 CA C5 98     	jp	z,part_text
1272+ 9829 FE 0E        	cp	#E
1273+ 982B CA C5 98     	jp	z,part_text
1274+ 982E
1275+ 982E              ; Nepodporovane filesystemy se pokusime pojmenovat.
1276+ 982E              ; VDT info zustava 0, takze jsou stale pro EasySD nepouzitelne.
1277+ 982E FE 05        	cp	#05			; Extended partition (CHS)
1278+ 9830 CA 55 98     	jp	z,part_extended
1279+ 9833 FE 0F        	cp	#0F			; Extended partition (LBA)
1280+ 9835 CA 55 98     	jp	z,part_extended
1281+ 9838 FE 07        	cp	#07			; HPFS/NTFS/exFAT - rozlisime z boot sektoru
1282+ 983A CA 63 98     	jp	z,part_type_07
1283+ 983D FE 83        	cp	#83			; Linux native (ext2/ext3/ext4...)
1284+ 983F CA 4E 98     	jp	z,part_linux
1285+ 9842 FE EE        	cp	#EE			; GPT protective MBR
1286+ 9844 CA 5C 98     	jp	z,part_gpt
1287+ 9847
1288+ 9847              part_other
1289+ 9847 21 D2 A6     	ld	hl,TEXT_OTHER
1290+ 984A 06 00        	ld	b,0
1291+ 984C 18 77        	jr	part_text
1292+ 984E
1293+ 984E              part_linux
1294+ 984E 21 BC A6     	ld	hl,TEXT_LINUX
1295+ 9851 06 00        	ld	b,0
1296+ 9853 18 70        	jr	part_text
1297+ 9855
1298+ 9855              part_extended
1299+ 9855 21 C8 A6     	ld	hl,TEXT_EXTENDED
1300+ 9858 06 00        	ld	b,0
1301+ 985A 18 69        	jr	part_text
1302+ 985C
1303+ 985C              part_gpt
1304+ 985C 21 C3 A6     	ld	hl,TEXT_GPT
1305+ 985F 06 00        	ld	b,0
1306+ 9861 18 62        	jr	part_text
1307+ 9863
1308+ 9863              ; MBR type #07 je spolecny pro NTFS i exFAT.
1309+ 9863              ; Nacteme pouze boot sektor teto partition do BUFFER2, abychom neprepsali MBR v BUFFERu.
1310+ 9863              ; OEM ID je od offsetu +3: "NTFS    " nebo "EXFAT   ".
1311+ 9863              part_type_07
1312+ 9863 DD E5        	push	ix
1313+ 9865              	; SD_READ expects HL=upper 16 bits LBA, DE=lower 16 bits LBA
1314+ 9865 DD 5E 08     	ld	e,(ix+8)
1315+ 9868 DD 56 09     	ld	d,(ix+9)
1316+ 986B DD 6E 0A     	ld	l,(ix+10)
1317+ 986E DD 66 0B     	ld	h,(ix+11)
1318+ 9871 DD 21 24 B0  	ld	ix,BUFFER2
1319+ 9875 CD 93 8F     	call	SD_READ
1320+ 9878 DD E1        	pop	ix
1321+ 987A
1322+ 987A 3A 27 B0     	ld	a,(BUFFER2+3)
1323+ 987D FE 4E        	cp	'N'
1324+ 987F 20 1C        	jr	nz,part_check_exfat
1325+ 9881 3A 28 B0     	ld	a,(BUFFER2+4)
1326+ 9884 FE 54        	cp	'T'
1327+ 9886 20 15        	jr	nz,part_check_exfat
1328+ 9888 3A 29 B0     	ld	a,(BUFFER2+5)
1329+ 988B FE 46        	cp	'F'
1330+ 988D 20 0E        	jr	nz,part_check_exfat
1331+ 988F 3A 2A B0     	ld	a,(BUFFER2+6)
1332+ 9892 FE 53        	cp	'S'
1333+ 9894 20 07        	jr	nz,part_check_exfat
1334+ 9896 21 AF A6     	ld	hl,TEXT_NTFS
1335+ 9899 06 00        	ld	b,0
1336+ 989B 18 28        	jr	part_text
1337+ 989D
1338+ 989D              part_check_exfat
1339+ 989D 3A 27 B0     	ld	a,(BUFFER2+3)
1340+ 98A0 FE 45        	cp	'E'
1341+ 98A2 20 A3        	jr	nz,part_other
1342+ 98A4 3A 28 B0     	ld	a,(BUFFER2+4)
1343+ 98A7 FE 58        	cp	'X'
1344+ 98A9 20 9C        	jr	nz,part_other
1345+ 98AB 3A 29 B0     	ld	a,(BUFFER2+5)
1346+ 98AE FE 46        	cp	'F'
1347+ 98B0 20 95        	jr	nz,part_other
1348+ 98B2 3A 2A B0     	ld	a,(BUFFER2+6)
1349+ 98B5 FE 41        	cp	'A'
1350+ 98B7 20 8E        	jr	nz,part_other
1351+ 98B9 3A 2B B0     	ld	a,(BUFFER2+7)
1352+ 98BC FE 54        	cp	'T'
1353+ 98BE 20 87        	jr	nz,part_other
1354+ 98C0 21 B5 A6     	ld	hl,TEXT_EXFAT
1355+ 98C3 06 00        	ld	b,0
1356+ 98C5
1357+ 98C5              part_text
1358+ 98C5 E5           	push	hl
1359+ 98C6 78           	ld	a,b
1360+ 98C7 2A 2B 9C     	ld	hl,(VDT_pointer+1)
1361+ 98CA 77           	ld	(hl),a
1362+ 98CB E1           	pop	hl
1363+ 98CC C1           	pop	bc
1364+ 98CD CD AA A8     	call	T42_TEXT
1365+ 98D0
1366+ 98D0              ; Pokud je typ partition OTHER, zde zpracovani konci.
1367+ 98D0              ; Info bajt VDT je 0, tedy partition je pro EasySD nepouzitelna.
1368+ 98D0              ; Nesmime pokracovat do load_boot, jinak bychom cizí filesystem
1369+ 98D0              ; (NTFS/exFAT/...) interpretovali jako FAT a poskodili i zarovnani VDT.
1370+ 98D0 C5           	push	bc			;tiskova pozice pro ep2
1371+ 98D1 2A 2B 9C     	ld	hl,(VDT_pointer+1)
1372+ 98D4 7E           	ld	a,(hl)
1373+ 98D5 B7           	or	a
1374+ 98D6 20 06        	jr	nz,partition_is_fat
1375+ 98D8 01 20 00     	ld	bc,32			;preskoc cely VDT zaznam OTHER
1376+ 98DB C3 38 9C     	jp	ep3
1377+ 98DE
1378+ 98DE              partition_is_fat
1379+ 98DE C1           	pop	bc			;FAT cesta ma BC dale mimo stack jako dosud
1380+ 98DF
1381+ 98DF              					;ted hledame boot sektor pro dany oddil
1382+ 98DF 2A 22 B0     		ld	hl,(BUFFER2-2)
1383+ 98E2 11 55 AA     		ld	de,#AA55		;znacka platneho zaznamu MBR
1384+ 98E5 B7           		or	a
1385+ 98E6 ED 52        		sbc	hl,de
1386+ 98E8 28 13        		jr	z,load_boot	;Z=tabulka MBR je platna
1387+ 98EA
1388+ 98EA              ;Neni FAT boot sektor ani platna MBR signatura.
1389+ 98EA 18 00        		jr	not_boot
1390+ 98EC
1391+ 98EC C1           not_boot	pop	bc		;nejde ani o boot sektor, medium nema smysluplna data, konec
1392+ 98ED DD E1        		pop	ix
1393+ 98EF F1           		pop	af
1394+ 98F0
1395+ 98F0 2A 2B 9C     		ld	hl,(VDT_pointer+1)
1396+ 98F3 36 00        		ld	(hl),0		;info bajt=0
1397+ 98F5
1398+ 98F5 21 EB A6     		ld	hl,TEXT_NODATA
1399+ 98F8 CD AA A8     		call	T42_TEXT
1400+ 98FB F3           		di
1401+ 98FC 76           		halt			;zatim
1402+ 98FD              ;vytisknout, ze medium nema smylsuplna data a konec
1403+ 98FD
1404+ 98FD              ; pravděpodobně FAT Boot Sector
1405+ 98FD ~            /*stary test davame pryc
1406+ 98FD ~            		ld	hl,0		;jeste puvodni test MBR (puvodni EasyHdd)
1407+ 98FD ~            		ld	d,h
1408+ 98FD ~            		ld	e,h
1409+ 98FD ~            		ld	a,(ix+0)	;je oddil bootovaci? Pokud ano, vycti boot sektor,pokud ne, bude boot v sektoru 0
1410+ 98FD ~            		and	127
1411+ 98FD ~            		jr	nz,MBRno
1412+ 98FD ~            		ld	a,(ix+2)	;ale toto moc nechapu, pro se testuje CHS?
1413+ 98FD ~            		and	a
1414+ 98FD ~            		jr	z,MBRno
1415+ 98FD ~            */
1416+ 98FD
1417+ 98FD
1418+ 98FD
1419+ 98FD DD 6E 08     load_boot	ld	l,(ix+8)
1420+ 9900 DD 66 09     		ld	h,(ix+9)	;nizsi
1421+ 9903 DD 5E 0A     		ld	e,(ix+10)
1422+ 9906 DD 56 0B     		ld	d,(ix+11)	;vyssi
1423+ 9909
1424+ 9909
1425+ 9909 ED 53 81 99  MBRno		ld	(bootsec1+1),de	;pro MBRno, vyplnujeme vse 0
1426+ 990D 22 7E 99     		ld	(bootsec+1),hl	;schovame cislo bootsektoru pro budouci vypocet
1427+ 9910
1428+ 9910
1429+ 9910              ;mame boot sektor, jdeme ho nahrat a taky vypsat na obrazovku
1430+ 9910 22 1C 97     		ld	(zzbin),hl
1431+ 9913 ED 53 1E 97  		ld	(zzbin+2),de
1432+ 9917 E5           		push	hl
1433+ 9918 D5           		push	de
1434+ 9919              ;		push	bc		;BC=tiskova pozice
1435+ 9919 CD D2 96     		call	HL2ASCII32
1436+ 991C              ;		pop	bc
1437+ 991C 0C           		inc	c		;posunuli jsme tiskovou pozici
1438+ 991D
1439+ 991D 21 29 97     		ld	hl,zzdec+9
1440+ 9920 CB FE        		set	7,(hl)
1441+ 9922 21 20 97     		ld	hl,zzdec
1442+ 9925              ;		ld	bc,#0B10
1443+ 9925
1444+ 9925 7E           mbs1		ld	a,(hl)
1445+ 9926 B7           		or	a
1446+ 9927 20 04        		jr	nz,mbs2
1447+ 9929 23           		inc	hl
1448+ 992A 0C           		inc	c
1449+ 992B 18 F8        		jr	mbs1
1450+ 992D
1451+ 992D CD AA A8     mbs2		call	T42_TEXT	;vypis jeho cislo
1452+ 9930
1453+ 9930 E1           		pop	hl
1454+ 9931 D1           		pop	de		;HLDE=boot sektor
1455+ 9932
1456+ 9932 0C           		inc	c
1457+ 9933 C5           		push	bc		;posun tiskovou pozici
1458+ 9934
1459+ 9934 DD 21 24 AE  		ld	ix,BUFFER
1460+ 9938 CD 93 8F     		call	SD_READ		;nacti boot na adresu v IX (BUFFER)
1461+ 993B
1462+ 993B ~            /*toto bylo na zacatku, kdyz jsem si to potreboval vizualizovat
1463+ 993B ~            		ld	hl,BUFFER+11	;prenes hodnoty z boot sektoru potrebne pro vypocet
1464+ 993B ~            		ld	de,BPB_BytesPerSec
1465+ 993B ~            		ld	bc,8
1466+ 993B ~            		ldir
1467+ 993B ~            		ld	hl,BUFFER+22
1468+ 993B ~            		ld	(BPB_FATSz16),hl
1469+ 993B ~            		ld	hl,BUFFER+36
1470+ 993B ~            		ld	bc,4
1471+ 993B ~            		push	bc
1472+ 993B ~            		ldir
1473+ 993B ~            		ld	hl,BUFFER+44
1474+ 993B ~            		pop	bc
1475+ 993B ~            		ldir
1476+ 993B ~
1477+ 993B ~            ;hodnoty z bootu
1478+ 993B ~            BPB_BytesPerSec		dw	#5555	;offset	11	delka 2
1479+ 993B ~            BPB_SecPerClus		db	#55	;offset	13	delka 1
1480+ 993B ~            BPB_RsvdSecCnt		dw	#5555	;offset	14	delka 2
1481+ 993B ~            BPB_NumFATs		db	#55	;offset 16	delka 1
1482+ 993B ~
1483+ 993B ~            FAT16:
1484+ 993B ~            BPB_RootEntCnt		dw	#5555	;offset	17	delka 2
1485+ 993B ~            BPB_FATSz16		dw	#5555	;offset	22	delka 2
1486+ 993B ~
1487+ 993B ~            FAT32:
1488+ 993B ~            BPB_FATSz32		dw	#5555,#5555	;offset	36	delka 4
1489+ 993B ~            BPB_RootClus		dw	#5555,#5555	;offset	44	delka 4
1490+ 993B ~            */
1491+ 993B
1492+ 993B
1493+ 993B              ;3. Výpočet prvního datového sektoru
1494+ 993B              ;pocet FAT x velikost FAT
1495+ 993B DD 6E 11     		ld	l,(ix+17)	;pouze pro FAT16. pocet polozek v Root diru, rovnou vypocitame pocet polozek
1496+ 993E DD 66 12     		ld	h,(ix+18)	;(pocet polozek*32)/512=pocet sektoru
1497+ 9941
1498+ 9941 06 04        		ld	b,4		;vpocet si zjednodusime
1499+ 9943 CB 3C        lb2_f16		srl	h
1500+ 9945 CB 1D        		rr	l
1501+ 9947 10 FA        		djnz	lb2_f16
1502+ 9949 22 F4 9B     		ld	(RootEntCnt+1),hl	;
1503+ 994C
1504+ 994C DD 7E 0D     		ld	a,(ix+13)	;pocet sektoru na cluster
1505+ 994F 32 D3 9B     		ld	(l1F+1),a
1506+ 9952
1507+ 9952 DD CB FF 46  		bit	0,(ix-1)	;jdeme pocitat, nejprve počet FATx delka FAT
1508+ 9956 DD 6E 16     		ld	l,(ix+22)	;FAT16-pocet sektoru FAT
1509+ 9959 DD 66 17     		ld	h,(ix+23)
1510+ 995C 11 00 00     		ld	de,0
1511+ 995F 28 0C        		jr	z,lb1_f16
1512+ 9961 DD 6E 24     		ld	l,(ix+36)	;FAT32- pocet sektoru FAT
1513+ 9964 DD 66 25     		ld	h,(ix+37)
1514+ 9967 DD 5E 26     		ld	e,(ix+38)
1515+ 996A DD 56 27     		ld	d,(ix+39)
1516+ 996D DD 7E 10     lb1_f16		ld	a,(ix+16)	;pocet FAT tabulek
1517+ 9970 CD 24 B2     		call	MUL32x8		;nasobeni 32x8, vysledek je HL'DE'
1518+ 9973
1519+ 9973              ;pricteme k tomu pocet rezervovanych sektoru
1520+ 9973 DD 4E 0E     		ld	c,(ix+14)	;pocet rezervovanych sektoru
1521+ 9976 DD 46 0F     		ld	b,(ix+15)
1522+ 9979 CD 5F B2     		call	ADD32_16	;scitani 32+16, out HLDE
1523+ 997C D9           		exx			;vysledek je v HLDE
1524+ 997D              ;mame FirstDataSectorRel
1525+ 997D              					;jeste pricist sektory od bootu
1526+ 997D              ;pricteme k tomu PartitionStartLBA (boot sektor)
1527+ 997D 21 55 55     bootsec		ld	hl,#5555	;nizsi
1528+ 9980 11 55 55     bootsec1	ld	de,#5555	;vyssi
1529+ 9983 CD 74 B2     		call	ADD32_32	;vysledek je v HLDE
1530+ 9986
1531+ 9986              ;uschovej absolutni zacatek datove oblasti. U FAT32 se RootDir muze nachazet
1532+ 9986              ;v jinem clusteru nez 2, proto se pozdeji MBD musi pocitat od FirstDataLBA,
1533+ 9986              ;nikoli od RootDirLBA.
1534+ 9986 22 EC AD     		ld	(FirstDataLBA),hl
1535+ 9989 ED 53 EE AD  		ld	(FirstDataLBA+2),de
1536+ 998D
1537+ 998D              ; FAT16: HLDE uz obsahuje spravny RootDir LBA.
1538+ 998D              ; FAT32 pomocne vypocty nize by HLDE znicily.
1539+ 998D DD CB FF 46  		bit     0,(ix-1)
1540+ 9991 28 51        		jr      z,load_root_dir
1541+ 9993
1542+ 9993              ;udaje potrebne pro robustni prohledani FAT32 root directory
1543+ 9993 DD 7E 0D     		ld	a,(ix+13)
1544+ 9996 32 00 AE     		ld	(FAT32_SecPerClus),a
1545+ 9999 DD 6E 2C     		ld	l,(ix+44)
1546+ 999C DD 66 2D     		ld	h,(ix+45)
1547+ 999F 22 F4 AD     		ld	(FAT32_CurCluster),hl
1548+ 99A2 DD 6E 2E     		ld	l,(ix+46)
1549+ 99A5 DD 66 2F     		ld	h,(ix+47)
1550+ 99A8 22 F6 AD     		ld	(FAT32_CurCluster+2),hl
1551+ 99AB
1552+ 99AB              ;FirstFATLBA = PartitionStartLBA + ReservedSectors
1553+ 99AB 2A 7E 99     		ld	hl,(bootsec+1)
1554+ 99AE ED 5B 81 99  		ld	de,(bootsec1+1)
1555+ 99B2 DD 4E 0E     		ld	c,(ix+14)
1556+ 99B5 DD 46 0F     		ld	b,(ix+15)
1557+ 99B8 09           		add	hl,bc
1558+ 99B9 30 01        		jr	nc,.fatlba_no_carry
1559+ 99BB 13           		inc	de
1560+ 99BC              .fatlba_no_carry
1561+ 99BC 22 F0 AD     		ld	(FAT32_FirstFATLBA),hl
1562+ 99BF ED 53 F2 AD  		ld	(FAT32_FirstFATLBA+2),de
1563+ 99C3
1564+ 99C3              ;hotovo pro FAT16. HLDE= root dir pro FAT16
1565+ 99C3
1566+ 99C3
1567+ 99C3 DD CB FF 46  		bit	0,(ix-1)
1568+ 99C7 28 1B        		jr	z,load_root_dir
1569+ 99C9
1570+ 99C9 D9           		exx
1571+ 99CA              					;pro FAT32 musime pokracovat
1572+ 99CA DD 6E 2C     		ld	l,(ix+44)	;first cluster number of the root directory
1573+ 99CD DD 66 2D     		ld	h,(ix+45)
1574+ 99D0 DD 5E 2E     		ld	e,(ix+46)
1575+ 99D3 DD 56 2F     		ld	d,(ix+47)
1576+ 99D6              ;odecteme 2, protoze pokud je cluster ve FAT32=2, pak zacatek root dir je hned za FAT2, jako u FAT16
1577+ 99D6 3E 02        		ld	a,2
1578+ 99D8 CD 63 B2     		call	SUB32_8
1579+ 99DB DD 7E 0D     		ld	a,(ix+13)
1580+ 99DE CD 24 B2     		call	MUL32x8
1581+ 99E1 CD 74 B2     		call	ADD32_32
1582+ 99E4              					;HLDE=root dir pro FAT32
1583+ 99E4
1584+ 99E4              load_root_dir
1585+ 99E4 ~            /*toto je spatne, tohle cislo nechceme tisknout, budeme tisknout soubor do tretiho sloupce
1586+ 99E4 ~            		pop	bc		;tiskova pozice, nechame ji venku, nic ji neposkozuje
1587+ 99E4 ~            		push	hl
1588+ 99E4 ~            		push	de		;dame to bokem
1589+ 99E4 ~
1590+ 99E4 ~            		ld	(zzbin),hl	;nejprve tisk
1591+ 99E4 ~            		ld	(zzbin+2),de
1592+ 99E4 ~
1593+ 99E4 ~            		call	HL2ASCII32
1594+ 99E4 ~            		ld	hl,zzdec+9
1595+ 99E4 ~            		set	7,(hl)
1596+ 99E4 ~            		ld	hl,zzdec
1597+ 99E4 ~            ;		ld	bc,#0B1B
1598+ 99E4 ~            ;		pop	bc
1599+ 99E4 ~            lrd1		ld	a,(hl)
1600+ 99E4 ~            		or	a
1601+ 99E4 ~            		jr	nz,lrd2
1602+ 99E4 ~            		inc	hl
1603+ 99E4 ~            		inc	c
1604+ 99E4 ~            		jr	lrd1
1605+ 99E4 ~
1606+ 99E4 ~            lrd2		call	T42_TEXT	;vypis jeho cislo
1607+ 99E4 ~            					;... a load a vyhledani souboru .MBD/.MBH
1608+ 99E4 ~            		inc	c
1609+ 99E4 ~
1610+ 99E4 ~            		pop	hl
1611+ 99E4 ~            		pop	de		;HLDE=Root Dir FAT32/FAT16
1612+ 99E4 ~            ;uschovame ho, bude ještě potřeba, je to start DIRs sektoru pro FAT16, nebo start datovch sektoru pro FAT32
1613+ 99E4 ~
1614+ 99E4 ~            		push	hl
1615+ 99E4 ~            		push	de
1616+ 99E4 ~
1617+ 99E4 ~            		push	bc		;tiskova pozice
1618+ 99E4 ~
1619+ 99E4 ~            */
1620+ 99E4 C1           		pop	bc
1621+ 99E5 EB           		ex	de,hl
1622+ 99E6 E5           		push	hl
1623+ 99E7 D5           		push	de
1624+ 99E8 C5           		push	bc		;BC=tiskova pozice
1625+ 99E9
1626+ 99E9              ;	ld	ix,BUFFER
1627+ 99E9              ;;;	ld	a,%00000000	;master
1628+ 99E9
1629+ 99E9              ;FAT32: neber prvni MBD podle poradi directory entries.
1630+ 99E9              ;Projdi cely root cluster chain a vyber MBD/MBH s NEJNIZSIM start clusterem,
1631+ 99E9              ;tj. fyzicky prvni image na karte.
1632+ 99E9 3A 23 AE     	ld	a,(fat_type)
1633+ 99EC CB 47        	bit	0,a
1634+ 99EE 28 0C        	jr	z,.scan_fat16_old
1635+ 99F0
1636+ 99F0 CD 50 9A     	call	FAT32_FIND_LOWEST_MBD
1637+ 99F3 2A 2B 9C     	ld	hl,(VDT_pointer+1)
1638+ 99F6 B7           	or	a
1639+ 99F7 C2 B3 9B     	jp	nz,platne
1640+ 99FA 18 2A        	jr	mbd_not_found
1641+ 99FC
1642+ 99FC              .scan_fat16_old
1643+ 99FC CD 93 8F     	call	SD_READ
1644+ 99FF
1645+ 99FF 06 08        	ld	b,8		;; FAT16 zustava beze zmeny: prvnich 8 polozek
1646+ 9A01 11 20 00     	ld	de,32		;; kazda polozka ma 32 bytes
1647+ 9A04 2A 2B 9C     	ld	hl,(VDT_pointer+1)
1648+ 9A07              nextfile
1649+ 9A07 DD 7E 08     	ld	a,(ix+08h)
1650+ 9A0A FE 4D        	cp	"M"
1651+ 9A0C 20 14        	jr	nz, neplatne
1652+ 9A0E DD 7E 09     	ld	a,(ix+09h)
1653+ 9A11 FE 42        	cp	"B"
1654+ 9A13 20 0D        	jr	nz, neplatne
1655+ 9A15 DD 7E 0A     	ld	a,(ix+0ah)
1656+ 9A18 FE 48        	cp	"H"
1657+ 9A1A CA B3 9B     	jp	z, platne
1658+ 9A1D FE 44        	cp	"D"
1659+ 9A1F CA B3 9B     	jp	z, platne
1660+ 9A22              neplatne
1661+ 9A22 DD 19        	add	ix,de
1662+ 9A24 10 E1        	djnz	nextfile
1663+ 9A26
1664+ 9A26              mbd_not_found
1665+ 9A26 CB 8E        	res	1,(hl)		;nastav priznak, ze jde o nepouzitelny oddil, nema MBD soubor
1666+ 9A28
1667+ 9A28 21 EB A6     	ld	hl,TEXT_NODATA
1668+ 9A2B C1           	pop	bc		;tiskova pozice
1669+ 9A2C CD AA A8     	call	T42_TEXT	;tisk "No Data"= soubor MBD/MBH neni pritomen
1670+ 9A2F
1671+ 9A2F              	; Cely radek teto partition obarvime cervene.
1672+ 9A2F              	; B obsahuje cislo aktualniho textoveho radku.
1673+ 9A2F              	; Atributova oblast ZX zacina na #5800, polozky menu od sloupce 1.
1674+ 9A2F C5           	push	bc
1675+ 9A30 78           	ld	a,b
1676+ 9A31 21 01 58     	ld	hl,#5801
1677+ 9A34 11 20 00     	ld	de,32
1678+ 9A37 47           	ld	b,a
1679+ 9A38              no_data_red_seek
1680+ 9A38 19           	add	hl,de
1681+ 9A39 10 FD        	djnz	no_data_red_seek
1682+ 9A3B 06 1D        	ld	b,cursor_len	; stejne dlouhy radek jako kurzor (29 atributu)
1683+ 9A3D 3E 02        	ld	a,2		; normal red ink, black paper
1684+ 9A3F              no_data_red_fill
1685+ 9A3F 77           	ld	(hl),a
1686+ 9A40 23           	inc	hl
1687+ 9A41 10 FC        	djnz	no_data_red_fill
1688+ 9A43 C1           	pop	bc
1689+ 9A44
1690+ 9A44              	; MBD/MBH se nenasel. Na zasobniku jsou jeste dve 16bitove
1691+ 9A44              	; poloviny ulozeneho RootDir LBA. Pres l1F uz nesmime pokracovat,
1692+ 9A44              	; protoze l1F ocekava na vrcholu zasobniku znovu BC a pocita LBA
1693+ 9A44              	; neexistujiciho souboru. Uklidime RootDir a vratime BC tak, jak ho
1694+ 9A44              	; ocekava end_partition/ep2.
1695+ 9A44 D1           	pop	de		;zahod ulozene DE RootDir LBA
1696+ 9A45 E1           	pop	hl		;zahod ulozene HL RootDir LBA
1697+ 9A46 C5           	push	bc		;ep2 bude znovu delat POP BC
1698+ 9A47
1699+ 9A47              	; No Data je stale jeden kompletni 32B VDT zaznam.
1700+ 9A47              	; Musime posunout VDT_pointer na nasledujici partition, jinak
1701+ 9A47              	; se dalsi platna partition zapise do stejneho VDT zaznamu.
1702+ 9A47 2A 2B 9C     	ld	hl,(VDT_pointer+1)
1703+ 9A4A 01 20 00     	ld	bc,32
1704+ 9A4D C3 38 9C     	jp	ep3
1705+ 9A50
1706+ 9A50
1707+ 9A50              ;------------------------------------------------------------------------------
1708+ 9A50              ; FAT32_FIND_LOWEST_MBD
1709+ 9A50              ; Projde CELÝ ALOKOVANY FAT32 root directory cluster chain a z nalezenych MBD/MBH
1710+ 9A50              ; vybere soubor s nejmensim start clusterem = fyzicky prvni MBD.
1711+ 9A50              ;
1712+ 9A50              ; OUT:
1713+ 9A50              ;   A=0  ... MBD/MBH nenalezen
1714+ 9A50              ;   A=1  ... nalezen, IX -> FAT32_BestEntry (32B kopie directory entry)
1715+ 9A50              ;
1716+ 9A50              ; Pouziva BUFFER pro directory sektor, BUFFER2 pro sektor FAT.
1717+ 9A50              ;------------------------------------------------------------------------------
1718+ 9A50              FAT32_FIND_LOWEST_MBD
1719+ 9A50 AF           	xor	a
1720+ 9A51 32 02 AE     	ld	(FAT32_Found),a
1721+ 9A54 21 FF FF     	ld	hl,#FFFF
1722+ 9A57 22 FC AD     	ld	(FAT32_BestCluster),hl
1723+ 9A5A 22 FE AD     	ld	(FAT32_BestCluster+2),hl
1724+ 9A5D
1725+ 9A5D              .f32_cluster_loop
1726+ 9A5D              	; DirLBA = FirstDataLBA + (CurCluster-2) * SecPerClus
1727+ 9A5D              	; Pouzij existujici 32bit math rutiny; pouze platne Z80 instrukce.
1728+ 9A5D 2A F4 AD     	ld	hl,(FAT32_CurCluster)
1729+ 9A60 ED 5B F6 AD  	ld	de,(FAT32_CurCluster+2)
1730+ 9A64 3E 02        	ld	a,2
1731+ 9A66 CD 63 B2     	call	SUB32_8
1732+ 9A69 3A 00 AE     	ld	a,(FAT32_SecPerClus)
1733+ 9A6C CD 24 B2     	call	MUL32x8
1734+ 9A6F D9           	exx
1735+ 9A70 2A EC AD     	ld	hl,(FirstDataLBA)
1736+ 9A73 ED 5B EE AD  	ld	de,(FirstDataLBA+2)
1737+ 9A77 CD 74 B2     	call	ADD32_32
1738+ 9A7A
1739+ 9A7A 22 F8 AD     	ld	(FAT32_DirLBA),hl
1740+ 9A7D ED 53 FA AD  	ld	(FAT32_DirLBA+2),de
1741+ 9A81
1742+ 9A81 3A 00 AE     	ld	a,(FAT32_SecPerClus)
1743+ 9A84 32 01 AE     	ld	(FAT32_SectorsLeft),a
1744+ 9A87
1745+ 9A87              .f32_sector_loop
1746+ 9A87 ED 5B F8 AD  	ld	de,(FAT32_DirLBA)
1747+ 9A8B 2A FA AD     	ld	hl,(FAT32_DirLBA+2)
1748+ 9A8E DD 21 24 AE  	ld	ix,BUFFER
1749+ 9A92 CD 93 8F     	call	SD_READ
1750+ 9A95
1751+ 9A95 06 10        	ld	b,16			; cely 512B sektor = 16 x 32B entries
1752+ 9A97 DD 21 24 AE  	ld	ix,BUFFER
1753+ 9A9B
1754+ 9A9B              .f32_entry_loop
1755+ 9A9B DD 7E 00     	ld	a,(ix+0)
1756+ 9A9E B7           	or	a
1757+ 9A9F CA 15 9B     	jp	z,.f32_next_entry	; 00 = volna/nepouzita polozka; projdeme cely alokovany root chain
1758+ 9AA2 FE E5        	cp	#E5
1759+ 9AA4 CA 15 9B     	jp	z,.f32_next_entry	; deleted
1760+ 9AA7
1761+ 9AA7 DD 7E 0B     	ld	a,(ix+11)
1762+ 9AAA FE 0F        	cp	#0F
1763+ 9AAC 28 67        	jr	z,.f32_next_entry	; LFN
1764+ 9AAE CB 5F        	bit	3,a
1765+ 9AB0 20 63        	jr	nz,.f32_next_entry	; volume label
1766+ 9AB2 CB 67        	bit	4,a
1767+ 9AB4 20 5F        	jr	nz,.f32_next_entry	; directory
1768+ 9AB6
1769+ 9AB6 DD 7E 08     	ld	a,(ix+8)
1770+ 9AB9 FE 4D        	cp	"M"
1771+ 9ABB 20 58        	jr	nz,.f32_next_entry
1772+ 9ABD DD 7E 09     	ld	a,(ix+9)
1773+ 9AC0 FE 42        	cp	"B"
1774+ 9AC2 20 51        	jr	nz,.f32_next_entry
1775+ 9AC4 DD 7E 0A     	ld	a,(ix+10)
1776+ 9AC7 FE 44        	cp	"D"
1777+ 9AC9 28 04        	jr	z,.f32_candidate
1778+ 9ACB FE 48        	cp	"H"
1779+ 9ACD 20 46        	jr	nz,.f32_next_entry
1780+ 9ACF
1781+ 9ACF              .f32_candidate
1782+ 9ACF              	; FAT32 start cluster: HI word @20, LO word @26
1783+ 9ACF DD 6E 1A     	ld	l,(ix+26)
1784+ 9AD2 DD 66 1B     	ld	h,(ix+27)
1785+ 9AD5 DD 5E 14     	ld	e,(ix+20)
1786+ 9AD8 DD 7E 15     	ld	a,(ix+21)
1787+ 9ADB E6 0F        	and	#0F
1788+ 9ADD 57           	ld	d,a
1789+ 9ADE
1790+ 9ADE              	; cluster 0/1 neni platny datovy cluster
1791+ 9ADE 7A           	ld	a,d
1792+ 9ADF B3           	or	e
1793+ 9AE0 B4           	or	h
1794+ 9AE1 20 05        	jr	nz,.f32_compare
1795+ 9AE3 7D           	ld	a,l
1796+ 9AE4 FE 02        	cp	2
1797+ 9AE6 38 2D        	jr	c,.f32_next_entry
1798+ 9AE8
1799+ 9AE8              .f32_compare
1800+ 9AE8              	; unsigned 32bit: DEHL < BestCluster ?
1801+ 9AE8              	; candidate-Best, carry z horniho slova znamena candidate < Best.
1802+ 9AE8 D5           	push	de
1803+ 9AE9 E5           	push	hl
1804+ 9AEA ED 4B FC AD  	ld	bc,(FAT32_BestCluster)
1805+ 9AEE B7           	or	a
1806+ 9AEF ED 42        	sbc	hl,bc
1807+ 9AF1 EB           	ex	de,hl
1808+ 9AF2 ED 4B FE AD  	ld	bc,(FAT32_BestCluster+2)
1809+ 9AF6 ED 42        	sbc	hl,bc
1810+ 9AF8 E1           	pop	hl
1811+ 9AF9 D1           	pop	de
1812+ 9AFA 30 19        	jr	nc,.f32_next_entry
1813+ 9AFC
1814+ 9AFC              .f32_new_best
1815+ 9AFC 22 FC AD     	ld	(FAT32_BestCluster),hl
1816+ 9AFF ED 53 FE AD  	ld	(FAT32_BestCluster+2),de
1817+ 9B03
1818+ 9B03 C5           	push	bc			; zachovej B = pocitadlo directory entries
1819+ 9B04 DD E5        	push	ix
1820+ 9B06 E1           	pop	hl
1821+ 9B07 11 03 AE     	ld	de,FAT32_BestEntry
1822+ 9B0A 01 20 00     	ld	bc,32
1823+ 9B0D ED B0        	ldir
1824+ 9B0F C1           	pop	bc
1825+ 9B10 3E 01        	ld	a,1
1826+ 9B12 32 02 AE     	ld	(FAT32_Found),a
1827+ 9B15
1828+ 9B15              .f32_next_entry
1829+ 9B15 11 20 00     	ld	de,32
1830+ 9B18 DD 19        	add	ix,de
1831+ 9B1A 05           	dec	b
1832+ 9B1B C2 9B 9A     	jp	nz,.f32_entry_loop
1833+ 9B1E
1834+ 9B1E              	; dalsi sektor stejneho root clusteru
1835+ 9B1E 21 F8 AD     	ld	hl,FAT32_DirLBA
1836+ 9B21 34           	inc	(hl)
1837+ 9B22 20 0A        	jr	nz,.f32_lba_inc_done
1838+ 9B24 23           	inc	hl
1839+ 9B25 34           	inc	(hl)
1840+ 9B26 20 06        	jr	nz,.f32_lba_inc_done
1841+ 9B28 23           	inc	hl
1842+ 9B29 34           	inc	(hl)
1843+ 9B2A 20 02        	jr	nz,.f32_lba_inc_done
1844+ 9B2C 23           	inc	hl
1845+ 9B2D 34           	inc	(hl)
1846+ 9B2E              .f32_lba_inc_done
1847+ 9B2E
1848+ 9B2E 3A 01 AE     	ld	a,(FAT32_SectorsLeft)
1849+ 9B31 3D           	dec	a
1850+ 9B32 32 01 AE     	ld	(FAT32_SectorsLeft),a
1851+ 9B35 C2 87 9A     	jp	nz,.f32_sector_loop
1852+ 9B38
1853+ 9B38              	; Nacti FAT entry pro aktualni root cluster.
1854+ 9B38              	; FAT32 ma 128 zaznamu/sektor => FAT sector = cluster >> 7.
1855+ 9B38              	; CurCluster je little-endian 32bit; FAT32 pouziva jen 28 bitu.
1856+ 9B38 3A F4 AD     	ld	a,(FAT32_CurCluster)
1857+ 9B3B 67           	ld	h,a
1858+ 9B3C 3A F5 AD     	ld	a,(FAT32_CurCluster+1)
1859+ 9B3F 6F           	ld	l,a
1860+ 9B40 3A F6 AD     	ld	a,(FAT32_CurCluster+2)
1861+ 9B43 5F           	ld	e,a
1862+ 9B44 16 00        	ld	d,0
1863+ 9B46 29           	add	hl,hl
1864+ 9B47 CB 13        	rl	e
1865+ 9B49 CB 12        	rl	d
1866+ 9B4B 65           	ld	h,l
1867+ 9B4C 6B           	ld	l,e
1868+ 9B4D 5A           	ld	e,d
1869+ 9B4E 16 00        	ld	d,0
1870+ 9B50
1871+ 9B50              	; DEHL = cluster>>7; pricteme absolutni LBA prvni FAT.
1872+ 9B50 ED 4B F0 AD  	ld	bc,(FAT32_FirstFATLBA)
1873+ 9B54 09           	add	hl,bc
1874+ 9B55 EB           	ex	de,hl
1875+ 9B56 ED 4B F2 AD  	ld	bc,(FAT32_FirstFATLBA+2)
1876+ 9B5A ED 4A        	adc	hl,bc
1877+ 9B5C EB           	ex	de,hl
1878+ 9B5D
1879+ 9B5D EB           	ex	de,hl			; SD_READ: HL=upper, DE=lower
1880+ 9B5E DD 21 24 B0  	ld	ix,BUFFER2
1881+ 9B62 CD 93 8F     	call	SD_READ
1882+ 9B65
1883+ 9B65              	; offset v FAT sektoru = (cluster & 127)*4
1884+ 9B65 3A F4 AD     	ld	a,(FAT32_CurCluster)
1885+ 9B68 E6 7F        	and	#7F
1886+ 9B6A 87           	add	a,a
1887+ 9B6B 87           	add	a,a
1888+ 9B6C 6F           	ld	l,a
1889+ 9B6D 26 00        	ld	h,0
1890+ 9B6F 11 24 B0     	ld	de,BUFFER2
1891+ 9B72 19           	add	hl,de
1892+ 9B73
1893+ 9B73 5E           	ld	e,(hl)
1894+ 9B74 23           	inc	hl
1895+ 9B75 56           	ld	d,(hl)
1896+ 9B76 23           	inc	hl
1897+ 9B77 4E           	ld	c,(hl)
1898+ 9B78 23           	inc	hl
1899+ 9B79 7E           	ld	a,(hl)
1900+ 9B7A E6 0F        	and	#0F
1901+ 9B7C 47           	ld	b,a			; BCDE = next cluster (B highest)
1902+ 9B7D
1903+ 9B7D              	; EOC >= 0FFFFFF8, bad cluster 0FFFFFF7 take also as end.
1904+ 9B7D 78           	ld	a,b
1905+ 9B7E FE 0F        	cp	#0F
1906+ 9B80 20 0F        	jr	nz,.f32_store_next
1907+ 9B82 79           	ld	a,c
1908+ 9B83 FE FF        	cp	#FF
1909+ 9B85 20 0A        	jr	nz,.f32_store_next
1910+ 9B87 7A           	ld	a,d
1911+ 9B88 FE FF        	cp	#FF
1912+ 9B8A 20 05        	jr	nz,.f32_store_next
1913+ 9B8C 7B           	ld	a,e
1914+ 9B8D FE F7        	cp	#F7
1915+ 9B8F 30 16        	jr	nc,.f32_directory_end
1916+ 9B91
1917+ 9B91              .f32_store_next
1918+ 9B91              	; 0/1 = invalid chain => konec
1919+ 9B91 78           	ld	a,b
1920+ 9B92 B1           	or	c
1921+ 9B93 B2           	or	d
1922+ 9B94 20 05        	jr	nz,.f32_next_valid
1923+ 9B96 7B           	ld	a,e
1924+ 9B97 FE 02        	cp	2
1925+ 9B99 38 0C        	jr	c,.f32_directory_end
1926+ 9B9B              .f32_next_valid
1927+ 9B9B
1928+ 9B9B ED 53 F4 AD  	ld	(FAT32_CurCluster),de
1929+ 9B9F 60           	ld	h,b
1930+ 9BA0 69           	ld	l,c
1931+ 9BA1 22 F6 AD     	ld	(FAT32_CurCluster+2),hl
1932+ 9BA4 C3 5D 9A     	jp	.f32_cluster_loop
1933+ 9BA7
1934+ 9BA7              .f32_directory_end
1935+ 9BA7 3A 02 AE     	ld	a,(FAT32_Found)
1936+ 9BAA B7           	or	a
1937+ 9BAB C8           	ret	z
1938+ 9BAC DD 21 03 AE  	ld	ix,FAT32_BestEntry
1939+ 9BB0 3E 01        	ld	a,1
1940+ 9BB2 C9           	ret
1941+ 9BB3
1942+ 9BB3              ;Skutečná fyzická pozice souboru na disku se spočítá tak, že se od čísla clusteru odečte 2, to se vynásobí počtem sektorů na cluster a přičte se začátek datové oblasti. Stejne pro FAT16 i FAT32.
1943+ 9BB3
1944+ 9BB3 CB CE        platne	set	1,(hl)
1945+ 9BB5 C1           	pop	bc		;tiskova pozice
1946+ 9BB6 DD E5        	push	ix
1947+ 9BB8 E1           	pop	hl
1948+ 9BB9 DD CB 0A FE  	set	7,(ix+10)
1949+ 9BBD CD AA A8     	call	T42_TEXT	;vypis jeho nazev
1950+ 9BC0 C5           	push	bc		;tiskova pozice
1951+ 9BC1 DD 6E 1A     	ld	l,(ix+26)	;;cluster na kterem zacina soubor
1952+ 9BC4 DD 66 1B     	ld	h,(ix+27)
1953+ 9BC7 DD 5E 14     	ld	e,(ix+20)
1954+ 9BCA DD 56 15     	ld	d,(ix+21)	;hlde=cluster of a file
1955+ 9BCD 3E 02        	ld	a,2		;nutno odecist 2
1956+ 9BCF CD 63 B2     	call	SUB32_8
1957+ 9BD2
1958+ 9BD2 3E 55        l1F	ld	a,#55		;pocet sektoru na cluster
1959+ 9BD4 CD 24 B2     	call	MUL32x8		;vysledek v HLDE
1960+ 9BD7 D9           	exx				;offset souboru presun do alternativnich registru
1961+ 9BD8 C1           	pop	bc		;tiskova pozice
1962+ 9BD9 E1           	pop	hl
1963+ 9BDA D1           	pop	de		;HLDE=Root Dir FAT32/FAT16
1964+ 9BDB C5           	push	bc		;tiskova pozice
1965+ 9BDC
1966+ 9BDC              	; V tomto miste uz IX ukazuje na adresarovou polozku MBD, proto nelze
1967+ 9BDC              	; testovat FAT typ pres (ix+0). Pouzij globalni priznak fat_type.
1968+ 9BDC 3A 23 AE     	ld	a,(fat_type)
1969+ 9BDF CB 47        	bit	0,a
1970+ 9BE1 28 0C        	jr	z,l1F_fat16
1971+ 9BE3
1972+ 9BE3              	; FAT32: zakladem pro prevod clusteru souboru je FirstDataLBA,
1973+ 9BE3              	; nikoli RootDirLBA (RootClus nemusi byt 2).
1974+ 9BE3 2A EC AD     	ld	hl,(FirstDataLBA)
1975+ 9BE6 ED 5B EE AD  	ld	de,(FirstDataLBA+2)
1976+ 9BEA CD 74 B2     	call	ADD32_32
1977+ 9BED 18 0A        	jr	end_partition
1978+ 9BEF
1979+ 9BEF              				;FAT16: k RootDirLBA nejprve pricteme offset souboru
1980+ 9BEF CD 74 B2     l1F_fat16	call	ADD32_32
1981+ 9BF2
1982+ 9BF2              				;pak jeste velikost pevneho Root Directory
1983+ 9BF2 D9           	exx
1984+ 9BF3
1985+ 9BF3 21 55 55     RootEntCnt	ld	hl,#5555
1986+ 9BF6 CD 74 B2     		call	ADD32_32
1987+ 9BF9
1988+ 9BF9              				;v HLDE je prvni sektor image MBD/MBH, i pro FAT32:)
1989+ 9BF9
1990+ 9BF9 ~            /*
1991+ 9BF9 ~            osetrit:
1992+ 9BF9 ~            - DONE neni MBR- pak bude svitit jen jeden radek ve vyisu, a bude snaha datekovat FAT16/FAT32/other
1993+ 9BF9 ~            - DONE partisna neni FAT16/FAT32- nech sviti napis "oth" a skoci se na detekci dalsi partisny
1994+ 9BF9 ~            - DONE partisna je FAT16/FAT32, ale soubor se nenasel- pak necht sviti cervene No File.
1995+ 9BF9 ~            - nyni se automaticky vezme prvni partisna, do VDT, ale chceme tam dat user defined, tzn, pridat kurzor!!!
1996+ 9BF9 ~
1997+ 9BF9 ~            Nasledne tyto 3 stavy se musi vepsat do VDT tabulky
1998+ 9BF9 ~
1999+ 9BF9 ~
2000+ 9BF9 ~            nova specifikace VDT:
2001+ 9BF9 ~            - disk muze mit max 4 primarni partisny. Udaje o nich jsou v MBR v nultem sektoru disku.
2002+ 9BF9 ~            - budou dve VDT tabulky pro master a slave= 5x32= 256 bajtu= celkova delka VDT tabulky
2003+ 9BF9 ~
2004+ 9BF9 ~            - struktura 1 zaznamu (z osmi) ve VDT tabulce:
2005+ 9BF9 ~            ;offset	pocet	popis
2006+ 9BF9 ~            **********************
2007+ 9BF9 ~            ;0	1	info bajt
2008+ 9BF9 ~            ;1	4	first LBA sector of first MBD/MBH file on disk
2009+ 9BF9 ~            ;2	1	reserved
2010+ 9BF9 ~            ;3	26	user defined text
2011+ 9BF9 ~
2012+ 9BF9 ~
2013+ 9BF9 ~            info bajt o oddilu rika:
2014+ 9BF9 ~            ;bit 0		0= oddil FAT16/32 jakozto MBR neexistuje
2015+ 9BF9 ~            		1= oddil FAT16/32 jakozto MBR existuje
2016+ 9BF9 ~            ;bit 1		1= pouzitelny oddil pro speccy (tj. obsahuje jako prvni MBD soubor, lze ho pouzit)
2017+ 9BF9 ~            		0= nepouzitelny oddil pro speccy (tj. neobsahuje MBD soubor)
2018+ 9BF9 ~            ;bit 2		0= pokud je bit 1 nulovy, pak 0=zadna smysluplna data nejsou na disku pritomna, 1=jde o disk FAT16/FAT32 bez MBR (bit 3 je pak platny). Pokud je bit 1 nenulovy, pak 0= oddil se nepouziva, 1= oddil se pouziva*
2019+ 9BF9 ~            ;bit 3		0= FAT16, 1=FAT32 (volitelne)
2020+ 9BF9 ~            ;bity 4-7	rezervovane
2021+ 9BF9 ~            ;*v BSDOSu muze soucasne fungovat jen jeden oddil
2022+ 9BF9 ~
2023+ 9BF9 ~            */
2024+ 9BF9
2025+ 9BF9              end_partition
2026+ 9BF9              ;		cp	4
2027+ 9BF9              ;		jr	nz,ep2			;NZ= nejdo o prvni partisnu
2028+ 9BF9
2029+ 9BF9 ~            /*
2030+ 9BF9 ~            ;zatim budou data ve vsech partisnach
2031+ 9BF9 ~            ;pokud je General setting nastavena autoconfigurace, tak ulozi vypocteny prvni datovy sector
2032+ 9BF9 ~            ;		ld	c,a
2033+ 9BF9 ~            		ld	a,(@autoconfig)
2034+ 9BF9 ~            		or	a
2035+ 9BF9 ~            ;		ld	a,c
2036+ 9BF9 ~            ;		jr	z,nemenfirstdatasectorm1
2037+ 9BF9 ~            		jr	z,ep2
2038+ 9BF9 ~            ;davame to pryc, koncepce autoconfigu bude jina, bude auto, nebo manualne
2039+ 9BF9 ~            */
2040+ 9BF9
2041+ 9BF9 44           		ld	b,h
2042+ 9BFA 4D           		ld	c,l		;dame HL do BC, abychomm mohli vyplnovat VDT tabulku
2043+ 9BFB
2044+ 9BFB 2A 2B 9C     		ld	hl,(VDT_pointer+1)	;zjistime, zda se nasel MBD soubor
2045+ 9BFE CB 4E        		bit	1,(hl)
2046+ 9C00 28 3A        		jr	z,ep2			;Z=neobashuje MBD soubor
2047+ 9C02
2048+ 9C02 60           		ld	h,b
2049+ 9C03 69           		ld	l,c
2050+ 9C04
2051+ 9C04 C1           		pop	bc		;BC=tiskova pozice
2052+ 9C05              						;obsahuje, tak vypiseme na obrazovku jeho cislo
2053+ 9C05 E5           		push	hl
2054+ 9C06 D5           		push	de			;BCDE= prvni sektor MBD souboru
2055+ 9C07
2056+ 9C07 22 1C 97     		ld	(zzbin),hl	;nejprve tisk
2057+ 9C0A ED 53 1E 97  		ld	(zzbin+2),de
2058+ 9C0E
2059+ 9C0E CD D2 96     		call	HL2ASCII32
2060+ 9C11 21 29 97     		ld	hl,zzdec+9
2061+ 9C14 CB FE        		set	7,(hl)
2062+ 9C16 21 20 97     		ld	hl,zzdec
2063+ 9C19              ;		ld	bc,#0B1B
2064+ 9C19              ;		pop	bc
2065+ 9C19 7E           lrd1		ld	a,(hl)
2066+ 9C1A B7           		or	a
2067+ 9C1B 20 04        		jr	nz,lrd2
2068+ 9C1D 23           		inc	hl
2069+ 9C1E 0C           		inc	c
2070+ 9C1F 18 F8        		jr	lrd1
2071+ 9C21
2072+ 9C21
2073+ 9C21 0C           lrd2		inc	c		;jeste posun, aby cislo nebylo nalepeno na predchozi text, pokud bude cislo 10 mist
2074+ 9C22 CD AA A8     		call	T42_TEXT	;vypis jeho cislo
2075+ 9C25
2076+ 9C25 D1           		pop	de
2077+ 9C26 E1           		pop	hl			;HLDE=prvni sektor MBD souboru
2078+ 9C27
2079+ 9C27 C5           		push	bc		;schovej tiskovou pozici
2080+ 9C28 4D           		ld	c,l
2081+ 9C29 44           		ld	b,h
2082+ 9C2A
2083+ 9C2A 21 55 55     VDT_pointer	ld	hl,#5555
2084+ 9C2D 23           		inc	hl
2085+ 9C2E 71           		ld	(hl),c
2086+ 9C2F 23           		inc	hl
2087+ 9C30 70           		ld	(hl),b
2088+ 9C31 23           		inc	hl
2089+ 9C32 73           		ld	(hl),e
2090+ 9C33 23           		inc	hl
2091+ 9C34 72           		ld	(hl),d
2092+ 9C35 01 1C 00     		ld	bc,28
2093+ 9C38 09           ep3		add	hl,bc
2094+ 9C39 22 2B 9C     		ld	(VDT_pointer+1),hl	;datove sektory jsou vepsany do tabulky, tabulka je pripravena na dalsi zapis
2095+ 9C3C
2096+ 9C3C              ;		ld	de,VDT+5
2097+ 9C3C              ;		ex	de,hl
2098+ 9C3C              ;		ld	(hl),e
2099+ 9C3C              ;		inc	hl
2100+ 9C3C              ;		ld	(hl),d
2101+ 9C3C
2102+ 9C3C C1           ep2		pop	bc			;BC=tiskova pozice
2103+ 9C3D DD E1        		pop	ix
2104+ 9C3F F1           		pop	af
2105+ 9C40              	IFDEF DUAL_GUI_TEST
2106+ 9C40 CD 57 A2     		call	color_dual_partition_row
2107+ 9C43              	ENDIF
2108+ 9C43
2109+ 9C43 04           		inc	b			;zvys poradovy radek
2110+ 9C44 11 10 00     		ld	de,16
2111+ 9C47 DD 19        		add	ix,de			;move pointer to another partition
2112+ 9C49 3D           		dec	a
2113+ 9C4A C2 5C 97     ep1		jp	nz,test_partitions		;moc daleko, musim vymyslet jinak
2114+ 9C4D
2115+ 9C4D 18 12        		jr	nemenfirstdatasectorm1
2116+ 9C4F
2117+ 9C4F              no_partition	;ld	b,#C			;nulovy zaznam v MBR
2118+ 9C4F              		;ld	c,1
2119+ 9C4F C1           		pop	bc			;tiskova pozice
2120+ 9C50 C5           		push	bc			;tiskova pozice- znovu ji ulozime
2121+ 9C51 21 F4 A6     		ld	hl,TEXT_PART_EMPTY
2122+ 9C54 CD AA A8     		call	T42_TEXT
2123+ 9C57 AF           		xor	a
2124+ 9C58 2A 2B 9C     		ld	hl,(VDT_pointer+1)
2125+ 9C5B 77           		ld	(hl),a		;nastav bity ve VDT k teto partisne na 0
2126+ 9C5C 01 20 00     		ld	bc,32			; VDT zaznam ma 32 bajtu; HL je zde na offsetu 0
2127+ 9C5F 18 D7        		jr	ep3
2128+ 9C61
2129+ 9C61              ;stary kod-testuje jen prvni partisnu
2130+ 9C61              nemenfirstdatasectorm1
2131+ 9C61 ~            /*
2132+ 9C61 ~            ;nacteni MBR
2133+ 9C61 ~            	ld	ix,BUFFER
2134+ 9C61 ~            ;;;	ld	a,%00000000	;master
2135+ 9C61 ~            	ld	hl,0
2136+ 9C61 ~            	ld	de,0		;HLDE = LBA 0
2137+ 9C61 ~            	call	SD_READ
2138+ 9C61 ~            ; dodelat osetreni erroru
2139+ 9C61 ~            	inc	hx
2140+ 9C61 ~            	inc	hx		;+512
2141+ 9C61 ~
2142+ 9C61 ~            	ld	a,(ix-64+2)	;text typu 1. oddilu (FAT16/FAT32/jiny)
2143+ 9C61 ~            	ld	hl,TEXT_FAT32
2144+ 9C61 ~            	ld	bc,#0c12
2145+ 9C61 ~            	ld	e,0
2146+ 9C61 ~            	cp	#B		;pro typ oddilu FAT32
2147+ 9C61 ~            	jr	z,part_text
2148+ 9C61 ~            	cp	#C
2149+ 9C61 ~            	jr	z,part_text
2150+ 9C61 ~
2151+ 9C61 ~            	inc	e
2152+ 9C61 ~            	ld	hl,TEXT_FAT16
2153+ 9C61 ~            	cp	6		;pro typ oddilu FAT16
2154+ 9C61 ~            	jr	z,part_text
2155+ 9C61 ~            	cp	4
2156+ 9C61 ~            	jr	z,part_text
2157+ 9C61 ~            	cp	#E
2158+ 9C61 ~            	jr	z,part_text
2159+ 9C61 ~
2160+ 9C61 ~            	ld	hl,TEXT_OTHER
2161+ 9C61 ~
2162+ 9C61 ~            part_text
2163+ 9C61 ~            	ld	a,e
2164+ 9C61 ~            	ld	(part_type+1),a
2165+ 9C61 ~            	call	T42_TEXT
2166+ 9C61 ~
2167+ 9C61 ~            ;; novy kod je-li vubec MBR pritomen
2168+ 9C61 ~            	ld	de,0		;;FAT boot sector zacina na LBA0, pokud neni MBR
2169+ 9C61 ~            	ld	a,(ix-66)	;;1BE
2170+ 9C61 ~            	and	127		;;80h or 00h MRB first partion table does exist
2171+ 9C61 ~            	jr	nz, MBRno
2172+ 9C61 ~            	ld	a,(ix-64)	;;1C0
2173+ 9C61 ~            	and	a		;;pokud existuje patition, tak sector je nenulova
2174+ 9C61 ~            	jr	z, MBRno
2175+ 9C61 ~            MBRyes
2176+ 9C61 ~            ;; end of novy kod je-li vubec MBR pritomen
2177+ 9C61 ~            	ld	e,(ix-58)	;info o prvni partition zacina na #1BE
2178+ 9C61 ~            	ld	d,(ix-57)
2179+ 9C61 ~            MBRno	ex	de,hl		;v hl je cislo sectoru kde zacina boot prvni par.
2180+ 9C61 ~            	ld	(bootsec+1),hl	;schovame cislo bootsectoru pro vypocet
2181+ 9C61 ~            	ld	bc,#0B10
2182+ 9C61 ~            	push	hl
2183+ 9C61 ~            	call	NUMBER3
2184+ 9C61 ~            ;nacteni BOOT sectoru prvni partition
2185+ 9C61 ~            	pop	hl
2186+ 9C61 ~            	ld	de,0		;HLDE = 32bit LBA, zde hornich 16 bitu = 0
2187+ 9C61 ~            	ld	ix,BUFFER
2188+ 9C61 ~            	call	SD_READ
2189+ 9C61 ~            ; dodelat osetreni erroru
2190+ 9C61 ~            ; vypocet datove oblasti prvniho souboru
2191+ 9C61 ~
2192+ 9C61 ~            	ld	hl,TEXTDATASEC
2193+ 9C61 ~            	ld	bc,#0B15
2194+ 9C61 ~            	call	T42_TEXT
2195+ 9C61 ~
2196+ 9C61 ~            bootsec	ld	hl,0
2197+ 9C61 ~            	ld	e,(ix+14)	;pricteme sectory pred FAT
2198+ 9C61 ~            	ld	d,(ix+15)
2199+ 9C61 ~            	add	hl,de
2200+ 9C61 ~            	push	hl
2201+ 9C61 ~            	push	ix
2202+ 9C61 ~            	ld	e,(ix+16)	;pocet FAT
2203+ 9C61 ~            	ld	d,0
2204+ 9C61 ~            part_type
2205+ 9C61 ~            	ld	a,#55		;either 0 (FAT32) or 1 (FAT16)
2206+ 9C61 ~            	or	a
2207+ 9C61 ~            	jr	z,part_32
2208+ 9C61 ~            	ld	l,(ix+22)	;pocet sektoru FATky ve FAT 16
2209+ 9C61 ~            	ld	h,(ix+23)
2210+ 9C61 ~            	jr	part_c
2211+ 9C61 ~            part_32	ld	l,(ix+36)	;pocet sekotru FATky ve FAT 32
2212+ 9C61 ~            	ld	h,(ix+37)
2213+ 9C61 ~            part_c	call	nasobeniHLDE.nasob	;vysledek v IXHL
2214+ 9C61 ~            	pop	ix
2215+ 9C61 ~            	pop	de
2216+ 9C61 ~            	add	hl,de		;pricteme jen spodnich 16 bitu
2217+ 9C61 ~            	;; v HL je LBA Root Directory sectoru
2218+ 9C61 ~            	ld	e,(ix+17)	;pocet polozek v ROOTu
2219+ 9C61 ~            	ld	d,(ix+18)
2220+ 9C61 ~            ;; novy kod pro vypocet prvniho datoveho sektoru s ohleden na souboru v rootu
2221+ 9C61 ~            	ld	c,(ix+0dh)	;;pocet sectoru v clusteru, obvykle 64 (32KB cluster)
2222+ 9C61 ~            	ld	b,0
2223+ 9C61 ~            	push	de
2224+ 9C61 ~            	push	hl
2225+ 9C61 ~            	push	bc
2226+ 9C61 ~            	;;nacteni Root Directory sectoru
2227+ 9C61 ~            	ld	de,0		;HLDE = 32bit LBA, zde hornich 16 bitu = 0
2228+ 9C61 ~            	ld	ix,BUFFER
2229+ 9C61 ~            	call	SD_READ
2230+ 9C61 ~
2231+ 9C61 ~            	ld	b,8		;;prohledam prvnich 8 polozek, jestli zde neni mbd nebo mbh soubor, hledam jen priponu
2232+ 9C61 ~            	ld	de,32		;; kazda polozka ma 32 bytes
2233+ 9C61 ~            nextfile
2234+ 9C61 ~            	ld	a,(ix+08h)
2235+ 9C61 ~            	cp	"M"
2236+ 9C61 ~            	jr	nz, neplatne
2237+ 9C61 ~            	ld	a,(ix+09h)
2238+ 9C61 ~            	cp	"B"
2239+ 9C61 ~            	jr	nz, neplatne
2240+ 9C61 ~            	ld	a,(ix+0ah)
2241+ 9C61 ~            	cp	"H"
2242+ 9C61 ~            	jp	z, platne
2243+ 9C61 ~            	cp	"D"
2244+ 9C61 ~            	jp	z, platne
2245+ 9C61 ~            neplatne
2246+ 9C61 ~            	add	ix,de
2247+ 9C61 ~            	djnz	nextfile
2248+ 9C61 ~            	ld	e,2		;;pokud nenajdu pouziji cluster 0
2249+ 9C61 ~            	jr	l1F
2250+ 9C61 ~
2251+ 9C61 ~
2252+ 9C61 ~            platne	ld	e,(ix+1ah)	;;cluster na kterem zacina soubor
2253+ 9C61 ~            l1F	ld	d,0
2254+ 9C61 ~            	dec	de		;;The clusters are numbered starting at 2, not 0! So the above calculation has to have 2 added to it to get the cluster number of a given allocation unit...and a cluster number is converted to an allocation unit number by subtracting 2...!
2255+ 9C61 ~            	dec	de
2256+ 9C61 ~            	pop	hl		;;pocet sectoru v clusteru, obvykle 64 (32KB cluster)
2257+ 9C61 ~            	call	nasobeniHLDE.nasob	;; vysledek v IXHL
2258+ 9C61 ~            	ex	de,hl
2259+ 9C61 ~            	pop	hl		;; v HL je LBA Root Directory sectoru
2260+ 9C61 ~            	add	hl,de
2261+ 9C61 ~            	pop	de
2262+ 9C61 ~            ;; konec kodu pro vypocet prvniho datoveho sektoru s ohleden na souboru v rootu
2263+ 9C61 ~            	; vydelime 16; predpokladame velikost sec. 512 a 32bytu v root polozce
2264+ 9C61 ~            	ld	b,4
2265+ 9C61 ~            ctyrikrat1
2266+ 9C61 ~            	srl	d
2267+ 9C61 ~            	rr	e
2268+ 9C61 ~            	djnz	ctyrikrat1
2269+ 9C61 ~            	add	hl,de
2270+ 9C61 ~            	push	hl
2271+ 9C61 ~            	ld	bc,#0B23
2272+ 9C61 ~            	call	NUMBER4
2273+ 9C61 ~            	pop	hl
2274+ 9C61 ~            ;pokud je General setting nastavena autoconfigurace, tak ulozi vypocteny prvni datovy sector
2275+ 9C61 ~
2276+ 9C61 ~            	ld	a,(@autoconfig)
2277+ 9C61 ~            	or	a
2278+ 9C61 ~            	jr	z,nemenfirstdatasectorm1
2279+ 9C61 ~            	ld	de,VDT+5
2280+ 9C61 ~            	ex	de,hl
2281+ 9C61 ~            	ld	(hl),e
2282+ 9C61 ~            	inc	hl
2283+ 9C61 ~            	ld	(hl),d
2284+ 9C61 ~
2285+ 9C61 ~            nemenfirstdatasectorm1
2286+ 9C61 ~            ;/*
2287+ 9C61 ~            ;LBA Total sectors
2288+ 9C61 ~            ;
2289+ 9C61 ~            ;	ld	hl,(BUFFER+200)
2290+ 9C61 ~            ;	ld	(D1LBA),hl
2291+ 9C61 ~            ;	ld	bc,#0A24
2292+ 9C61 ~            ;	call	NUMBER4
2293+ 9C61 ~            ;
2294+ 9C61 ~            ;	ld	hl,(BUFFER+202)
2295+ 9C61 ~            ;	ld	(D1LBA+2),hl
2296+ 9C61 ~            ;	ld	bc,#0A1E
2297+ 9C61 ~            ;	call	NUMBER4
2298+ 9C61 ~            ;
2299+ 9C61 ~            ;	ld	hl,(BUFFER+204)
2300+ 9C61 ~            ;	ld	(D1LBA+4),hl
2301+ 9C61 ~            ;	ld	bc,#0A18
2302+ 9C61 ~            ;	call	NUMBER4
2303+ 9C61 ~            ;
2304+ 9C61 ~            ;
2305+ 9C61 ~            ;	ld	hl,TEXT16
2306+ 9C61 ~            ;LER1
2307+ 9C61 ~            ;	ld	bc,#050F
2308+ 9C61 ~            ;	call	T42_TEXT
2309+ 9C61 ~            ;
2310+ 9C61 ~            ;	pop	af
2311+ 9C61 ~            ;	ld	h,0
2312+ 9C61 ~            ;	ld	l,a
2313+ 9C61 ~            ;	ld	bc,#0524
2314+ 9C61 ~            ;	call	NUMBER4
2315+ 9C61 ~            ;*/
2316+ 9C61 ~            ;
2317+ 9C61 ~            ;SLAVE IDENTIFY
2318+ 9C61 ~            Slaveinentify
2319+ 9C61 ~            ;/* ;vyruseni SLAVE
2320+ 9C61 ~            ;
2321+ 9C61 ~            ;	ld	hl,TEXT8
2322+ 9C61 ~            ;	ld	bc,#0D02
2323+ 9C61 ~            ;	call	T42_TEXT
2324+ 9C61 ~            ;
2325+ 9C61 ~            ;	ld	ix,BUFFER
2326+ 9C61 ~            ;	ld	a,%00010000
2327+ 9C61 ~            ;	call	IDENTIFY
2328+ 9C61 ~            ;
2329+ 9C61 ~            ;	ld	hl,TEXT16
2330+ 9C61 ~            ;	push	af
2331+ 9C61 ~            ;	jr	z,TISKSTATUS2
2332+ 9C61 ~            ;	ld	hl,TEXT11
2333+ 9C61 ~            ;	cp	255
2334+ 9C61 ~            ;	jp	z,TISKSTATUS2
2335+ 9C61 ~            ;	ld	hl,TEXT14
2336+ 9C61 ~            ;	cp	6
2337+ 9C61 ~            ;	jp	z,TISKSTATUS2
2338+ 9C61 ~            ;	ld	hl,TEXT13
2339+ 9C61 ~            ;	cp	3
2340+ 9C61 ~            ;	jp	z,TISKSTATUS2
2341+ 9C61 ~            ;	ld	hl,TEXT12
2342+ 9C61 ~            ;	dec	a
2343+ 9C61 ~            ;	jp	z,TISKSTATUS2
2344+ 9C61 ~            ;	ld	hl,TEXT15
2345+ 9C61 ~            ;
2346+ 9C61 ~            ;TISKSTATUS2
2347+ 9C61 ~            ;	ld	bc,#0D0F
2348+ 9C61 ~            ;	call	T42_TEXT
2349+ 9C61 ~            ;
2350+ 9C61 ~            ;	pop	af
2351+ 9C61 ~            ;	jr	z,SLAVEINFO
2352+ 9C61 ~            ;
2353+ 9C61 ~            ;	ld	h,0
2354+ 9C61 ~            ;	ld	l,a
2355+ 9C61 ~            ;	ld	bc,#0D26
2356+ 9C61 ~            ;	call	NUMBER2
2357+ 9C61 ~            ;
2358+ 9C61 ~            ;;pokud je General setting nastavena autoconfigurace, tak pri neuspesnem detekovani zarizeni se do CHS ulozi nuly a HDD pak nasledne nebude nainstalovan
2359+ 9C61 ~            ;	ld	a,(@autoconfig)
2360+ 9C61 ~            ;	or	a
2361+ 9C61 ~            ;	jr	z,nemenCHSs1
2362+ 9C61 ~            ;	xor	a
2363+ 9C61 ~            ;	ld	b,4
2364+ 9C61 ~            ;	ld	hl,VDT+(VDTLEN/2)
2365+ 9C61 ~            ;nulydoCHSs
2366+ 9C61 ~            ;	ld	(hl),a
2367+ 9C61 ~            ;	inc	hl
2368+ 9C61 ~            ;	djnz	nulydoCHSs
2369+ 9C61 ~            ;nemenCHSs1
2370+ 9C61 ~            ;	jp	Endinentify
2371+ 9C61 ~            ;
2372+ 9C61 ~            ;SLAVEINFO
2373+ 9C61 ~            ;	ld	hl,TEXT4
2374+ 9C61 ~            ;	ld	bc,#0E02
2375+ 9C61 ~            ;	call	T42_TEXT
2376+ 9C61 ~            ;	ld	hl,TEXT5
2377+ 9C61 ~            ;	ld	bc,#0F02
2378+ 9C61 ~            ;	call	T42_TEXT
2379+ 9C61 ~            ;	ld	hl,TEXT6
2380+ 9C61 ~            ;	ld	bc,#1002
2381+ 9C61 ~            ;	call	T42_TEXT
2382+ 9C61 ~            ;	ld	hl,TEXT7
2383+ 9C61 ~            ;	ld	bc,#1102
2384+ 9C61 ~            ;	call	T42_TEXT
2385+ 9C61 ~            ;	ld	hl,TEXT101
2386+ 9C61 ~            ;	ld	bc,#1202
2387+ 9C61 ~            ;	call	T42_TEXT
2388+ 9C61 ~            ;	ld	hl,TEXT102
2389+ 9C61 ~            ;	ld	bc,#1215
2390+ 9C61 ~            ;	call	T42_TEXT
2391+ 9C61 ~            ;
2392+ 9C61 ~            ;model
2393+ 9C61 ~            ;	ld	hl,BUFFER+54
2394+ 9C61 ~            ;	ld	b,40
2395+ 9C61 ~            ;	call	PROHOD
2396+ 9C61 ~            ;	set	7,(ix+85)
2397+ 9C61 ~            ;
2398+ 9C61 ~            ;	ld	bc,#0E09
2399+ 9C61 ~            ;	call	T42_TEXT
2400+ 9C61 ~            ;
2401+ 9C61 ~            ;firmware
2402+ 9C61 ~            ;	ld	hl,BUFFER+46
2403+ 9C61 ~            ;	ld	b,8
2404+ 9C61 ~            ;	call	PROHOD
2405+ 9C61 ~            ;	set	7,(ix+53)
2406+ 9C61 ~            ;
2407+ 9C61 ~            ;	ld	bc,#0F0C
2408+ 9C61 ~            ;	call	T42_TEXT
2409+ 9C61 ~            ;
2410+ 9C61 ~            ;serial number
2411+ 9C61 ~            ;
2412+ 9C61 ~            ;	ld	hl,BUFFER+20
2413+ 9C61 ~            ;	ld	b,20
2414+ 9C61 ~            ;	call	PROHOD
2415+ 9C61 ~            ;	set	7,(ix+39)
2416+ 9C61 ~            ;
2417+ 9C61 ~            ;	ld	bc,#1011
2418+ 9C61 ~            ;	call	T42_TEXT
2419+ 9C61 ~            ;LBA
2420+ 9C61 ~            ;	ld	hl,TEXT_NO
2421+ 9C61 ~            ;	bit	1,(ix+99)
2422+ 9C61 ~            ;	jr	z,L11
2423+ 9C61 ~            ;
2424+ 9C61 ~            ;	ld	hl,TEXT_YES
2425+ 9C61 ~            ;L11	ld	bc,#110D
2426+ 9C61 ~            ;	call	T42_TEXT
2427+ 9C61 ~            ;
2428+ 9C61 ~            ;DMA
2429+ 9C61 ~            ;	ld	hl,TEXT_NO
2430+ 9C61 ~            ;	bit	0,(ix+99)
2431+ 9C61 ~            ;	jr	z,L12
2432+ 9C61 ~            ;
2433+ 9C61 ~            ;	ld	hl,TEXT_YES
2434+ 9C61 ~            ;L12	ld	bc,#1125
2435+ 9C61 ~            ;	call	T42_TEXT
2436+ 9C61 ~            ;
2437+ 9C61 ~            ;;CHS
2438+ 9C61 ~            ;	ld	l,(ix+2)
2439+ 9C61 ~            ;	ld	h,(ix+3)
2440+ 9C61 ~            ;	ld	bc,#1209
2441+ 9C61 ~            ;	call	NUMBER4
2442+ 9C61 ~            ;
2443+ 9C61 ~            ;	ld	l,(ix+6)
2444+ 9C61 ~            ;	ld	h,(ix+7)
2445+ 9C61 ~            ;	ld	bc,#120f
2446+ 9C61 ~            ;	call	NUMBER1
2447+ 9C61 ~            ;
2448+ 9C61 ~            ;	ld	l,(ix+12)
2449+ 9C61 ~            ;	ld	h,(ix+13)
2450+ 9C61 ~            ;	ld	bc,#1212
2451+ 9C61 ~            ;	call	NUMBER1
2452+ 9C61 ~            ;;pokud je General setting nastavena autoconfigurace, tak pri uspesnem detekovani zarizeni se do CHS ulozi zjistene udaje
2453+ 9C61 ~            ;
2454+ 9C61 ~            ;	ld	a,(@autoconfig)
2455+ 9C61 ~            ;	or	a
2456+ 9C61 ~            ;	jr	z,nemenCHSs2
2457+ 9C61 ~            ;	ld	hl,VDT+(VDTLEN/2)
2458+ 9C61 ~            ;	ld	a,(ix+12)
2459+ 9C61 ~            ;	ld	(hl),a
2460+ 9C61 ~            ;	ld	a,(ix+6)
2461+ 9C61 ~            ;	inc	hl
2462+ 9C61 ~            ;	ld	(hl),a
2463+ 9C61 ~            ;	ld	a,(ix+2)
2464+ 9C61 ~            ;	inc	hl
2465+ 9C61 ~            ;	ld	(hl),a
2466+ 9C61 ~            ;	ld	a,(ix+3)
2467+ 9C61 ~            ;	inc	hl
2468+ 9C61 ~            ;	ld	(hl),a
2469+ 9C61 ~            ;
2470+ 9C61 ~            ;nemenCHSs2
2471+ 9C61 ~            ;
2472+ 9C61 ~            ;capacity
2473+ 9C61 ~            ;	ld	l,(ix+12)
2474+ 9C61 ~            ;	ld	h,(ix+13)
2475+ 9C61 ~            ;	ld	e,(ix+6)
2476+ 9C61 ~            ;	ld	d,(ix+7)
2477+ 9C61 ~            ;
2478+ 9C61 ~            ;	push	ix		;rutina nasob pouziva IX
2479+ 9C61 ~            ;	call	nasobeniHLDE.nasob
2480+ 9C61 ~            ;	pop	ix
2481+ 9C61 ~            ;	ld	e,(ix+2)
2482+ 9C61 ~            ;	ld	d,(ix+3)
2483+ 9C61 ~            ;	push	ix
2484+ 9C61 ~            ;	call	nasobeniHLDE.nasob
2485+ 9C61 ~            ;vysledek je v IXHL
2486+ 9C61 ~            ;
2487+ 9C61 ~            ;	ld	l,h
2488+ 9C61 ~            ;	ld	a,lx
2489+ 9C61 ~            ;	ld	h,a
2490+ 9C61 ~            ;	ld	e,hx
2491+ 9C61 ~            ;
2492+ 9C61 ~            ;delime 256 vysledek EHL
2493+ 9C61 ~            ;	ld	b,3
2494+ 9C61 ~            ;trikrat2
2495+ 9C61 ~            ;	srl	e
2496+ 9C61 ~            ;	rr	h
2497+ 9C61 ~            ;	rr	l
2498+ 9C61 ~            ;	djnz	trikrat2
2499+ 9C61 ~            ;delime tremi
2500+ 9C61 ~            ;	ld	bc,#121F
2501+ 9C61 ~            ;	call	NUMBER3
2502+ 9C61 ~            ;
2503+ 9C61 ~            ;	pop	ix
2504+ 9C61 ~            ;
2505+ 9C61 ~            ;
2506+ 9C61 ~            ;LBA 48Bits
2507+ 9C61 ~            ;
2508+ 9C61 ~            ;	inc	hx
2509+ 9C61 ~            ;
2510+ 9C61 ~            ;	ld	hl,TEXT_NO
2511+ 9C61 ~            ;	bit	2,(ix-83)
2512+ 9C61 ~            ;	jr	z,L13
2513+ 9C61 ~            ;
2514+ 9C61 ~            ;	ld	hl,TEXT_YES
2515+ 9C61 ~            ;L13	ld	bc,#111C
2516+ 9C61 ~            ;	call	T42_TEXT
2517+ 9C61 ~            ;
2518+ 9C61 ~            ;
2519+ 9C61 ~            ;hledani prvni sectoru pro data
2520+ 9C61 ~            ;prohledava se MBR, prvni partion, a hleda se v root dir. prvni datovy sector prvniho souboru
2521+ 9C61 ~            ;prvni sektor disku je MBR:
2522+ 9C61 ~            ;
2523+ 9C61 ~            ;na 1BEh zacinaji parametry prvni partition (10h ka d )
2524+ 9C61 ~            ;na 08h a  0Bh je cislo relativniho sektoru zacatku partition (nebo na 01h a  03h ve formatu hlava/sektor/cylindr)
2525+ 9C61 ~            ;
2526+ 9C61 ~            ;prvn  sektor partition je BOOT a tam jsou tyto zaj mav   daje:
2527+ 9C61 ~            ;0Bh, 0Ch   pocet bytu na sektor
2528+ 9C61 ~            ;0Eh, 0Fh   pocet sektoru pred prvni FAT
2529+ 9C61 ~            ;10h   pocet FAT
2530+ 9C61 ~            ;11h, 12h   pocet polozek v ROOTu
2531+ 9C61 ~            ;16h, 17h   pocet sektoru ve FAT
2532+ 9C61 ~            ;prvn  datov  sektor je: zacatek_partition + sektoru_pred_FAT + sektoru_ve_FAT * pocet_FAT + polozek_v_ROOT * 20h / bytu_na_sektor
2533+ 9C61 ~            ;
2534+ 9C61 ~            ;	ld	hl,TEXTPARSEC
2535+ 9C61 ~            ;	ld	bc,#1302
2536+ 9C61 ~            ;	call	T42_TEXT
2537+ 9C61 ~            ;
2538+ 9C61 ~            ;;nacteni MBR
2539+ 9C61 ~            ;	ld	ix,BUFFER
2540+ 9C61 ~            ;	ld	a,%00010000	;slave
2541+ 9C61 ~            ;	ld	bc,0
2542+ 9C61 ~            ;	ld	de,0		;LBA=0 MBR
2543+ 9C61 ~            ;	call	LBAREAD
2544+ 9C61 ~            ;; dodelat osetreni erroru
2545+ 9C61 ~            ;	inc	hx
2546+ 9C61 ~            ;	inc	hx 		;+512
2547+ 9C61 ~            ;	ld	e,(ix-58)	;info o prvni partition zacina na #1BE
2548+ 9C61 ~            ;	ld	d,(ix-57)
2549+ 9C61 ~            ;	ex	de,hl		;v hl je cislo sectoru kde zacina boot prvni par.
2550+ 9C61 ~            ;	ld	(bootsec2+1),hl	;schovame cislo bootsectoru pro vypocet
2551+ 9C61 ~            ;	ld	bc,#1310
2552+ 9C61 ~            ;	push	hl
2553+ 9C61 ~            ;	call	NUMBER3
2554+ 9C61 ~            ;nacteni BOOT sectoru prvni partition
2555+ 9C61 ~            ;	pop	hl
2556+ 9C61 ~            ;	ld	c,l
2557+ 9C61 ~            ;	ld	e,h
2558+ 9C61 ~            ;	ld	d,0
2559+ 9C61 ~            ;	ld	b,d
2560+ 9C61 ~            ;	ld	ix,BUFFER
2561+ 9C61 ~            ;	ld	a,%00010000	;slave
2562+ 9C61 ~            ;	call	LBAREAD
2563+ 9C61 ~            ; dodelat osetreni erroru
2564+ 9C61 ~            ; vypocet datove oblasti prvniho souboru
2565+ 9C61 ~            ;
2566+ 9C61 ~            ;	ld	hl,TEXTDATASEC
2567+ 9C61 ~            ;	ld	bc,#1315
2568+ 9C61 ~            ;	call	T42_TEXT
2569+ 9C61 ~            ;
2570+ 9C61 ~            ;bootsec2
2571+ 9C61 ~            ;	ld	hl,0
2572+ 9C61 ~            ;	ld	e,(ix+14)	;pricteme sectory pred FAT
2573+ 9C61 ~            ;	ld	d,(ix+15)
2574+ 9C61 ~            ;	add	hl,de
2575+ 9C61 ~            ;	push	hl
2576+ 9C61 ~            ;	push	ix
2577+ 9C61 ~            ;	ld	e,(ix+16)	;pocet FAT
2578+ 9C61 ~            ;	ld	d,0
2579+ 9C61 ~            ;	ld	l,(ix+22)	;pocet sektoru ve FAT
2580+ 9C61 ~            ;	ld	h,(ix+23)
2581+ 9C61 ~            ;	call	nasobeniHLDE.nasob	;vysledek v IXHL
2582+ 9C61 ~            ;	pop	ix
2583+ 9C61 ~            ;	pop	de
2584+ 9C61 ~            ;	add	hl,de		;pricteme jen spodnich 16 bitu
2585+ 9C61 ~            ;	ld	e,(ix+17)	;pocet polozek v ROOTu
2586+ 9C61 ~            ;	ld	d,(ix+18)
2587+ 9C61 ~            ;	; vydelime 16; predpokladame velikost sec. 512 a 32bytu v root polozce
2588+ 9C61 ~            ;	ld	b,4
2589+ 9C61 ~            ;ctyrikrat2
2590+ 9C61 ~            ;	srl	d
2591+ 9C61 ~            ;	rr	e
2592+ 9C61 ~            ;	djnz	ctyrikrat2
2593+ 9C61 ~            ;	add	hl,de
2594+ 9C61 ~            ;	push	hl
2595+ 9C61 ~            ;	ld	bc,#1323
2596+ 9C61 ~            ;	call	NUMBER4
2597+ 9C61 ~            ;	pop	hl
2598+ 9C61 ~            ;;pokud je General setting nastavena autoconfigurace, tak ulozi vypocteny prvni datovy sector
2599+ 9C61 ~            ;
2600+ 9C61 ~            ;	ld	a,(@autoconfig)
2601+ 9C61 ~            ;	or	a
2602+ 9C61 ~            ;	jr	z,nemenfirstdatasectorm2
2603+ 9C61 ~            ;	ld	de,VDT+(VDTLEN/2)+5
2604+ 9C61 ~            ;	ex	de,hl
2605+ 9C61 ~            ;	ld	(hl),e
2606+ 9C61 ~            ;	inc	hl
2607+ 9C61 ~            ;	ld	(hl),d
2608+ 9C61 ~            ;
2609+ 9C61 ~            ;nemenfirstdatasectorm2
2610+ 9C61 ~            ;
2611+ 9C61 ~            ;/*
2612+ 9C61 ~            ;LBA Total sectors
2613+ 9C61 ~            ;
2614+ 9C61 ~            ;	ld	hl,(BUFFER+200)
2615+ 9C61 ~            ;	ld	(D2LBA),hl
2616+ 9C61 ~            ;	ld	bc,#1124
2617+ 9C61 ~            ;	call	NUMBER4
2618+ 9C61 ~            ;
2619+ 9C61 ~            ;	ld	hl,(BUFFER+202)
2620+ 9C61 ~            ;	ld	(D2LBA+2),hl
2621+ 9C61 ~            ;	ld	bc,#111E
2622+ 9C61 ~            ;	call	NUMBER4
2623+ 9C61 ~            ;
2624+ 9C61 ~            ;	ld	hl,(BUFFER+204)
2625+ 9C61 ~            ;	ld	(D2LBA+4),hl
2626+ 9C61 ~            ;	ld	bc,#1118
2627+ 9C61 ~            ;	call	NUMBER4
2628+ 9C61 ~            ;*/
2629+ 9C61 ~            ;
2630+ 9C61 ~            ;vyruseni SLAVE
2631+ 9C61 ~            ;*/
2632+ 9C61 ~            */
2633+ 9C61              	IFNDEF DUAL_GUI_TEST
2634+ 9C61 ~            	ld	hl,TEXT17		;DMA info (pouze puvodni jednodiskove GUI)
2635+ 9C61 ~            	ld	bc,#1402
2636+ 9C61 ~            	call	T42_TEXT
2637+ 9C61 ~            	inc	c
2638+ 9C61 ~            	inc	c
2639+ 9C61 ~            	ld	hl,TEXT18
2640+ 9C61 ~            ;	ld	bc,#1203
2641+ 9C61 ~            	call	T42_TEXT
2642+ 9C61 ~            	inc	c
2643+ 9C61 ~            	ld	hl,TEXT19
2644+ 9C61 ~            ;	ld	bc,#1303
2645+ 9C61 ~            	call	T42_TEXT
2646+ 9C61              	ENDIF
2647+ 9C61
2648+ 9C61              Endinentify
2649+ 9C61              	IFDEF DUAL_GUI_TEST
2650+ 9C61 C9           		ret			;scan hotov, vyber probiha az na spolecne obrazovce
2651+ 9C62              	ENDIF
2652+ 9C62              ;projed partisny, zda jsou vsechny platne
2653+ 9C62              ;	call	check_for_valid
2654+ 9C62              ;	jp	z,end_easy		;tohle musi pryc, pri ani jedne platne partisne to primo vyskakovalo z programu ven
2655+ 9C62
2656+ 9C62              ;old
2657+ 9C62              ;	ld	a,(@autoconfig)
2658+ 9C62              ;	or	a
2659+ 9C62              ;	jp	nz,manual_partition_selection
2660+ 9C62
2661+ 9C62              ; @autoconfig: 0=AUTO, 1=MANUAL
2662+ 9C62              ; drzeny SPACE vynuti MANUAL pro tento beh
2663+ 9C62 3E 7F        	ld      a,#7f
2664+ 9C64 DB FE        	in      a,(#fe)                ; #7FFE, bit 0 = SPACE
2665+ 9C66 2F           	cpl
2666+ 9C67 E6 01        	and     1                      ; A=1 SPACE, A=0 bez SPACE
2667+ 9C69
2668+ 9C69 21 07 80     	ld      hl,@autoconfig
2669+ 9C6C B6           	or      (hl)                   ; spoj SPACE s konfiguracnim bajtem
2670+ 9C6D 77           	ld      (hl),a                 ; pri SPACE skutecne zmeni 0 -> 1
2671+ 9C6E C2 B0 A2     	jp      nz,manual_partition_selection
2672+ 9C71
2673+ 9C71              ;automatic_partition_selection
2674+ 9C71 3A 08 80     	ld	a,(@partition)
2675+ 9C74 CD D1 9C     	call	test_partition		;test just selected partition
2676+ 9C77 20 16        	jr	nz, fp1
2677+ 9C79
2678+ 9C79              ;Z=invalid, seek for valid one
2679+ 9C79              ;neni platna, hledej prvni platnou a nainstluj  ji
2680+ 9C79 CD DE 9C     	call	check_for_valid
2681+ 9C7C 20 0E        	jr	nz,found_partition
2682+ 9C7E
2683+ 9C7E              ;žádná platná partition. Co s tim? Vynulujeme VDT tabulku a partisn nechame, protoze pak se do VDT tabulky vepise 0
2684+ 9C7E 21 00 B3     	ld	hl,VDT
2685+ 9C81 11 01 B3     	ld	de,VDT+1
2686+ 9C84 01 FF 00     	ld	bc,255
2687+ 9C87 75           	ld	(hl),l
2688+ 9C88 ED B0        	ldir
2689+ 9C8A 18 65        	jr	end_easy		;nenasli jsme platnou partisnu
2690+ 9C8C ~            /*
2691+ 9C8C ~            vp1	ld	hl,TEXT_NO_VALID
2692+ 9C8C ~            	ld	bc,#1602
2693+ 9C8C ~            	call	T42_TEXT
2694+ 9C8C ~            	xor	a
2695+ 9C8C ~            	jr	ayn
2696+ 9C8C ~            */
2697+ 9C8C
2698+ 9C8C              found_partition
2699+ 9C8C 32 08 80     	ld	(@partition),a		;dame ji do configu, odtud si ji pak vezme hlavni prog v konfig casti bsdosu
2700+ 9C8F
2701+ 9C8F 21 6E A5     fp1	ld	hl,TEXT_CLR
2702+ 9C92 01 02 16     	ld	bc,#1602
2703+ 9C95 CD AA A8     	call	T42_TEXT
2704+ 9C98 21 95 A5     	ld	hl,TEXT100
2705+ 9C9B 01 02 16     	ld	bc,#1602
2706+ 9C9E CD AA A8     	call	T42_TEXT
2707+ 9CA1
2708+ 9CA1              valid_partition
2709+ 9CA1 3A 08 80     	ld	a,(@partition)
2710+ 9CA4 26 00        	ld	h,0
2711+ 9CA6 6F           	ld	l,a
2712+ 9CA7 CD 8D A8     	call	NUMBER0
2713+ 9CAA 21 AE A5     	ld	hl,TEXT_PRESS_KEY
2714+ 9CAD 01 1A 16     	ld	bc,#161A
2715+ 9CB0 CD AA A8     	call	T42_TEXT
2716+ 9CB3
2717+ 9CB3              autoinstall_yes_no
2718+ 9CB3 3A 06 80     	ld	a,(@autoinstall)
2719+ 9CB6 B7           	or	a
2720+ 9CB7 C4 A3 AC     ayn	call	nz,ANYKEY
2721+ 9CBA              	IFDEF ELEMENT
2722+ 9CBA ~            		ld	hl,TEXT_CLR
2723+ 9CBA ~            		ld	bc,#1602
2724+ 9CBA ~            		call	T42_TEXT
2725+ 9CBA ~            		ld	hl,TEXT_AUTOSYS
2726+ 9CBA ~            		ld	bc,#160C
2727+ 9CBA ~            		call	T42_TEXT
2728+ 9CBA              	ENDIF
2729+ 9CBA C9           	ret
2730+ 9CBB              ; navrat
2731+ 9CBB
2732+ 9CBB              ;------------------------------------------------------------
2733+ 9CBB              ; eLeMeNt only: service #30 returned, so AUTOSYS was not started.
2734+ 9CBB              ; Replace the status line, wait for acknowledgement and return
2735+ 9CBB              ; to MAIN, which will continue with the BSROM reset fallback.
2736+ 9CBB              AUTOSYS_NOT_FOUND
2737+ 9CBB 21 6E A5     	ld	hl,TEXT_CLR
2738+ 9CBE 01 02 16     	ld	bc,#1602
2739+ 9CC1 CD AA A8     	call	T42_TEXT
2740+ 9CC4 21 D1 A5     	ld	hl,TEXT_AUTOSYS_NOT_FOUND
2741+ 9CC7 01 06 16     	ld	bc,#1606
2742+ 9CCA CD AA A8     	call	T42_TEXT
2743+ 9CCD CD A3 AC     	call	ANYKEY
2744+ 9CD0 C9           	ret
2745+ 9CD1
2746+ 9CD1              test_partition				;IN=A=partition number 1-4, OUT=Z=invalid partition, NZ=valid
2747+ 9CD1 11 20 00     	ld	de,32			;testuj zvolenou partisnu (v @partition), zda je platna
2748+ 9CD4              ;	ld	a,(@partition)
2749+ 9CD4 47           	ld	b,a
2750+ 9CD5 21 E0 B2     	ld	hl,VDT-32
2751+ 9CD8 19           loop1	add	hl,de
2752+ 9CD9 10 FD        	djnz	loop1
2753+ 9CDB CB 4E        	bit	1,(hl)
2754+ 9CDD C9           	ret
2755+ 9CDE              ;	jr	nz,fp1			;NZ=set partition (from autoconfig or manual) is valid
2756+ 9CDE
2757+ 9CDE              ;IN=noothing, OUT=NZ=valid, Z=invalid
2758+ 9CDE              check_for_valid
2759+ 9CDE 11 20 00     	ld	de,32			; kazdy VDT zaznam ma presne 32 bajtu
2760+ 9CE1 21 00 B3     	ld	hl,VDT
2761+ 9CE4 3E 01        	ld	a,1
2762+ 9CE6 06 04        	ld	b,4
2763+ 9CE8              find_valid:
2764+ 9CE8 CB 4E                bit	1,(hl)
2765+ 9CEA C0           	ret	nz
2766+ 9CEB              ;       jr      nz,found_partition
2767+ 9CEB 19           	add	hl,de
2768+ 9CEC 3C           	inc	a
2769+ 9CED 10 F9                djnz    find_valid
2770+ 9CEF AF           	xor	a			; zadna platna partition -> Z
2771+ 9CF0 C9           	ret
2772+ 9CF1
2773+ 9CF1              end_easy
2774+ 9CF1 21 06 A7     	ld	hl,TEXT_NO_VALID
2775+ 9CF4 01 02 16     	ld	bc,#1602
2776+ 9CF7 CD AA A8     	call	T42_TEXT
2777+ 9CFA
2778+ 9CFA              end_easy_exit
2779+ 9CFA              	IFDEF ELEMENT		;stisk EDIT=konec, v pripade EL, ktery neni jeste inicializovany, musime udelat 128K reset
2780+ 9CFA ~            	xor	a
2781+ 9CFA ~            	jp	#3978
2782+ 9CFA              	ELSE
2783+ 9CFA
2784+ 9CFA CD 98 3C           call    #3C98
2785+ 9CFD F3                   di
2786+ 9CFE AF                   xor     a
2787+ 9CFF 01 00 5C             ld      bc,#5C00
2788+ 9D02
2789+ 9D02              clear_sysvars
2790+ 9D02 02                   ld      (bc),a
2791+ 9D03 0C                   inc     c
2792+ 9D04 20 FC                jr      nz,clear_sysvars
2793+ 9D06
2794+ 9D06 21 FF 7F             ld      hl,START-1
2795+ 9D09 C3 00 12             jp      #1200
2796+ 9D0C
2797+ 9D0C ~            /*
2798+ 9D0C ~            	pop	hl		;navratova adresa
2799+ 9D0C ~            	ret			;navrat do BASICu
2800+ 9D0C ~            */
2801+ 9D0C              	ENDIF
2802+ 9D0C
2803+ 9D0C              	IFDEF DUAL_GUI_TEST
2804+ 9D0C              ; Uloz 32 bajtu CID+CSD drive, nez BUFFER prepisi sektory partition.
2805+ 9D0C              save_dual_card_info
2806+ 9D0C 3A 00 93     	ld	a,(DUAL_PASS)
2807+ 9D0F FE 01        	cp	1
2808+ 9D11 11 0F 93     	ld	de,DUAL_CARD_INFO_SD1
2809+ 9D14 21 0B 93     	ld	hl,DUAL_PRESENT_SD1
2810+ 9D17 28 06        	jr	z,.target_ready
2811+ 9D19 11 2F 93     	ld	de,DUAL_CARD_INFO_SD2
2812+ 9D1C 21 0C 93     	ld	hl,DUAL_PRESENT_SD2
2813+ 9D1F              .target_ready
2814+ 9D1F 36 01        	ld	(hl),1
2815+ 9D21 21 24 AE     	ld	hl,BUFFER
2816+ 9D24 01 20 00     	ld	bc,32
2817+ 9D27 ED B0        	ldir
2818+ 9D29 C9           	ret
2819+ 9D2A
2820+ 9D2A              mark_dual_card_missing
2821+ 9D2A 3A 00 93     	ld	a,(DUAL_PASS)
2822+ 9D2D FE 01        	cp	1
2823+ 9D2F 21 0B 93     	ld	hl,DUAL_PRESENT_SD1
2824+ 9D32 28 03        	jr	z,.store
2825+ 9D34 21 0C 93     	ld	hl,DUAL_PRESENT_SD2
2826+ 9D37              .store
2827+ 9D37 AF           	xor	a
2828+ 9D38 77           	ld	(hl),a
2829+ 9D39 C9           	ret
2830+ 9D3A
2831+ 9D3A              ; Vykresli ihned finalni prazdny layout. Jednotlive sloty jej potom
2832+ 9D3A              ; doplnuji za behu: SD1 vcetne P1-P4, nasledne SD2 vcetne P1-P4.
2833+ 9D3A              draw_dual_overview
2834+ 9D3A CD 50 9D     	call	draw_dual_error_overview
2835+ 9D3D 21 06 A6     	ld	hl,TEXTPARSEC
2836+ 9D40 01 02 0C     	ld	bc,#0C02
2837+ 9D43 CD AA A8     	call	T42_TEXT
2838+ 9D46 21 2B A4     	ld	hl,TEXT_DUAL_STAGE3
2839+ 9D49 01 02 16     	ld	bc,#1602
2840+ 9D4C CD AA A8     	call	T42_TEXT
2841+ 9D4F C9           	ret
2842+ 9D50
2843+ 9D50              ; Cisty ramec pro chybu pred skenovanim. Zamerne bez hlavicky partition
2844+ 9D50              ; tabulky a bez ovladaciho textu.
2845+ 9D50              draw_dual_error_overview
2846+ 9D50 CD A3 8C     	call	cls.CLS
2847+ 9D53 CD 73 A7     	call	T_START
2848+ 9D56 3E 03        	ld	a,3
2849+ 9D58 CD B3 8C     	call	sprite2.SP_
2850+ 9D5B CD 78 8D     	call	EasyLogoSmall
2851+ 9D5E 21 24 A3     	ld	hl,TEXT1
2852+ 9D61 01 0C 02     	ld	bc,#020C
2853+ 9D64 CD AA A8     	call	T42_TEXT
2854+ 9D67 21 38 A3     	ld	hl,TEXT2
2855+ 9D6A 01 0D 03     	ld	bc,#030D
2856+ 9D6D CD AA A8     	call	T42_TEXT
2857+ 9D70 01 3B 0E     	ld	bc,#0E3B
2858+ 9D73 11 BF 0E     	ld	de,#0EBF
2859+ 9D76 CD D1 8B     	call	draw_jugo.DRAW
2860+ 9D79 01 3B 21     	ld	bc,#213B
2861+ 9D7C 11 BF 21     	ld	de,#21BF
2862+ 9D7F CD D1 8B     	call	draw_jugo.DRAW
2863+ 9D82 01 3A 0F     	ld	bc,#0F3A
2864+ 9D85 11 3A 20     	ld	de,#203A
2865+ 9D88 CD D1 8B     	call	draw_jugo.DRAW
2866+ 9D8B 01 C0 0F     	ld	bc,#0FC0
2867+ 9D8E 11 C0 20     	ld	de,#20C0
2868+ 9D91 CD D1 8B     	call	draw_jugo.DRAW
2869+ 9D94
2870+ 9D94 C9           	ret
2871+ 9D95
2872+ 9D95              ; Aktualni slot dostane zluty nazev a cervene checking... uz pred SD_INIT.
2873+ 9D95              draw_dual_checking_slot
2874+ 9D95 CD CD 9D     	call	dual_current_slot_position
2875+ 9D98 CD AA A8     	call	T42_TEXT
2876+ 9D9B 21 C7 A3     	ld	hl,TEXT8
2877+ 9D9E C3 AA A8     	jp	T42_TEXT
2878+ 9DA1
2879+ 9DA1              ; Po CID/CSD zobraz informace aktualniho slotu do jeho tri pevnych radku.
2880+ 9DA1              draw_dual_present_slot
2881+ 9DA1 DD 21 24 AE  	ld	ix,BUFFER
2882+ 9DA5 3A 00 93     	ld	a,(DUAL_PASS)
2883+ 9DA8 16 05        	ld	d,5
2884+ 9DAA FE 01        	cp	1
2885+ 9DAC 28 02        	jr	z,.row_ready
2886+ 9DAE 16 08        	ld	d,8
2887+ 9DB0              .row_ready
2888+ 9DB0 C3 F3 9D     	jp	draw_dual_card_info
2889+ 9DB3
2890+ 9DB3              ; Chybejici slot: SDx zustane zlute, text a vsechny ctyri radky cervene.
2891+ 9DB3              draw_dual_missing_slot
2892+ 9DB3 CD CD 9D     	call	dual_current_slot_position
2893+ 9DB6 CD AA A8     	call	T42_TEXT
2894+ 9DB9 21 14 A4     	ld	hl,TEXT_DUAL_NOT_INSERTED
2895+ 9DBC CD AA A8     	call	T42_TEXT
2896+ 9DBF 3A 00 93     	ld	a,(DUAL_PASS)
2897+ 9DC2 FE 01        	cp	1
2898+ 9DC4 3E 0D        	ld	a,13
2899+ 9DC6 28 02        	jr	z,.row_ready
2900+ 9DC8 3E 11        	ld	a,17
2901+ 9DCA              .row_ready
2902+ 9DCA C3 E0 9D     	jp	draw_no_card_partition_rows
2903+ 9DCD
2904+ 9DCD              ; OUT: HL=SD1:/SD2:, BC=pevna pozice prvniho radku slotu.
2905+ 9DCD              dual_current_slot_position
2906+ 9DCD 3A 00 93     	ld	a,(DUAL_PASS)
2907+ 9DD0 FE 01        	cp	1
2908+ 9DD2 21 E1 A3     	ld	hl,TEXT_DUAL_SD1_CARD
2909+ 9DD5 01 02 05     	ld	bc,#0502
2910+ 9DD8 C8           	ret	z
2911+ 9DD9 21 E8 A3     	ld	hl,TEXT_DUAL_SD2_CARD
2912+ 9DDC 01 02 08     	ld	bc,#0802
2913+ 9DDF C9           	ret
2914+ 9DE0
2915+ 9DE0              ; A = prvni ze ctyr pevnych partition radku chybejici karty.
2916+ 9DE0              draw_no_card_partition_rows
2917+ 9DE0 5F           	ld	e,a
2918+ 9DE1 16 04        	ld	d,4
2919+ 9DE3              .loop
2920+ 9DE3 D5           	push	de
2921+ 9DE4 21 22 A4     	ld	hl,TEXT_DUAL_NO_CARDS
2922+ 9DE7 43           	ld	b,e
2923+ 9DE8 0E 02        	ld	c,2
2924+ 9DEA CD AA A8     	call	T42_TEXT
2925+ 9DED D1           	pop	de
2926+ 9DEE 1C           	inc	e
2927+ 9DEF 15           	dec	d
2928+ 9DF0 20 F1        	jr	nz,.loop
2929+ 9DF2 C9           	ret
2930+ 9DF3
2931+ 9DF3              ; IX = ulozeny CID(16 B)+CSD(16 B), A = slot 1/2, D = prvni radek.
2932+ 9DF3              draw_dual_card_info
2933+ 9DF3 32 52 A2     	ld	(DUAL_DRAW_SLOT),a
2934+ 9DF6 7A           	ld	a,d
2935+ 9DF7 32 53 A2     	ld	(DUAL_DRAW_ROW),a
2936+ 9DFA
2937+ 9DFA              ; Radek 1: zlute SDx, za nim modre vyrobce,OID,PNM
2938+ 9DFA FE 00        	cp	0			;jen bezpecne obnovime A dale z promenne
2939+ 9DFC 3A 52 A2     	ld	a,(DUAL_DRAW_SLOT)
2940+ 9DFF FE 01        	cp	1
2941+ 9E01 21 E1 A3     	ld	hl,TEXT_DUAL_SD1_CARD
2942+ 9E04 28 03        	jr	z,.slot_label_ready
2943+ 9E06 21 E8 A3     	ld	hl,TEXT_DUAL_SD2_CARD
2944+ 9E09              .slot_label_ready
2945+ 9E09 3A 53 A2     	ld	a,(DUAL_DRAW_ROW)
2946+ 9E0C 47           	ld	b,a
2947+ 9E0D 0E 02        	ld	c,2
2948+ 9E0F CD AA A8     	call	T42_TEXT
2949+ 9E12 3E 45        	ld	a,69
2950+ 9E14 32 E1 A8     	ld	(T42_ATT),a
2951+ 9E17 DD 7E 00     	ld	a,(ix+0)
2952+ 9E1A CD 78 9F     	call	select_dual_manufacturer
2953+ 9E1D CD AA A8     	call	T42_TEXT
2954+ 9E20 21 85 A6     	ld	hl,carka
2955+ 9E23 CD AA A8     	call	T42_TEXT
2956+ 9E26 DD E5        	push	ix
2957+ 9E28 E1           	pop	hl
2958+ 9E29 23           	inc	hl
2959+ 9E2A 3E 02        	ld	a,2
2960+ 9E2C CD B2 9F     	call	draw_dual_raw_ascii
2961+ 9E2F 21 85 A6     	ld	hl,carka
2962+ 9E32 CD AA A8     	call	T42_TEXT
2963+ 9E35 DD E5        	push	ix
2964+ 9E37 E1           	pop	hl
2965+ 9E38 11 03 00     	ld	de,3
2966+ 9E3B 19           	add	hl,de
2967+ 9E3C 3E 05        	ld	a,5
2968+ 9E3E CD B2 9F     	call	draw_dual_raw_ascii
2969+ 9E41
2970+ 9E41              ; Radek 2: Rev:x.x SN:ddd,ddd,ddd,ddd CSD:x.x
2971+ 9E41 3A 53 A2     	ld	a,(DUAL_DRAW_ROW)
2972+ 9E44 3C           	inc	a
2973+ 9E45 47           	ld	b,a
2974+ 9E46 0E 02        	ld	c,2
2975+ 9E48 21 EF A3     	ld	hl,TEXT_DUAL_REV
2976+ 9E4B CD AA A8     	call	T42_TEXT
2977+ 9E4E 3E 45        	ld	a,69
2978+ 9E50 32 E1 A8     	ld	(T42_ATT),a
2979+ 9E53 DD 7E 08     	ld	a,(ix+8)
2980+ 9E56 F5           	push	af
2981+ 9E57 0F           	rrca
2982+ 9E58 0F           	rrca
2983+ 9E59 0F           	rrca
2984+ 9E5A 0F           	rrca
2985+ 9E5B E6 0F        	and	#0F
2986+ 9E5D C6 30        	add	a,'0'
2987+ 9E5F C5           	push	bc
2988+ 9E60 CD E2 A8     	call	T42
2989+ 9E63 C1           	pop	bc
2990+ 9E64 0C           	inc	c
2991+ 9E65 3E 2E        	ld	a,'.'
2992+ 9E67 C5           	push	bc
2993+ 9E68 CD E2 A8     	call	T42
2994+ 9E6B C1           	pop	bc
2995+ 9E6C 0C           	inc	c
2996+ 9E6D F1           	pop	af
2997+ 9E6E E6 0F        	and	#0F
2998+ 9E70 C6 30        	add	a,'0'
2999+ 9E72 C5           	push	bc
3000+ 9E73 CD E2 A8     	call	T42
3001+ 9E76 C1           	pop	bc
3002+ 9E77
3003+ 9E77 21 F5 A3     	ld	hl,TEXT_DUAL_SN
3004+ 9E7A 3A 53 A2     	ld	a,(DUAL_DRAW_ROW)
3005+ 9E7D 3C           	inc	a
3006+ 9E7E 47           	ld	b,a
3007+ 9E7F 0E 0A        	ld	c,10
3008+ 9E81 CD AA A8     	call	T42_TEXT
3009+ 9E84 3E 45        	ld	a,69
3010+ 9E86 32 E1 A8     	ld	(T42_ATT),a
3011+ 9E89 DD 6E 09     	ld	l,(ix+9)
3012+ 9E8C 26 00        	ld	h,0
3013+ 9E8E 0E 0D        	ld	c,13
3014+ 9E90 CD 81 A8     	call	NUMBER2
3015+ 9E93 0C           	inc	c
3016+ 9E94 21 85 A6     	ld	hl,carka
3017+ 9E97 CD AA A8     	call	T42_TEXT
3018+ 9E9A DD 6E 0A     	ld	l,(ix+10)
3019+ 9E9D 26 00        	ld	h,0
3020+ 9E9F CD 81 A8     	call	NUMBER2
3021+ 9EA2 0C           	inc	c
3022+ 9EA3 21 85 A6     	ld	hl,carka
3023+ 9EA6 CD AA A8     	call	T42_TEXT
3024+ 9EA9 DD 6E 0B     	ld	l,(ix+11)
3025+ 9EAC 26 00        	ld	h,0
3026+ 9EAE CD 81 A8     	call	NUMBER2
3027+ 9EB1 0C           	inc	c
3028+ 9EB2 21 85 A6     	ld	hl,carka
3029+ 9EB5 CD AA A8     	call	T42_TEXT
3030+ 9EB8 DD 6E 0C     	ld	l,(ix+12)
3031+ 9EBB 26 00        	ld	h,0
3032+ 9EBD CD 81 A8     	call	NUMBER2
3033+ 9EC0
3034+ 9EC0 21 FA A3     	ld	hl,TEXT_DUAL_CSD
3035+ 9EC3 3A 53 A2     	ld	a,(DUAL_DRAW_ROW)
3036+ 9EC6 3C           	inc	a
3037+ 9EC7 47           	ld	b,a
3038+ 9EC8 0E 1D        	ld	c,29
3039+ 9ECA CD AA A8     	call	T42_TEXT
3040+ 9ECD 3E 45        	ld	a,69
3041+ 9ECF 32 E1 A8     	ld	(T42_ATT),a
3042+ 9ED2 DD 7E 10     	ld	a,(ix+16)
3043+ 9ED5 E6 C0        	and	%11000000
3044+ 9ED7 21 93 A6     	ld	hl,TEXT_20
3045+ 9EDA 20 03        	jr	nz,.csd_text_ready
3046+ 9EDC 21 90 A6     	ld	hl,TEXT_10
3047+ 9EDF              .csd_text_ready
3048+ 9EDF CD AA A8     	call	T42_TEXT
3049+ 9EE2
3050+ 9EE2              ; Radek 3: Date:mm/yyyy RBL:value Size:value G
3051+ 9EE2 3A 53 A2     	ld	a,(DUAL_DRAW_ROW)
3052+ 9EE5 C6 02        	add	a,2
3053+ 9EE7 47           	ld	b,a
3054+ 9EE8 0E 02        	ld	c,2
3055+ 9EEA 21 00 A4     	ld	hl,TEXT_DUAL_DATE
3056+ 9EED CD AA A8     	call	T42_TEXT
3057+ 9EF0 3E 45        	ld	a,69
3058+ 9EF2 32 E1 A8     	ld	(T42_ATT),a
3059+ 9EF5 DD 7E 0E     	ld	a,(ix+14)
3060+ 9EF8 F5           	push	af
3061+ 9EF9 E6 0F        	and	#0F
3062+ 9EFB 6F           	ld	l,a
3063+ 9EFC 26 00        	ld	h,0
3064+ 9EFE 0E 07        	ld	c,7
3065+ 9F00 CD 87 A8     	call	NUMBER1
3066+ 9F03 0C           	inc	c
3067+ 9F04 21 86 A6     	ld	hl,lomeno
3068+ 9F07 CD AA A8     	call	T42_TEXT
3069+ 9F0A 21 D0 07     	ld	hl,2000
3070+ 9F0D DD 56 0D     	ld	d,(ix+13)
3071+ 9F10 F1           	pop	af
3072+ 9F11 5F           	ld	e,a
3073+ 9F12 3E 04        	ld	a,4
3074+ 9F14              .date_shift
3075+ 9F14 CB 3A        	srl	d
3076+ 9F16 CB 1B        	rr	e
3077+ 9F18 3D           	dec	a
3078+ 9F19 20 F9        	jr	nz,.date_shift
3079+ 9F1B 16 00        	ld	d,0
3080+ 9F1D 19           	add	hl,de
3081+ 9F1E CD 7B A8     	call	NUMBER3
3082+ 9F21
3083+ 9F21 21 07 A4     	ld	hl,TEXT_DUAL_RBL
3084+ 9F24 3A 53 A2     	ld	a,(DUAL_DRAW_ROW)
3085+ 9F27 C6 02        	add	a,2
3086+ 9F29 47           	ld	b,a
3087+ 9F2A 0E 0F        	ld	c,15
3088+ 9F2C CD AA A8     	call	T42_TEXT
3089+ 9F2F 3E 45        	ld	a,69
3090+ 9F31 32 E1 A8     	ld	(T42_ATT),a
3091+ 9F34 DD 7E 15     	ld	a,(ix+21)
3092+ 9F37 E6 0F        	and	#0F
3093+ 9F39 21 01 00     	ld	hl,1
3094+ 9F3C B7           	or	a
3095+ 9F3D 28 04        	jr	z,.rbl_ready
3096+ 9F3F              .rbl_shift
3097+ 9F3F 29           	add	hl,hl
3098+ 9F40 3D           	dec	a
3099+ 9F41 20 FC        	jr	nz,.rbl_shift
3100+ 9F43              .rbl_ready
3101+ 9F43 0E 13        	ld	c,19
3102+ 9F45 CD C5 9F     	call	print_dual_uint16
3103+ 9F48
3104+ 9F48 21 0D A4     	ld	hl,TEXT_DUAL_SIZE
3105+ 9F4B 3A 53 A2     	ld	a,(DUAL_DRAW_ROW)
3106+ 9F4E C6 02        	add	a,2
3107+ 9F50 47           	ld	b,a
3108+ 9F51 0E 19        	ld	c,25
3109+ 9F53 CD AA A8     	call	T42_TEXT
3110+ 9F56 3E 45        	ld	a,69
3111+ 9F58 32 E1 A8     	ld	(T42_ATT),a
3112+ 9F5B DD 66 17     	ld	h,(ix+23)
3113+ 9F5E DD 6E 18     	ld	l,(ix+24)
3114+ 9F61 3E 03        	ld	a,3
3115+ 9F63              .size_shift
3116+ 9F63 CB 3C        	srl	h
3117+ 9F65 CB 1D        	rr	l
3118+ 9F67 3D           	dec	a
3119+ 9F68 20 F9        	jr	nz,.size_shift
3120+ 9F6A 23           	inc	hl
3121+ 9F6B 0E 1E        	ld	c,30
3122+ 9F6D CD C5 9F     	call	print_dual_uint16
3123+ 9F70 0C           	inc	c
3124+ 9F71 21 87 A6     	ld	hl,TEXT_GB
3125+ 9F74 CD AA A8     	call	T42_TEXT
3126+ 9F77 C9           	ret
3127+ 9F78
3128+ 9F78              select_dual_manufacturer
3129+ 9F78 FE 01        	cp	1
3130+ 9F7A 21 30 A6     	ld	hl,Manufacturer1
3131+ 9F7D C8           	ret	z
3132+ 9F7E FE 02        	cp	2
3133+ 9F80 21 39 A6     	ld	hl,Manufacturer2
3134+ 9F83 C8           	ret	z
3135+ 9F84 FE 03        	cp	3
3136+ 9F86 21 49 A6     	ld	hl,Manufacturer3
3137+ 9F89 C8           	ret	z
3138+ 9F8A FE 1B        	cp	#1B
3139+ 9F8C 21 50 A6     	ld	hl,Manufacturer1b
3140+ 9F8F C8           	ret	z
3141+ 9F90 FE 1D        	cp	#1D
3142+ 9F92 21 57 A6     	ld	hl,Manufacturer1d
3143+ 9F95 C8           	ret	z
3144+ 9F96 FE 27        	cp	#27
3145+ 9F98 21 5C A6     	ld	hl,Manufacturer27
3146+ 9F9B C8           	ret	z
3147+ 9F9C FE 31        	cp	#31
3148+ 9F9E 21 62 A6     	ld	hl,Manufacturer31
3149+ 9FA1 C8           	ret	z
3150+ 9FA2 FE 74        	cp	#74
3151+ 9FA4 21 6F A6     	ld	hl,Manufacturer74
3152+ 9FA7 C8           	ret	z
3153+ 9FA8 FE 9F        	cp	#9F
3154+ 9FAA 21 78 A6     	ld	hl,Manufacturer9f
3155+ 9FAD C8           	ret	z
3156+ 9FAE 21 80 A6     	ld	hl,ManufacturerOther
3157+ 9FB1 C9           	ret
3158+ 9FB2
3159+ 9FB2              ; HL=zdroj, A=pocet, BC=pozice. Vraci BC za poslednim znakem.
3160+ 9FB2              draw_dual_raw_ascii
3161+ 9FB2 5F           	ld	e,a
3162+ 9FB3              .loop
3163+ 9FB3 7E           	ld	a,(hl)
3164+ 9FB4 E6 7F        	and	#7F
3165+ 9FB6 E5           	push	hl
3166+ 9FB7 D5           	push	de
3167+ 9FB8 C5           	push	bc
3168+ 9FB9 CD E2 A8     	call	T42
3169+ 9FBC C1           	pop	bc
3170+ 9FBD D1           	pop	de
3171+ 9FBE E1           	pop	hl
3172+ 9FBF 23           	inc	hl
3173+ 9FC0 0C           	inc	c
3174+ 9FC1 1D           	dec	e
3175+ 9FC2 20 EF        	jr	nz,.loop
3176+ 9FC4 C9           	ret
3177+ 9FC5
3178+ 9FC5              ; Vytiskne HL bez nul zleva. NUMBERx vraci C na posledni cislici.
3179+ 9FC5              print_dual_uint16
3180+ 9FC5 E5           	push	hl
3181+ 9FC6 11 10 27     	ld	de,10000
3182+ 9FC9 B7           	or	a
3183+ 9FCA ED 52        	sbc	hl,de
3184+ 9FCC E1           	pop	hl
3185+ 9FCD D2 75 A8     	jp	nc,NUMBER4
3186+ 9FD0 E5           	push	hl
3187+ 9FD1 11 E8 03     	ld	de,1000
3188+ 9FD4 B7           	or	a
3189+ 9FD5 ED 52        	sbc	hl,de
3190+ 9FD7 E1           	pop	hl
3191+ 9FD8 D2 7B A8     	jp	nc,NUMBER3
3192+ 9FDB E5           	push	hl
3193+ 9FDC 11 64 00     	ld	de,100
3194+ 9FDF B7           	or	a
3195+ 9FE0 ED 52        	sbc	hl,de
3196+ 9FE2 E1           	pop	hl
3197+ 9FE3 D2 81 A8     	jp	nc,NUMBER2
3198+ 9FE6 E5           	push	hl
3199+ 9FE7 11 0A 00     	ld	de,10
3200+ 9FEA B7           	or	a
3201+ 9FEB ED 52        	sbc	hl,de
3202+ 9FED E1           	pop	hl
3203+ 9FEE D2 87 A8     	jp	nc,NUMBER1
3204+ 9FF1 C3 8D A8     	jp	NUMBER0
3205+ 9FF4
3206+ 9FF4              ; ------------------------------------------------------------
3207+ 9FF4              ; EasySD 1.1: automaticka predvolba pro oba sloty. Preferovana P1-P4
3208+ 9FF4              ; se pouzije, je-li platna; jinak prvni platna partition na teze karte.
3209+ 9FF4              dual_prepare_auto_selection
3210+ 9FF4 3A 08 80     	ld	a,(@dual_partition_sd1)
3211+ 9FF7 0E 00        	ld	c,0			;SD1 = VDT zaznamy 1-4
3212+ 9FF9 CD 0B A0     	call	dual_find_slot_partition
3213+ 9FFC 32 0D 93     	ld	(DUAL_SELECTED_SD1),a
3214+ 9FFF 3A 0E 80     	ld	a,(@dual_partition_sd2)
3215+ A002 0E 04        	ld	c,4			;SD2 = VDT zaznamy 5-8
3216+ A004 CD 0B A0     	call	dual_find_slot_partition
3217+ A007 32 0E 93     	ld	(DUAL_SELECTED_SD2),a
3218+ A00A C9           	ret
3219+ A00B
3220+ A00B              ; IN: A=preferovana fyzicka P1-P4, C=VDT offset 0/4.
3221+ A00B              ; OUT: A=vybrana fyzicka P1-P4, nebo 0. Prednost ma preference,
3222+ A00B              ; pote se hleda od P1. Hledani nikdy neprejde na druhou kartu.
3223+ A00B              dual_find_slot_partition
3224+ A00B FE 01        	cp	1
3225+ A00D 38 0D        	jr	c,.fallback
3226+ A00F FE 05        	cp	5
3227+ A011 30 09        	jr	nc,.fallback
3228+ A013 47           	ld	b,a
3229+ A014 81           	add	a,c
3230+ A015 C5           	push	bc
3231+ A016 CD D1 9C     	call	test_partition
3232+ A019 C1           	pop	bc			;POP BC zachova priznaky z BIT
3233+ A01A 78           	ld	a,b
3234+ A01B C0           	ret	nz
3235+ A01C              .fallback
3236+ A01C 06 01        	ld	b,1
3237+ A01E              .loop
3238+ A01E 78           	ld	a,b
3239+ A01F 81           	add	a,c
3240+ A020 C5           	push	bc
3241+ A021 CD D1 9C     	call	test_partition
3242+ A024 C1           	pop	bc
3243+ A025 78           	ld	a,b
3244+ A026 C0           	ret	nz
3245+ A027 04           	inc	b
3246+ A028 78           	ld	a,b
3247+ A029 FE 05        	cp	5
3248+ A02B 20 F1        	jr	nz,.loop
3249+ A02D AF           	xor	a
3250+ A02E C9           	ret
3251+ A02F
3252+ A02F              ; Spolecna inicializace markeru a souradnic pro AUTO i MANUAL.
3253+ A02F              dual_prepare_selection_screen
3254+ A02F AF           	xor	a
3255+ A030 32 4F 93     	ld	(DUAL_CURSOR_INDEX),a
3256+ A033 21 A1 59     	ld	hl,#59A1		;radek 13, atributovy sloupec 1
3257+ A036 22 50 93     	ld	(DUAL_CURSOR_ADDR),hl
3258+ A039 C3 27 A1     	jp	dual_draw_all_markers
3259+ A03C
3260+ A03C              ; Na realnem MB03+ muze KEYSCAN kratce vratit nulu i pri fyzicky drzenem
3261+ A03C              ; SPACE. Nejprve proto cekame primo na bit klavesnice #7FFE a teprve
3262+ A03C              ; potom vycistime obecny stav KEYSCAN pred aktivaci menu.
3263+ A03C              dual_wait_key_release
3264+ A03C 3E 7F        	ld	a,#7F
3265+ A03E DB FE        	in	a,(#FE)
3266+ A040 CB 47        	bit	0,a			;SPACE je aktivni v nule
3267+ A042 28 F8        	jr	z,dual_wait_key_release
3268+ A044              .wait_all_keys
3269+ A044 CD AD AC     	call	KEYSCAN
3270+ A047 B7           	or	a
3271+ A048 20 FA        	jr	nz,.wait_all_keys
3272+ A04A C9           	ret
3273+ A04B
3274+ A04B              ; Spolecny rucni vyber partition. Automaticke hvezdicky zustanou
3275+ A04B              ; predvolene a ENTER je muze zmenit nebo zrusit.
3276+ A04B              dual_selection_menu
3277+ A04B CD 2F A0     	call	dual_prepare_selection_screen
3278+ A04E CD BC A0     	call	dual_draw_cursor
3279+ A051 CD 3C A0     	call	dual_wait_key_release	;kurzor uz je videt, puvodni drzeny SPACE se zahodi
3280+ A054
3281+ A054              .key_loop
3282+ A054 CD AD AC     	call	KEYSCAN
3283+ A057 B7           	or	a
3284+ A058 28 FA        	jr	z,.key_loop
3285+ A05A FE 0B        	cp	#0B			;nahoru
3286+ A05C 28 13        	jr	z,.key_up
3287+ A05E FE 0A        	cp	#0A			;dolu
3288+ A060 28 14        	jr	z,.key_down
3289+ A062 FE 0D        	cp	13			;ENTER
3290+ A064 28 15        	jr	z,.key_enter
3291+ A066 FE 20        	cp	32			;SPACE
3292+ A068 28 16        	jr	z,.key_space
3293+ A06A FE 07        	cp	7			;EDIT
3294+ A06C CA FA 9C     	jp	z,end_easy_exit
3295+ A06F 18 E3        	jr	.key_loop
3296+ A071
3297+ A071              .key_up
3298+ A071 CD 87 A0     	call	dual_cursor_up
3299+ A074 18 DE        	jr	.key_loop
3300+ A076              .key_down
3301+ A076 CD A2 A0     	call	dual_cursor_down
3302+ A079 18 D9        	jr	.key_loop
3303+ A07B              .key_enter
3304+ A07B CD F8 A0     	call	dual_toggle_selection
3305+ A07E 18 D4        	jr	.key_loop
3306+ A080              .key_space
3307+ A080 CD CC A1     	call	dual_confirm_selection
3308+ A083 B7           	or	a
3309+ A084 28 CE        	jr	z,.key_loop
3310+ A086 C9           	ret
3311+ A087
3312+ A087              dual_cursor_up
3313+ A087 3A 4F 93     	ld	a,(DUAL_CURSOR_INDEX)
3314+ A08A B7           	or	a
3315+ A08B C8           	ret	z
3316+ A08C CD CC A0     	call	dual_undraw_cursor
3317+ A08F 21 4F 93     	ld	hl,DUAL_CURSOR_INDEX
3318+ A092 35           	dec	(hl)
3319+ A093 2A 50 93     	ld	hl,(DUAL_CURSOR_ADDR)
3320+ A096 11 20 00     	ld	de,32
3321+ A099 B7           	or	a
3322+ A09A ED 52        	sbc	hl,de
3323+ A09C 22 50 93     	ld	(DUAL_CURSOR_ADDR),hl
3324+ A09F C3 BC A0     	jp	dual_draw_cursor
3325+ A0A2
3326+ A0A2              dual_cursor_down
3327+ A0A2 3A 4F 93     	ld	a,(DUAL_CURSOR_INDEX)
3328+ A0A5 FE 07        	cp	7			;kurzor vzdy prochazi osm pevnych radku
3329+ A0A7 C8           	ret	z
3330+ A0A8 CD CC A0     	call	dual_undraw_cursor
3331+ A0AB 21 4F 93     	ld	hl,DUAL_CURSOR_INDEX
3332+ A0AE 34           	inc	(hl)
3333+ A0AF 2A 50 93     	ld	hl,(DUAL_CURSOR_ADDR)
3334+ A0B2 11 20 00     	ld	de,32
3335+ A0B5 19           	add	hl,de
3336+ A0B6 22 50 93     	ld	(DUAL_CURSOR_ADDR),hl
3337+ A0B9 C3 BC A0     	jp	dual_draw_cursor
3338+ A0BC
3339+ A0BC              ; Plnosirkovy kurzor pres 30 vnitrnich atributu. INK zustava cerveny/cyan,
3340+ A0BC              ; PAPER se u obou typu radku prepne na stejnou modrou paletovou skupinu.
3341+ A0BC              DUAL_CURSOR_LEN	equ 30
3342+ A0BC              dual_draw_cursor
3343+ A0BC 2A 50 93     	ld	hl,(DUAL_CURSOR_ADDR)
3344+ A0BF 06 1E        	ld	b,DUAL_CURSOR_LEN
3345+ A0C1              .loop
3346+ A0C1 7E           	ld	a,(hl)
3347+ A0C2 E6 87        	and	%10000111		;zachovej FLASH a INK, smaz PAPER+BRIGHT
3348+ A0C4 F6 48        	or	%01001000		;stejny modry PAPER a BRIGHT pro oba typy
3349+ A0C6 77           	ld	(hl),a
3350+ A0C7 23           	inc	hl
3351+ A0C8 10 F7        	djnz	.loop
3352+ A0CA AF           	xor	a
3353+ A0CB C9           	ret
3354+ A0CC
3355+ A0CC              dual_undraw_cursor
3356+ A0CC CD E3 A0     	call	dual_cursor_vdt_index
3357+ A0CF CD D1 9C     	call	test_partition
3358+ A0D2 3E 02        	ld	a,2			;neplatna partition = normalni cervena
3359+ A0D4 28 02        	jr	z,.attr_ready
3360+ A0D6 3E 45        	ld	a,69			;platna partition = puvodni cyan/modra
3361+ A0D8              .attr_ready
3362+ A0D8 2A 50 93     	ld	hl,(DUAL_CURSOR_ADDR)
3363+ A0DB 06 1E        	ld	b,DUAL_CURSOR_LEN
3364+ A0DD              .loop
3365+ A0DD 77           	ld	(hl),a
3366+ A0DE 23           	inc	hl
3367+ A0DF 10 FC        	djnz	.loop
3368+ A0E1 AF           	xor	a
3369+ A0E2 C9           	ret
3370+ A0E3
3371+ A0E3              ; Vraci A=1..8, index zaznamu ve finalni VDT.
3372+ A0E3              dual_cursor_vdt_index
3373+ A0E3 3A 4F 93     	ld	a,(DUAL_CURSOR_INDEX)
3374+ A0E6 3C           	inc	a			;pevne VDT zaznamy 1..8
3375+ A0E7 C9           	ret
3376+ A0E8
3377+ A0E8              ; Vraci B=slot 1/2 a A=fyzicka partition 1..4.
3378+ A0E8              dual_cursor_slot_partition
3379+ A0E8 3A 4F 93     	ld	a,(DUAL_CURSOR_INDEX)
3380+ A0EB FE 04        	cp	4
3381+ A0ED 30 04        	jr	nc,.slot2
3382+ A0EF 3C           	inc	a
3383+ A0F0 06 01        	ld	b,1
3384+ A0F2 C9           	ret
3385+ A0F3              .slot2
3386+ A0F3 D6 03        	sub	3
3387+ A0F5 06 02        	ld	b,2
3388+ A0F7 C9           	ret
3389+ A0F8
3390+ A0F8              dual_toggle_selection
3391+ A0F8 CD E3 A0     	call	dual_cursor_vdt_index
3392+ A0FB CD D1 9C     	call	test_partition
3393+ A0FE 28 26        	jr	z,.invalid
3394+ A100 CD E8 A0     	call	dual_cursor_slot_partition
3395+ A103 4F           	ld	c,a
3396+ A104 21 0D 93     	ld	hl,DUAL_SELECTED_SD1
3397+ A107 78           	ld	a,b
3398+ A108 FE 01        	cp	1
3399+ A10A 28 03        	jr	z,.target_ready
3400+ A10C 21 0E 93     	ld	hl,DUAL_SELECTED_SD2
3401+ A10F              .target_ready
3402+ A10F 78           	ld	a,b
3403+ A110 32 54 A2     	ld	(DUAL_MARKER_SLOT),a
3404+ A113 7E           	ld	a,(hl)
3405+ A114 32 55 A2     	ld	(DUAL_MARKER_OLD),a
3406+ A117 79           	ld	a,c
3407+ A118 BE           	cp	(hl)
3408+ A119 20 01        	jr	nz,.store
3409+ A11B AF           	xor	a			;ENTER na stejne volbe ji zrusi
3410+ A11C              .store
3411+ A11C 77           	ld	(hl),a
3412+ A11D 32 56 A2     	ld	(DUAL_MARKER_NEW),a
3413+ A120 CD 54 A1     	call	dual_update_one_marker
3414+ A123 C3 BC A0     	jp	dual_draw_cursor
3415+ A126              .invalid
3416+ A126 C9           	ret				;cervena polozka se pouze ignoruje
3417+ A127
3418+ A127              dual_draw_all_markers
3419+ A127 16 0D        	ld	d,13
3420+ A129 1E 08        	ld	e,8
3421+ A12B CD 43 A1     	call	dual_clear_marker_rows
3422+ A12E
3423+ A12E 3A 0D 93     	ld	a,(DUAL_SELECTED_SD1)
3424+ A131 B7           	or	a
3425+ A132 28 05        	jr	z,.both_sd2
3426+ A134 C6 0C        	add	a,12			;P1 -> radek 13
3427+ A136 CD 94 A1     	call	dual_draw_selected_marker
3428+ A139              .both_sd2
3429+ A139 3A 0E 93     	ld	a,(DUAL_SELECTED_SD2)
3430+ A13C B7           	or	a
3431+ A13D C8           	ret	z
3432+ A13E C6 10        	add	a,16			;P1 -> radek 17
3433+ A140 C3 94 A1     	jp	dual_draw_selected_marker
3434+ A143
3435+ A143              dual_clear_marker_rows
3436+ A143              .loop
3437+ A143 D5           	push	de
3438+ A144 AF           	xor	a			;T42_ATT=0 zachova puvodni barvu partition radku
3439+ A145 32 E1 A8     	ld	(T42_ATT),a
3440+ A148 7A           	ld	a,d
3441+ A149 1E 20        	ld	e,' '
3442+ A14B CD 9D A1     	call	dual_draw_marker_char
3443+ A14E D1           	pop	de
3444+ A14F 14           	inc	d
3445+ A150 1D           	dec	e
3446+ A151 20 F0        	jr	nz,.loop
3447+ A153 C9           	ret
3448+ A154
3449+ A154              ; Pri zmene SD2 se SD1 marker uz nemaze a znovu nekresli.
3450+ A154              dual_update_one_marker
3451+ A154 3A 55 A2     	ld	a,(DUAL_MARKER_OLD)
3452+ A157 B7           	or	a
3453+ A158 28 0C        	jr	z,.draw_new
3454+ A15A 47           	ld	b,a
3455+ A15B 3A 54 A2     	ld	a,(DUAL_MARKER_SLOT)
3456+ A15E 4F           	ld	c,a
3457+ A15F 78           	ld	a,b
3458+ A160 41           	ld	b,c
3459+ A161 1E 20        	ld	e,' '
3460+ A163 CD 77 A1     	call	dual_draw_marker_for_slot
3461+ A166              .draw_new
3462+ A166 3A 56 A2     	ld	a,(DUAL_MARKER_NEW)
3463+ A169 B7           	or	a
3464+ A16A C8           	ret	z
3465+ A16B 47           	ld	b,a
3466+ A16C 3A 54 A2     	ld	a,(DUAL_MARKER_SLOT)
3467+ A16F 4F           	ld	c,a
3468+ A170 78           	ld	a,b
3469+ A171 41           	ld	b,c
3470+ A172 1E 2A        	ld	e,'*'
3471+ A174 C3 77 A1     	jp	dual_draw_marker_for_slot
3472+ A177
3473+ A177              ; A=partition 1..4, B=slot 1/2, E=znak.
3474+ A177              dual_draw_marker_for_slot
3475+ A177 F5           	push	af
3476+ A178 7B           	ld	a,e
3477+ A179 FE 2A        	cp	'*'
3478+ A17B 3E 00        	ld	a,0
3479+ A17D 20 02        	jr	nz,.marker_attr_ready
3480+ A17F 3E 45        	ld	a,69
3481+ A181              .marker_attr_ready
3482+ A181 32 E1 A8     	ld	(T42_ATT),a
3483+ A184 F1           	pop	af
3484+ A185 4F           	ld	c,a
3485+ A186 78           	ld	a,b
3486+ A187 FE 01        	cp	1
3487+ A189 79           	ld	a,c
3488+ A18A 28 04        	jr	z,.both_sd1
3489+ A18C C6 10        	add	a,16			;SD2: P1 na radku 17
3490+ A18E 18 0D        	jr	dual_draw_marker_char
3491+ A190              .both_sd1
3492+ A190 C6 0C        	add	a,12			;SD1: P1 na radku 13
3493+ A192 18 09        	jr	dual_draw_marker_char
3494+ A194
3495+ A194              dual_draw_selected_marker
3496+ A194 F5           	push	af
3497+ A195 3E 45        	ld	a,69			;modry marker na pravem konci partition radku
3498+ A197 32 E1 A8     	ld	(T42_ATT),a
3499+ A19A F1           	pop	af
3500+ A19B 1E 2A        	ld	e,'*'
3501+ A19D              dual_draw_marker_char
3502+ A19D 47           	ld	b,a
3503+ A19E 0E 27        	ld	c,39			;vlevo by marker sdilel atribut s F a rameckem
3504+ A1A0 7B           	ld	a,e
3505+ A1A1 C5           	push	bc
3506+ A1A2 CD E2 A8     	call	T42
3507+ A1A5 C1           	pop	bc
3508+ A1A6 C9           	ret
3509+ A1A7
3510+ A1A7              dual_temporary_message
3511+ A1A7 E5           	push	hl
3512+ A1A8 CD C3 A1     	call	dual_clear_status
3513+ A1AB E1           	pop	hl
3514+ A1AC 01 02 16     	ld	bc,#1602
3515+ A1AF CD AA A8     	call	T42_TEXT
3516+ A1B2 CD A3 AC     	call	ANYKEY
3517+ A1B5 CD C3 A1     	call	dual_clear_status
3518+ A1B8 21 2B A4     	ld	hl,TEXT_DUAL_STAGE3
3519+ A1BB 01 02 16     	ld	bc,#1602
3520+ A1BE CD AA A8     	call	T42_TEXT
3521+ A1C1 AF           	xor	a
3522+ A1C2 C9           	ret
3523+ A1C3
3524+ A1C3              dual_clear_status
3525+ A1C3 21 6E A5     	ld	hl,TEXT_CLR
3526+ A1C6 01 02 16     	ld	bc,#1602
3527+ A1C9 C3 AA A8     	jp	T42_TEXT
3528+ A1CC
3529+ A1CC              ; OUT: A=1 potvrzeno, A=0 chybi vyber.
3530+ A1CC              dual_confirm_selection
3531+ A1CC 3A 0D 93     	ld	a,(DUAL_SELECTED_SD1)
3532+ A1CF 21 0E 93     	ld	hl,DUAL_SELECTED_SD2
3533+ A1D2 B6           	or	(hl)
3534+ A1D3 20 08        	jr	nz,.has_selection
3535+ A1D5 21 4D A4     	ld	hl,TEXT_DUAL_SELECT_ONE
3536+ A1D8 CD A7 A1     	call	dual_temporary_message
3537+ A1DB AF           	xor	a
3538+ A1DC C9           	ret
3539+ A1DD
3540+ A1DD              .has_selection
3541+ A1DD CD CC A0     	call	dual_undraw_cursor
3542+ A1E0
3543+ A1E0 AF           	xor	a
3544+ A1E1 32 01 93     	ld	(DUAL_PARTITION_SD1),a
3545+ A1E4 32 02 93     	ld	(DUAL_PARTITION_SD2),a
3546+ A1E7 3A 0D 93     	ld	a,(DUAL_SELECTED_SD1)
3547+ A1EA B7           	or	a
3548+ A1EB 28 09        	jr	z,.save_sd2
3549+ A1ED 32 01 93     	ld	(DUAL_PARTITION_SD1),a
3550+ A1F0 11 03 93     	ld	de,DUAL_LBA_SD1
3551+ A1F3 CD 73 94     	call	save_selected_lba
3552+ A1F6              .save_sd2
3553+ A1F6 3A 0E 93     	ld	a,(DUAL_SELECTED_SD2)
3554+ A1F9 B7           	or	a
3555+ A1FA 28 0B        	jr	z,.show_result
3556+ A1FC 32 02 93     	ld	(DUAL_PARTITION_SD2),a
3557+ A1FF C6 04        	add	a,4
3558+ A201 11 07 93     	ld	de,DUAL_LBA_SD2
3559+ A204 CD 73 94     	call	save_selected_lba
3560+ A207
3561+ A207              .show_result
3562+ A207 CD C3 A1     	call	dual_clear_status
3563+ A20A 21 6C A4     	ld	hl,TEXT_DUAL_SELECTED
3564+ A20D 01 02 16     	ld	bc,#1602
3565+ A210 CD AA A8     	call	T42_TEXT
3566+ A213 3A 0D 93     	ld	a,(DUAL_SELECTED_SD1)
3567+ A216 B7           	or	a
3568+ A217 28 12        	jr	z,.result_sd2
3569+ A219 21 77 A4     	ld	hl,TEXT_DUAL_SELECTED_SD1
3570+ A21C 01 0B 16     	ld	bc,#160B
3571+ A21F CD AA A8     	call	T42_TEXT
3572+ A222 3A 0D 93     	ld	a,(DUAL_SELECTED_SD1)
3573+ A225 26 00        	ld	h,0
3574+ A227 6F           	ld	l,a
3575+ A228 CD 8D A8     	call	NUMBER0
3576+ A22B              .result_sd2
3577+ A22B 3A 0E 93     	ld	a,(DUAL_SELECTED_SD2)
3578+ A22E B7           	or	a
3579+ A22F 28 12        	jr	z,.result_wait
3580+ A231 21 7E A4     	ld	hl,TEXT_DUAL_SELECTED_SD2
3581+ A234 01 12 16     	ld	bc,#1612
3582+ A237 CD AA A8     	call	T42_TEXT
3583+ A23A 3A 0E 93     	ld	a,(DUAL_SELECTED_SD2)
3584+ A23D 26 00        	ld	h,0
3585+ A23F 6F           	ld	l,a
3586+ A240 CD 8D A8     	call	NUMBER0
3587+ A243              .result_wait
3588+ A243 21 85 A4     	ld	hl,TEXT_DUAL_RESULT_KEY
3589+ A246 01 19 16     	ld	bc,#1619
3590+ A249 CD AA A8     	call	T42_TEXT
3591+ A24C CD A3 AC     	call	ANYKEY
3592+ A24F 3E 01        	ld	a,1
3593+ A251 C9           	ret
3594+ A252
3595+ A252 00           DUAL_DRAW_SLOT	db 0
3596+ A253 00           DUAL_DRAW_ROW	db 0
3597+ A254 00           DUAL_MARKER_SLOT db 0
3598+ A255 00           DUAL_MARKER_OLD	db 0
3599+ A256 00           DUAL_MARKER_NEW	db 0
3600+ A257
3601+ A257              ; B=textovy radek prave dokoncene partition. VDT_pointer uz ukazuje na
3602+ A257              ; dalsi zaznam, proto testujeme info bajt na adrese pointer-32.
3603+ A257              ; Obarvujeme jen 30 vnitrnich atributu; oba zlute boky ramu zustanou.
3604+ A257              color_dual_partition_row
3605+ A257 F5           	push	af
3606+ A258 C5           	push	bc
3607+ A259 D5           	push	de
3608+ A25A E5           	push	hl
3609+ A25B 2A 2B 9C     	ld	hl,(VDT_pointer+1)
3610+ A25E 11 E0 FF     	ld	de,-32
3611+ A261 19           	add	hl,de
3612+ A262 3E 02        	ld	a,2			;normalni cervena = prazdna/neplatna partition
3613+ A264 CB 4E        	bit	1,(hl)
3614+ A266 28 02        	jr	z,.color_ready
3615+ A268 3E 45        	ld	a,69			;modra = platna partition
3616+ A26A              .color_ready
3617+ A26A F5           	push	af
3618+ A26B 78           	ld	a,b
3619+ A26C 21 01 58     	ld	hl,#5801
3620+ A26F 11 20 00     	ld	de,32
3621+ A272              .seek_row
3622+ A272 19           	add	hl,de
3623+ A273 3D           	dec	a
3624+ A274 20 FC        	jr	nz,.seek_row
3625+ A276 F1           	pop	af
3626+ A277 06 1E        	ld	b,30
3627+ A279              .fill
3628+ A279 77           	ld	(hl),a
3629+ A27A 23           	inc	hl
3630+ A27B 10 FC        	djnz	.fill
3631+ A27D E1           	pop	hl
3632+ A27E D1           	pop	de
3633+ A27F C1           	pop	bc
3634+ A280 F1           	pop	af
3635+ A281 C9           	ret
3636+ A282              	ENDIF
3637+ A282              ;user menu
3638+ A282              ;priprava k menu, rutina IINKEY vraci v A kod klavesy, #B=nahoru, #A=dolu
3639+ A282              ;definice
3640+ A282              cursor		equ %00001000		;item with cursor (dark blue cursor)
3641+ A282              no_curs		equ %11110111		;item without cursor
3642+ A282
3643+ A282              page		equ 3		;we will move around 4 items
3644+ A282 81 59        cursor_w_stadr	dw #5981	;start address of cursor
3645+ A284 81 59        cursor_w_curad	dw #5981	;current address of cursor
3646+ A286              cursor_len	equ 29
3647+ A286 55           wind_curs_item	db #55		;current start cursor position of the window (0-page)
3648+ A287              ;item_pg_start	dw #5555	;;;;;start address of first dir item on displayed page
3649+ A287
3650+ A287 3A 86 A2     key_enter	ld	a,(wind_curs_item)
3651+ A28A 3C           		inc	a
3652+ A28B CD D1 9C     		call	test_partition
3653+ A28E C2 8C 9C     		jp	nz,found_partition	;NZ=we found the valid one
3654+ A291
3655+ A291 21 6E A5     		ld	hl,TEXT_CLR
3656+ A294 01 02 16     		ld	bc,#1602
3657+ A297 C5           		push	bc
3658+ A298 CD AA A8     		call	T42_TEXT
3659+ A29B
3660+ A29B 21 2D A7     		ld	hl,TEXT_PART_NOUSE
3661+ A29E 01 05 16     		ld	bc,#1605
3662+ A2A1 CD AA A8     		call	T42_TEXT
3663+ A2A4
3664+ A2A4 CD A3 AC     		call	ANYKEY
3665+ A2A7
3666+ A2A7 21 6E A5     		ld	hl,TEXT_CLR
3667+ A2AA C1           		pop	bc
3668+ A2AB CD AA A8     		call	T42_TEXT
3669+ A2AE
3670+ A2AE 18 0D        		jr	 mps1		;zachovej kurzor, kde je
3671+ A2B0
3672+ A2B0              ;		call	undraw_cursor
3673+ A2B0
3674+ A2B0              manual_partition_selection
3675+ A2B0 AF           		xor	a	;inicializace
3676+ A2B1 32 86 A2     		ld	(wind_curs_item),a
3677+ A2B4 2A 82 A2     		ld	hl,(cursor_w_stadr)
3678+ A2B7 22 84 A2     		ld	(cursor_w_curad),hl
3679+ A2BA
3680+ A2BA CD 16 A3     		call	draw_cursor
3681+ A2BD
3682+ A2BD 21 4E A7     mps1		ld	hl,TEXT_MAKE_SELEC
3683+ A2C0 01 03 16     		ld	bc,#1603
3684+ A2C3 CD AA A8     		call	T42_TEXT
3685+ A2C6              ;key detection loop
3686+ A2C6 CD AD AC     iik		call	KEYSCAN
3687+ A2C9 11 20 00     		ld	de,32
3688+ A2CC FE 0B        		cp	#B
3689+ A2CE CC E1 A2     		call	z,key_up
3690+ A2D1 FE 0A        		cp	#A
3691+ A2D3 CC F8 A2     		call	z,key_down
3692+ A2D6 FE 0D        		cp	13
3693+ A2D8 28 AD        		jr	z,key_enter
3694+ A2DA FE 07        		cp	7
3695+ A2DC              	IFDEF DUAL_GUI_TEST
3696+ A2DC CA F1 9C     		jp	z,end_easy		;test build je kvuli pomocnym rutinam delsi
3697+ A2DF              	ELSE
3698+ A2DF ~            		jr	z,end_easy		;EDIT pressed, end EasySD
3699+ A2DF              	ENDIF
3700+ A2DF 18 E5        		jr	iik
3701+ A2E1
3702+ A2E1 21 86 A2     key_up		ld	hl,wind_curs_item
3703+ A2E4 7E           		ld	a,(hl)
3704+ A2E5 B7           		or	a
3705+ A2E6 C8           		ret	z		;Z=already first line
3706+ A2E7 35           		dec	(hl)
3707+ A2E8 CD 0E A3     		call	undraw_cursor
3708+ A2EB 2A 84 A2     		ld	hl,(cursor_w_curad)
3709+ A2EE B7           		or	a
3710+ A2EF ED 52        		sbc	hl,de
3711+ A2F1 22 84 A2     		ld	(cursor_w_curad),hl
3712+ A2F4 CD 16 A3     		call	draw_cursor
3713+ A2F7 C9           		ret
3714+ A2F8
3715+ A2F8 21 86 A2     key_down	ld	hl,wind_curs_item
3716+ A2FB 7E           		ld	a,(hl)
3717+ A2FC FE 03        		cp	page
3718+ A2FE C8           		ret	z
3719+ A2FF 34           		inc	(hl)
3720+ A300 CD 0E A3     		call	undraw_cursor
3721+ A303 2A 84 A2     		ld	hl,(cursor_w_curad)
3722+ A306 19           		add	hl,de
3723+ A307 22 84 A2     		ld	(cursor_w_curad),hl
3724+ A30A CD 16 A3     		call	draw_cursor
3725+ A30D C9           		ret
3726+ A30E
3727+ A30E 2A 84 A2     undraw_cursor	ld	hl,(cursor_w_curad)
3728+ A311 7E           		ld	a,(hl)
3729+ A312 E6 F7        		and	no_curs
3730+ A314              ;		and	%11110111
3731+ A314 18 06        		jr	dc_1
3732+ A316 2A 84 A2     draw_cursor	ld	hl,(cursor_w_curad)
3733+ A319 7E           		ld	a,(hl)
3734+ A31A              ;		or	%00001000
3735+ A31A F6 08        		or	cursor
3736+ A31C
3737+ A31C 06 1D        dc_1		ld	b,cursor_len
3738+ A31E 77           dc_2		ld	(hl),a
3739+ A31F 23           		inc	hl
3740+ A320 10 FC        		djnz	dc_2
3741+ A322 AF           		xor	a			;A=0 to avoid artifical key press
3742+ A323 C9           		ret
3743+ A324 ~            /*
3744+ A324 ~            undraw_cursor	ld	a,unmark_no_curs
3745+ A324 ~            		jr	dc_1
3746+ A324 ~            draw_cursor	ld	a,unmark_cursor
3747+ A324 ~            dc_1		ld	hl,(cursor_w_curad)
3748+ A324 ~            		ld	b,cursor_len
3749+ A324 ~            dc_2		ld	(hl),a
3750+ A324 ~            		inc	hl
3751+ A324 ~            		djnz	dc_2
3752+ A324 ~            		xor	a			;A=0 to avoid artifical key press
3753+ A324 ~            		ret
3754+ A324 ~            */
3755+ A324              ;------------------------------
3756+ A324              	IFDEF	DUAL_GUI_TEST
3757+ A324 10 46 45 61  TEXT1	dc	16,70,"EasySD 1.1 - MB03+"
3757+ A328 73 79 53 44
3757+ A32C 20 31 2E 31
3757+ A330 20 2D 20 4D
3757+ A334 42 30 33 AB
3758+ A338              	ELSE
3759+ A338 ~            	IFDEF	ELEMENT
3760+ A338 ~            TEXT1	dc	16,70,"EasySD 1.0-eLeMeNtZX"
3761+ A338 ~            	ELSE
3762+ A338 ~            TEXT1	dc	16,70,"EasySD 1.0 - MB03+"
3763+ A338 ~            	ENDIF
3764+ A338              	ENDIF
3765+ A338 10 03 7F 20  TEXT2	dc	16,3,127," MB03+ team 2026"
3765+ A33C 4D 42 30 33
3765+ A340 2B 20 74 65
3765+ A344 61 6D 20 32
3765+ A348 30 32 B6
3766+ A34B              ;TEXT3	dc	16,70,"MASTER DISK:"
3767+ A34B 10 46 53 44  TEXT3	dc	16,70,"SDcard:"
3767+ A34F 63 61 72 64
3767+ A353 BA
3768+ A354 10 46 53 44  TEXT_SD1	dc	16,70,"SD1 card:"
3768+ A358 31 20 63 61
3768+ A35C 72 64 BA
3769+ A35F 10 46 53 44  TEXT_SD2	dc	16,70,"SD2 card:"
3769+ A363 32 20 63 61
3769+ A367 72 64 BA
3770+ A36A              ;TEXT4	dc	16,70,"Model:"
3771+ A36A 10 46 50 72  TEXT4	dc	16,70,"ProductRevisionNr.:"
3771+ A36E 6F 64 75 63
3771+ A372 74 52 65 76
3771+ A376 69 73 69 6F
3771+ A37A 6E 4E 72 2E
3771+ A37E BA
3772+ A37F              ;TEXT5	dc	16,70,"Firmware:"
3773+ A37F 10 46 50 72  TEXT5	dc	16,70,"ProductSerialNr.:"
3773+ A383 6F 64 75 63
3773+ A387 74 53 65 72
3773+ A38B 69 61 6C 4E
3773+ A38F 72 2E BA
3774+ A392              ;TEXT6	dc	16,70,"Serial number:"
3775+ A392 10 46 4D 61  TEXT6	dc	16,70,"Manufacturing date:"
3775+ A396 6E 75 66 61
3775+ A39A 63 74 75 72
3775+ A39E 69 6E 67 20
3775+ A3A2 64 61 74 65
3775+ A3A6 BA
3776+ A3A7              ;TEXT7	dc	16,70,"LBA28-bit:     LBA48-bit:     DMA:"
3777+ A3A7 10 46 52 65  TEXT7	dc	16,70,"ReadBlLen:       SDcard size: "
3777+ A3AB 61 64 42 6C
3777+ A3AF 4C 65 6E 3A
3777+ A3B3 20 20 20 20
3777+ A3B7 20 20 20 53
3777+ A3BB 44 63 61 72
3777+ A3BF 64 20 73 69
3777+ A3C3 7A 65 3A A0
3778+ A3C7              ;TEXT8	dc	16,70,"SLAVE DISK:"
3779+ A3C7 10 42 63 68  TEXT8	dc	16,66,"checking..."
3779+ A3CB 65 63 6B 69
3779+ A3CF 6E 67 2E 2E
3779+ A3D3 AE
3780+ A3D4 10 42 4E 6F  TEXT_SD_NOT_FOUND	dc	16,66,"Not Found  "	; 11 znaku = prepise cele "checking..."
3780+ A3D8 74 20 46 6F
3780+ A3DC 75 6E 64 20
3780+ A3E0 A0
3781+ A3E1              	IFDEF DUAL_GUI_TEST
3782+ A3E1 10 46 53 44  TEXT_DUAL_SD1_CARD	dc	16,70,"SD1: "
3782+ A3E5 31 3A A0
3783+ A3E8 10 46 53 44  TEXT_DUAL_SD2_CARD	dc	16,70,"SD2: "
3783+ A3EC 32 3A A0
3784+ A3EF 10 46 52 65  TEXT_DUAL_REV		dc	16,70,"Rev:"
3784+ A3F3 76 BA
3785+ A3F5 10 46 53 4E  TEXT_DUAL_SN		dc	16,70,"SN:"
3785+ A3F9 BA
3786+ A3FA 10 46 43 53  TEXT_DUAL_CSD		dc	16,70,"CSD:"
3786+ A3FE 44 BA
3787+ A400 10 46 44 61  TEXT_DUAL_DATE		dc	16,70,"Date:"
3787+ A404 74 65 BA
3788+ A407 10 46 52 42  TEXT_DUAL_RBL		dc	16,70,"RBL:"
3788+ A40B 4C BA
3789+ A40D 10 46 53 69  TEXT_DUAL_SIZE		dc	16,70,"Size:"
3789+ A411 7A 65 BA
3790+ A414 10 42 6E 6F  TEXT_DUAL_NOT_INSERTED dc	16,66,"not inserted"
3790+ A418 74 20 69 6E
3790+ A41C 73 65 72 74
3790+ A420 65 E4
3791+ A422 10 02 4E 6F  TEXT_DUAL_NO_CARDS	dc	16,2,"No card"
3791+ A426 20 63 61 72
3791+ A42A E4
3792+ A42B 10 43 55 50  TEXT_DUAL_STAGE3	dc	16,67,"UP/DOWN ENTER SPACE=go EDIT=exit"
3792+ A42F 2F 44 4F 57
3792+ A433 4E 20 45 4E
3792+ A437 54 45 52 20
3792+ A43B 53 50 41 43
3792+ A43F 45 3D 67 6F
3792+ A443 20 45 44 49
3792+ A447 54 3D 65 78
3792+ A44B 69 F4
3793+ A44D 10 42 53 65  TEXT_DUAL_SELECT_ONE	dc	16,66,"Select at least one partition"
3793+ A451 6C 65 63 74
3793+ A455 20 61 74 20
3793+ A459 6C 65 61 73
3793+ A45D 74 20 6F 6E
3793+ A461 65 20 70 61
3793+ A465 72 74 69 74
3793+ A469 69 6F EE
3794+ A46C 10 43 53 65  TEXT_DUAL_SELECTED	dc	16,67,"Selected:"
3794+ A470 6C 65 63 74
3794+ A474 65 64 BA
3795+ A477 10 43 53 44  TEXT_DUAL_SELECTED_SD1 dc	16,67,"SD1:P"
3795+ A47B 31 3A D0
3796+ A47E 10 43 53 44  TEXT_DUAL_SELECTED_SD2 dc	16,67,"SD2:P"
3796+ A482 32 3A D0
3797+ A485 10 43 70 72  TEXT_DUAL_RESULT_KEY	dc	16,67,"press key"
3797+ A489 65 73 73 20
3797+ A48D 6B 65 F9
3798+ A490 10 42 45 61  TEXT_EASYCF_REQUIRED	dc	16,66,"EasyCF required, press a key"
3798+ A494 73 79 43 46
3798+ A498 20 72 65 71
3798+ A49C 75 69 72 65
3798+ A4A0 64 2C 20 70
3798+ A4A4 72 65 73 73
3798+ A4A8 20 61 20 6B
3798+ A4AC 65 F9
3799+ A4AE              	ENDIF
3800+ A4AE 10 42 53 44  TEXT_BAD_SD_PAGE	dc	16,66,"SD page must be 6-32, press a key"
3800+ A4B2 20 70 61 67
3800+ A4B6 65 20 6D 75
3800+ A4BA 73 74 20 62
3800+ A4BE 65 20 36 2D
3800+ A4C2 33 32 2C 20
3800+ A4C6 70 72 65 73
3800+ A4CA 73 20 61 20
3800+ A4CE 6B 65 F9
3801+ A4D1
3802+ A4D1 54 6F 74 61  TEXT9	db	"Total LBA 48 bi"
3802+ A4D5 6C 20 4C 42
3802+ A4D9 41 20 34 38
3802+ A4DD 20 62 69
3803+ A4E0 74 20 73 65  	dc	"t sec.:"
3803+ A4E4 63 2E BA
3804+ A4E7 53 74 61 72  TEXT10	db	"Start cloning ("
3804+ A4EB 74 20 63 6C
3804+ A4EF 6F 6E 69 6E
3804+ A4F3 67 20 28
3805+ A4F6 31 2F 32 2F  	dc	"1/2/n)"
3805+ A4FA 6E A9
3806+ A4FC 10 42 44 69  TEXT11	dc	16,66,"Disk time out"
3806+ A500 73 6B 20 74
3806+ A504 69 6D 65 20
3806+ A508 6F 75 F4
3807+ A50B 10 42 53 74  TEXT12	dc	16,66,"Status b0 error"
3807+ A50F 61 74 75 73
3807+ A513 20 62 30 20
3807+ A517 65 72 72 6F
3807+ A51B F2
3808+ A51C 10 42 44 52  TEXT13	dc	16,66,"DRQ error      "
3808+ A520 51 20 65 72
3808+ A524 72 6F 72 20
3808+ A528 20 20 20 20
3808+ A52C A0
3809+ A52D 10 42 44 72  TEXT14	dc	16,66,"Drive not ready"
3809+ A531 69 76 65 20
3809+ A535 6E 6F 74 20
3809+ A539 72 65 61 64
3809+ A53D F9
3810+ A53E 10 42 4F 74  TEXT15	dc	16,66,"Other error    "
3810+ A542 68 65 72 20
3810+ A546 65 72 72 6F
3810+ A54A 72 20 20 20
3810+ A54E A0
3811+ A54F 10 45 4F 4B  TEXT16	db	16,69,"OK             "
3811+ A553 20 20 20 20
3811+ A557 20 20 20 20
3811+ A55B 20 20 20 20
3811+ A55F 20
3812+ A560 20 20 20 20  	dc	"     "
3812+ A564 A0
3813+ A565              	IFNDEF DUAL_GUI_TEST
3814+ A565 ~            TEXT17	dc	16,70,"DMA Speed:"
3815+ A565 ~            TEXT18	db	16,70,"Port: "
3816+ A565 ~            	db	16,69
3817+ A565 ~            	dc	"3T"
3818+ A565 ~            TEXT19	db	16,70,"Memory: "
3819+ A565 ~            	db	16,69
3820+ A565 ~            	dc	"3T"
3821+ A565              	ENDIF
3822+ A565              ;/*
3823+ A565              ;TEXT17	db	"Read errors:   "
3824+ A565              ;	dc	"    "
3825+ A565              ;TEXT18	db	"Write errors:  "
3826+ A565              ;	dc	"   "
3827+ A565              ;TEXT19	db	"Sector counter:"
3828+ A565              ;	dc	"     "
3829+ A565              ;TEXT20	db	"---------------"
3830+ A565              ;	db	"---------------"
3831+ A565              ;	dc	"----------"
3832+ A565              ;TEXT21	db	"WARNING! "
3833+ A565              ;	db	"Drives aren't i"
3834+ A565              ;	dc	"dentical!!!"
3835+ A565              ;TEXT22	db	"Drives are "
3836+ A565              ;	dc	"idencial"
3837+ A565              ;TEXT23	db	"Cloning complet"
3838+ A565              ;	dc	"ed"
3839+ A565              ;TEXT24	dc	"1. COUNTDOWN"
3840+ A565              ;TEXT25	dc	"2. COUNTUP"
3841+ A565              ;*/
3842+ A565              TEXT_YES
3843+ A565 10 45 59 65  	dc	16,69,"Yes"
3843+ A569 F3
3844+ A56A 10 45 4E EF  TEXT_NO	dc	16,69,"No"
3845+ A56E              TEXT_CLR
3846+ A56E 20 20 20 20  	db	"               "
3846+ A572 20 20 20 20
3846+ A576 20 20 20 20
3846+ A57A 20 20 20
3847+ A57D 20 20 20 20  	db	"               "
3847+ A581 20 20 20 20
3847+ A585 20 20 20 20
3847+ A589 20 20 20
3848+ A58C 20 20 20 20  	dc	"         "
3848+ A590 20 20 20 20
3848+ A594 A0
3849+ A595
3850+ A595              ;TEXT100	dc	16,67,"Press a key to install to partition "
3851+ A595 10 43 49 6E  TEXT100		dc	16,67,"Installed to partition "
3851+ A599 73 74 61 6C
3851+ A59D 6C 65 64 20
3851+ A5A1 74 6F 20 70
3851+ A5A5 61 72 74 69
3851+ A5A9 74 69 6F 6E
3851+ A5AD A0
3852+ A5AE 10 43 2C 20  TEXT_PRESS_KEY	dc	16,67,", press a key"
3852+ A5B2 70 72 65 73
3852+ A5B6 73 20 61 20
3852+ A5BA 6B 65 F9
3853+ A5BD 10 43 52 75  TEXT_AUTOSYS	dc	16,67,"Running AUTOSYS..."
3853+ A5C1 6E 6E 69 6E
3853+ A5C5 67 20 41 55
3853+ A5C9 54 4F 53 59
3853+ A5CD 53 2E 2E AE
3854+ A5D1 10 43 41 55  TEXT_AUTOSYS_NOT_FOUND	dc	16,67,"AUTOSYS not found, press a key"
3854+ A5D5 54 4F 53 59
3854+ A5D9 53 20 6E 6F
3854+ A5DD 74 20 66 6F
3854+ A5E1 75 6E 64 2C
3854+ A5E5 20 70 72 65
3854+ A5E9 73 73 20 61
3854+ A5ED 20 6B 65 F9
3855+ A5F1              ;TEXT101	dc	16,70,"C/H/S:"
3856+ A5F1              ;TEXT101	dc	"Permanent WP:      Temporal WP:"
3857+ A5F1 10 46 43 61  TEXT102	db	16,70,"Capacity: "
3857+ A5F5 70 61 63 69
3857+ A5F9 74 79 3A 20
3858+ A5FD 10 45 20 20  	dc	16,69,"     MB"
3858+ A601 20 20 20 4D
3858+ A605 C2
3859+ A606              TEXTPARSEC
3860+ A606              ;	db	16,70,"Par  1stParSec  1stDatSec 1stFile"
3861+ A606 10 46 50 61  	db	16,70,"Par  1stParSec 1st_MBDFile  1stDatSec"
3861+ A60A 72 20 20 31
3861+ A60E 73 74 50 61
3861+ A612 72 53 65 63
3861+ A616 20 31 73 74
3861+ A61A 5F 4D 42 44
3861+ A61E 46 69 6C 65
3861+ A622 20 20 31 73
3861+ A626 74 44 61 74
3861+ A62A 53 65 63
3862+ A62D 10 45 A0     	dc	16,69," "
3863+ A630
3864+ A630              ;TEXTDATASEC
3865+ A630              ;	db	16,70,"1st Data Sec.:"
3866+ A630              ;	dc	16,69," "
3867+ A630
3868+ A630 50 61 6E 61  Manufacturer1	dc	"Panasonic"
3868+ A634 73 6F 6E 69
3868+ A638 E3
3869+ A639 54 6F 73 68  Manufacturer2	dc	"Toshiba / Kioxia"
3869+ A63D 69 62 61 20
3869+ A641 2F 20 4B 69
3869+ A645 6F 78 69 E1
3870+ A649 53 61 6E 44  Manufacturer3	dc	"SanDisk"
3870+ A64D 69 73 EB
3871+ A650 53 61 6D 73  Manufacturer1b	dc	"Samsung"
3871+ A654 75 6E E7
3872+ A657 41 44 61 74  Manufacturer1d	dc	"AData"
3872+ A65B E1
3873+ A65C 50 68 69 73  Manufacturer27	dc	"Phison"
3873+ A660 6F EE
3874+ A662 53 69 6C 69  Manufacturer31	dc	"Silicon Power"
3874+ A666 63 6F 6E 20
3874+ A66A 50 6F 77 65
3874+ A66E F2
3875+ A66F 54 72 61 6E  Manufacturer74	dc	"Transcend"
3875+ A673 73 63 65 6E
3875+ A677 E4
3876+ A678 4B 69 6E 67  Manufacturer9f	dc	"Kingston"
3876+ A67C 73 74 6F EE
3877+ A680 4F 74 68 65  ManufacturerOther	dc	"Other"
3877+ A684 F2
3878+ A685 AC           carka		dc	","
3879+ A686 AF           lomeno		dc	"/"
3880+ A687 20 C7        TEXT_GB		dc	" G"
3881+ A689 30 2E B0     REV_TEXT	db	"0.","0"+#80	; CID Product Revision, napr. #61 -> 6.1
3882+ A68C 43 53 44 BA  TEXT_CSD	dc	"CSD:"
3883+ A690 31 2E B0     TEXT_10		dc	"1.0"
3884+ A693 32 2E B0     TEXT_20		dc	"2.0"
3885+ A696 50 61 72 74  TEXT_PART_TYPE	dc	"Partition type:"
3885+ A69A 69 74 69 6F
3885+ A69E 6E 20 74 79
3885+ A6A2 70 65 BA
3886+ A6A5 10 45 46 31  TEXT_FAT16	dc	16,69,"F16"		; platna FAT partition vzdy cyan
3886+ A6A9 B6
3887+ A6AA 10 45 46 33  TEXT_FAT32	dc	16,69,"F32"		; platna FAT partition vzdy cyan
3887+ A6AE B2
3888+ A6AF 10 42 4E 54  TEXT_NTFS	dc	16,66,"NTFS"
3888+ A6B3 46 D3
3889+ A6B5 10 42 65 78  TEXT_EXFAT	dc	16,66,"exFAT"
3889+ A6B9 46 41 D4
3890+ A6BC 10 42 4C 69  TEXT_LINUX	dc	16,66,"Linux"
3890+ A6C0 6E 75 F8
3891+ A6C3 10 42 47 50  TEXT_GPT	dc	16,66,"GPT"
3891+ A6C7 D4
3892+ A6C8 10 42 45 78  TEXT_EXTENDED	dc	16,66,"Extended"
3892+ A6CC 74 65 6E 64
3892+ A6D0 65 E4
3893+ A6D2 10 42 4F 74  TEXT_OTHER	dc	16,66,"Other"		;muzeme si dovolit delsi text, bude na radku sam
3893+ A6D6 68 65 F2
3894+ A6D9 10 45 53 46  TEXT_SFL16	dc	16,69,"SFl_F16"	; superfloppy FAT16 cyan
3894+ A6DD 6C 5F 46 31
3894+ A6E1 B6
3895+ A6E2 10 45 53 46  TEXT_SFL32	dc	16,69,"SFl_F32"	; superfloppy FAT32 cyan
3895+ A6E6 6C 5F 46 33
3895+ A6EA B2
3896+ A6EB 10 42 4E 6F  TEXT_NODATA	dc	16,66,"No Data"
3896+ A6EF 20 44 61 74
3896+ A6F3 E1
3897+ A6F4 10 42 50 61  TEXT_PART_EMPTY	dc	16,66,"Partittion empty"
3897+ A6F8 72 74 69 74
3897+ A6FC 74 69 6F 6E
3897+ A700 20 65 6D 70
3897+ A704 74 F9
3898+ A706 10 42 4E 6F  TEXT_NO_VALID	dc	16,66,"No valid partition found, press a key"
3898+ A70A 20 76 61 6C
3898+ A70E 69 64 20 70
3898+ A712 61 72 74 69
3898+ A716 74 69 6F 6E
3898+ A71A 20 66 6F 75
3898+ A71E 6E 64 2C 20
3898+ A722 70 72 65 73
3898+ A726 73 20 61 20
3898+ A72A 6B 65 F9
3899+ A72D 10 42 50 61  TEXT_PART_NOUSE	dc	16,66,"Partition not usable, try again"
3899+ A731 72 74 69 74
3899+ A735 69 6F 6E 20
3899+ A739 6E 6F 74 20
3899+ A73D 75 73 61 62
3899+ A741 6C 65 2C 20
3899+ A745 74 72 79 20
3899+ A749 61 67 61 69
3899+ A74D EE
3900+ A74E              ;TEXT_MAKE_SELEC	dc	16,67,"Make selection. Press <EDIT> to exit"
3901+ A74E 10 43 50 72  TEXT_MAKE_SELEC	dc	16,67,"Press ENTER to select, EDIT to exit"
3901+ A752 65 73 73 20
3901+ A756 45 4E 54 45
3901+ A75A 52 20 74 6F
3901+ A75E 20 73 65 6C
3901+ A762 65 63 74 2C
3901+ A766 20 45 44 49
3901+ A76A 54 20 74 6F
3901+ A76E 20 65 78 69
3901+ A772 F4
3902+ A773              ;------------------------------
3903+ A773              ;------------------------------
3904+ A773              T_X	equ	0
3905+ A773              T_Y	equ	0
3906+ A773              T_XLEN	equ	31
3907+ A773              T_YLEN	equ	24
3908+ A773              T_ATTR1	equ	%01010110
3909+ A773              T_ATTR2	equ	%01000110
3910+ A773              T_ATTR3	equ	70
3911+ A773              ;------------------------------
3912+ A773              T_START
3913+ A773 06 01        T_ATTR	ld	b,T_Y+1
3914+ A775 11 20 00     	ld	de,32
3915+ A778 21 E0 57     	ld	hl,22528+T_X-32
3916+ A77B 19           T_COL1	add	hl,de
3917+ A77C 10 FD        	djnz	T_COL1
3918+ A77E 01 1F 00     	ld	bc,T_XLEN
3919+ A781 54           	ld	d,h
3920+ A782 5D           	ld	e,l
3921+ A783 13           	inc	de
3922+ A784 36 56        	ld	(hl),T_ATTR1
3923+ A786 E5           	push	hl
3924+ A787 C5           	push	bc
3925+ A788 ED B0        	ldir
3926+ A78A C1           	pop	bc
3927+ A78B E1           	pop	hl
3928+ A78C 0B           	dec	bc
3929+ A78D 3E 18        	ld	a,T_YLEN
3930+ A78F 3D           	dec	a
3931+ A790 11 20 00     	ld	de,32
3932+ A793 19           	add	hl,de
3933+ A794 E5           T_COL2	push	hl
3934+ A795 C5           	push	bc
3935+ A796 D5           	push	de
3936+ A797 36 46        	ld	(hl),T_ATTR2
3937+ A799 54           	ld	d,h
3938+ A79A 5D           	ld	e,l
3939+ A79B 13           	inc	de
3940+ A79C ED B0        	ldir
3941+ A79E EB           	ex	de,hl
3942+ A79F 36 56        	ld	(hl),T_ATTR1
3943+ A7A1 D1           	pop	de
3944+ A7A2 C1           	pop	bc
3945+ A7A3 E1           	pop	hl
3946+ A7A4 19           	add	hl,de
3947+ A7A5 3D           	dec	a
3948+ A7A6 20 EC        	jr	nz,T_COL2
3949+ A7A8
3950+ A7A8              T_CARY
3951+ A7A8 06 00        	ld	b,T_Y
3952+ A7AA 0E 00        	ld	c,T_X
3953+ A7AC 21 11 A8     	ld	hl,T_HELP1
3954+ A7AF C5           	push	bc
3955+ A7B0 CD D3 A7     	call	T_ONE
3956+ A7B3 C1           	pop	bc
3957+ A7B4 04           	inc	b
3958+ A7B5 21 14 A8     	ld	hl,T_HELP2
3959+ A7B8 C5           	push	bc
3960+ A7B9 CD D3 A7     	call	T_ONE
3961+ A7BC C1           	pop	bc
3962+ A7BD 04           	inc	b
3963+ A7BE 3E 18        	ld	a,T_YLEN
3964+ A7C0 D6 03        	sub	3
3965+ A7C2 21 17 A8     T_CAR1	ld	hl,T_HELP3
3966+ A7C5 C5           	push	bc
3967+ A7C6 F5           	push	af
3968+ A7C7 CD D3 A7     	call	T_ONE
3969+ A7CA F1           	pop	af
3970+ A7CB C1           	pop	bc
3971+ A7CC 04           	inc	b
3972+ A7CD 3D           	dec	a
3973+ A7CE 20 F2        	jr	nz,T_CAR1
3974+ A7D0 21 1A A8     	ld	hl,T_HELP4
3975+ A7D3
3976+ A7D3 7E           T_ONE	ld	a,(hl)
3977+ A7D4 E5           	push	hl
3978+ A7D5 C5           	push	bc
3979+ A7D6 CD F0 A7     	call	T_ZNAK
3980+ A7D9 C1           	pop	bc
3981+ A7DA E1           	pop	hl
3982+ A7DB 0C           	inc	c
3983+ A7DC 23           	inc	hl
3984+ A7DD 16 1E        	ld	d,T_XLEN-1
3985+ A7DF 5E           	ld	e,(hl)
3986+ A7E0 E5           	push	hl
3987+ A7E1 C5           T_CYKL	push	bc
3988+ A7E2 D5           	push	de
3989+ A7E3 7B           	ld	a,e
3990+ A7E4 CD F0 A7     	call	T_ZNAK
3991+ A7E7 D1           	pop	de
3992+ A7E8 C1           	pop	bc
3993+ A7E9 0C           	inc	c
3994+ A7EA 15           	dec	d
3995+ A7EB 20 F4        	jr	nz,T_CYKL
3996+ A7ED E1           	pop	hl
3997+ A7EE 23           	inc	hl
3998+ A7EF 7E           	ld	a,(hl)
3999+ A7F0
4000+ A7F0 26 00        T_ZNAK	ld	h,0
4001+ A7F2 6F           	ld	l,a
4002+ A7F3 11 1D A8     	ld	de,T_0
4003+ A7F6 29           	add	hl,hl
4004+ A7F7 29           	add	hl,hl
4005+ A7F8 29           	add	hl,hl
4006+ A7F9 19           	add	hl,de
4007+ A7FA 78           	ld	a,b
4008+ A7FB 0F           	rrca
4009+ A7FC 0F           	rrca
4010+ A7FD 0F           	rrca
4011+ A7FE E6 E0        	and	#E0
4012+ A800 81           	add	a,c
4013+ A801 5F           	ld	e,a
4014+ A802 78           	ld	a,b
4015+ A803 E6 18        	and	#18
4016+ A805 F6 40        	or	#40
4017+ A807 57           	ld	d,a
4018+ A808 06 08        	ld	b,8
4019+ A80A 7E           T_ZNA1	ld	a,(hl)
4020+ A80B 12           	ld	(de),a
4021+ A80C 23           	inc	hl
4022+ A80D 14           	inc	d
4023+ A80E 10 FA        	djnz	T_ZNA1
4024+ A810 C9           	ret
4025+ A811
4026+ A811 00 01 02     T_HELP1	defb	0,1,2
4027+ A814 03 0A 06     T_HELP2	defb	3,10,6
4028+ A817 03 0A 04     T_HELP3	defb	3,10,4
4029+ A81A 05 09 07     T_HELP4	defb	5,9,7
4030+ A81D
4031+ A81D FF           T_0	defb	255
4032+ A81E 81           	defb	129
4033+ A81F 81           	defb	129
4034+ A820 BD           	defb	189
4035+ A821 BD           	defb	189
4036+ A822 81           	defb	129
4037+ A823 81           	defb	129
4038+ A824 FF           	defb	255
4039+ A825 FF           T_1	defb	255
4040+ A826 00           	defb	0
4041+ A827 00           	defb	0
4042+ A828 00           	defb	0
4043+ A829 00           	defb	0
4044+ A82A 00           	defb	0
4045+ A82B 00           	defb	0
4046+ A82C FF           	defb	255
4047+ A82D FF           T_2	defb	255
4048+ A82E 81           	defb	129
4049+ A82F B9           	defb	%10111001
4050+ A830 B9           	defb	%10111001
4051+ A831 9D           	defb	%10011101
4052+ A832 9D           	defb	%10011101
4053+ A833 81           	defb	129
4054+ A834 FF           	defb	255
4055+ A835 80           T_3	defb	128
4056+ A836 80           	defb	128
4057+ A837 80           	defb	128
4058+ A838 80           	defb	128
4059+ A839 80           	defb	128
4060+ A83A 80           	defb	128
4061+ A83B 80           	defb	128
4062+ A83C 80           	defb	128
4063+ A83D 81           T_4	defb	129
4064+ A83E 81           	defb	129
4065+ A83F 81           	defb	129
4066+ A840 81           	defb	129
4067+ A841 81           	defb	129
4068+ A842 81           	defb	129
4069+ A843 81           	defb	129
4070+ A844 81           	defb	129
4071+ A845 80           T_5	defb	128
4072+ A846 80           	defb	128
4073+ A847 80           	defb	128
4074+ A848 80           	defb	128
4075+ A849 80           	defb	128
4076+ A84A 80           	defb	128
4077+ A84B 80           	defb	128
4078+ A84C FF           	defb	255
4079+ A84D FF           T_6	defb	255
4080+ A84E 81           	defb	129
4081+ A84F 99           	defb	153
4082+ A850 BD           	defb	189
4083+ A851 99           	defb	153
4084+ A852 99           	defb	153
4085+ A853 81           	defb	129
4086+ A854 FF           	defb	255
4087+ A855 FF           T_7	defb	255
4088+ A856 81           	defb	129
4089+ A857 99           	defb	153
4090+ A858 99           	defb	153
4091+ A859 BD           	defb	189
4092+ A85A 99           	defb	153
4093+ A85B 81           	defb	129
4094+ A85C FF           	defb	255
4095+ A85D FF           T_8	defb	255
4096+ A85E 81           	defb	129
4097+ A85F 81           	defb	129
4098+ A860 99           	defb	153
4099+ A861 99           	defb	153
4100+ A862 81           	defb	129
4101+ A863 81           	defb	129
4102+ A864 FF           	defb	255
4103+ A865 00           T_9	defb	0
4104+ A866 00           	defb	0
4105+ A867 00           	defb	0
4106+ A868 00           	defb	0
4107+ A869 00           	defb	0
4108+ A86A 00           	defb	0
4109+ A86B 00           	defb	0
4110+ A86C FF           	defb	255
4111+ A86D 00           T_10	defb	0
4112+ A86E 00           	defb	0
4113+ A86F 00           	defb	0
4114+ A870 00           	defb	0
4115+ A871 00           	defb	0
4116+ A872 00           	defb	0
4117+ A873 00           	defb	0
4118+ A874 00           	defb	0
4119+ A875              ;------------------------------
4120+ A875              ;TISK CISLA BC-POZICE HL-HODNOT
4121+ A875              ;TISKNE CISLO TYPU INTEGER
4122+ A875              ;STAR-RUTINA TISKU 1 ZNAKU NA
4123+ A875              ;POZICI BC (0,0)
4124+ A875 11 F0 D8     NUMBER4	ld	de,-10000
4125+ A878 CD 96 A8     	call	NUM_JED
4126+ A87B 11 18 FC     NUMBER3	ld	de,-1000
4127+ A87E CD 96 A8     	call	NUM_JED
4128+ A881 11 9C FF     NUMBER2	ld	de,-100
4129+ A884 CD 96 A8     	call	NUM_JED
4130+ A887 11 F6 FF     NUMBER1	ld	de,-10
4131+ A88A CD 96 A8     	call	NUM_JED
4132+ A88D 7D           NUMBER0	ld	a,l
4133+ A88E C6 30        	add	a,48
4134+ A890 C5           	push	bc		;new
4135+ A891 CD E2 A8     	call	T42
4136+ A894 C1           	pop	bc
4137+ A895 C9           	ret
4138+ A896
4139+ A896 AF           NUM_JED	xor	a
4140+ A897              NUM_JED1
4141+ A897 19           	add	hl,de
4142+ A898 30 03        	jr	nc,NUM_PRIC
4143+ A89A 3C           	inc	a
4144+ A89B 18 FA        	jr	NUM_JED1
4145+ A89D              NUM_PRIC
4146+ A89D ED 52        	sbc	hl,de
4147+ A89F C6 30        	add	a,48
4148+ A8A1 C5           	push	bc
4149+ A8A2 E5           	push	hl
4150+ A8A3 CD E2 A8     	call	T42
4151+ A8A6 E1           	pop	hl
4152+ A8A7 C1           	pop	bc
4153+ A8A8 0C           	inc	c
4154+ A8A9 C9           	ret
4155+ A8AA              ;/*
4156+ A8AA              ;T42_TEXT ld	a,(hl)
4157+ A8AA              ;	and	127
4158+ A8AA              ;	push	hl
4159+ A8AA              ;	push	bc
4160+ A8AA              ;	call	T42
4161+ A8AA              ;	pop	bc
4162+ A8AA              ;	pop	hl
4163+ A8AA              ;	inc	c
4164+ A8AA              ;	ld	a,(hl)
4165+ A8AA              ;	rla
4166+ A8AA              ;	inc	hl
4167+ A8AA              ;	jr	nc,T42_TEXT
4168+ A8AA              ;	ret
4169+ A8AA              ;*/
4170+ A8AA              ;Tisk textu 42 znaku na radek
4171+ A8AA              ;-umi tisknou v danych mezich urcenych promenymi t42_borb a t42_bore
4172+ A8AA              ;-posledni znak ma nastaveny bit7
4173+ A8AA              ;-podporuje enter 13
4174+ A8AA              ;-umi tiskout i barvy dle promene t42_att; pokud je nula neobarvuje
4175+ A8AA              ;-podporuje znemu barvy pres kod 16 nasledovany hodnotou attributu
4176+ A8AA              T42_TEXT
4177+ A8AA 7E           	ld	a,(hl)
4178+ A8AB E6 7F        	and	127
4179+ A8AD FE 0D        	cp	13
4180+ A8AF 28 19        	jr	z,T42_ZMEN
4181+ A8B1 FE 10        	cp	16
4182+ A8B3 28 23        	jr	z,T42_ZMENCOLOR
4183+ A8B5 E5           	push	hl
4184+ A8B6 C5           	push	bc
4185+ A8B7 CD E2 A8     	call	T42
4186+ A8BA C1           	pop	bc
4187+ A8BB E1           	pop	hl
4188+ A8BC 3A E0 A8     	ld	a,(T42_BORE)
4189+ A8BF 3D           	dec	a
4190+ A8C0 B9           	cp	c
4191+ A8C1 38 07        	jr	c,T42_ZMEN
4192+ A8C3 0C           	inc	c
4193+ A8C4              T42_BACK
4194+ A8C4 7E           	ld	a,(hl)
4195+ A8C5 17           	rla
4196+ A8C6 D8           	ret	c
4197+ A8C7 23           	inc	hl
4198+ A8C8 18 E0        	jr	T42_TEXT
4199+ A8CA
4200+ A8CA              T42_ZMEN
4201+ A8CA 3A DF A8     	ld	a,(T42_BORB)
4202+ A8CD 4F           	ld	c,a
4203+ A8CE 04           	inc	b
4204+ A8CF 78           	ld	a,b
4205+ A8D0 FE 18        	cp	24
4206+ A8D2 38 F0        	jr	c,T42_BACK
4207+ A8D4 06 00        	ld	b,0
4208+ A8D6 18 EC        	jr	T42_BACK
4209+ A8D8              T42_ZMENCOLOR
4210+ A8D8 23           	inc	hl
4211+ A8D9 7E           	ld	a,(hl)
4212+ A8DA 32 E1 A8     	ld	(T42_ATT),a
4213+ A8DD 18 E5        	jr	T42_BACK
4214+ A8DF
4215+ A8DF              T42_BORB
4216+ A8DF 01           	defb	1
4217+ A8E0              T42_BORE
4218+ A8E0 29           	defb	41
4219+ A8E1 00           T42_ATT	defb	0
4220+ A8E2
4221+ A8E2              ;Tisk 42 znaku na radek
4222+ A8E2              ;pocatek vlevo nahore (0,0)
4223+ A8E2
4224+ A8E2 11 A3 A8     T42	ld	de,T42_SADA-256
4225+ A8E5 26 00        	ld	h,0
4226+ A8E7 6F           	ld	l,a
4227+ A8E8 29           	add	hl,hl
4228+ A8E9 29           	add	hl,hl
4229+ A8EA 29           	add	hl,hl
4230+ A8EB 19           	add	hl,de
4231+ A8EC 78           	ld	a,b
4232+ A8ED 0F           	rrca
4233+ A8EE 0F           	rrca
4234+ A8EF 0F           	rrca
4235+ A8F0 E6 E0        	and	%11100000
4236+ A8F2 5F           	ld	e,a
4237+ A8F3 78           	ld	a,b
4238+ A8F4 E6 18        	and	%00011000
4239+ A8F6 F6 40        	or	%01000000
4240+ A8F8 57           	ld	d,a
4241+ A8F9 79           	ld	a,c
4242+ A8FA E6 3C        	and	%00111100
4243+ A8FC 0F           	rrca
4244+ A8FD 0F           	rrca
4245+ A8FE 47           	ld	b,a
4246+ A8FF 79           	ld	a,c
4247+ A900 E6 3C        	and	%00111100
4248+ A902 90           	sub	b
4249+ A903 83           	add	a,e
4250+ A904 5F           	ld	e,a
4251+ A905 79           	ld	a,c
4252+ A906 E6 03        	and	%00000011
4253+ A908 06 08        	ld	b,8
4254+ A90A 20 0B        	jr	nz,T42_T123
4255+ A90C 1A           T42_T0	ld	a,(de)
4256+ A90D E6 03        	and	%00000011
4257+ A90F B6           	or	(hl)
4258+ A910 12           	ld	(de),a
4259+ A911 14           	inc	d
4260+ A912 23           	inc	hl
4261+ A913 10 F7        	djnz	T42_T0
4262+ A915 18 68        	jr	T42_COLOR
4263+ A917              ;	ret
4264+ A917
4265+ A917              T42_T123
4266+ A917 FE 02        	cp	2
4267+ A919 38 13        	jr	c,T42_T1
4268+ A91B 28 29        	jr	z,T42_T2
4269+ A91D 1C           T42_T3	inc	e
4270+ A91E 1C           	inc	e
4271+ A91F 1A           T42_T31	ld	a,(de)
4272+ A920 E6 C0        	and	%11000000
4273+ A922 4F           	ld	c,a
4274+ A923 7E           	ld	a,(hl)
4275+ A924 0F           	rrca
4276+ A925 0F           	rrca
4277+ A926 B1           	or	c
4278+ A927 12           	ld	(de),a
4279+ A928 14           	inc	d
4280+ A929 23           	inc	hl
4281+ A92A 10 F3        	djnz	T42_T31
4282+ A92C 18 51        	jr	T42_COLOR
4283+ A92E
4284+ A92E              ;	ret
4285+ A92E
4286+ A92E AF           T42_T1	xor	a
4287+ A92F 32 6C A9     	ld	(T42_P3),a
4288+ A932 32 6D A9     	ld	(T42_P4),a
4289+ A935 3E FC        	ld	a,%11111100
4290+ A937 32 67 A9     	ld	(T42_P1+1),a
4291+ A93A 2F           	cpl
4292+ A93B CD 60 A9     	call	T42_P_A
4293+ A93E 3E 0F        	ld	a,%00001111
4294+ A940 32 67 A9     	ld	(T42_P1+1),a
4295+ A943 2F           	cpl
4296+ A944 18 18        	jr	T42_P_B
4297+ A946
4298+ A946 1C           T42_T2	inc	e
4299+ A947 3E 07        	ld	a,7
4300+ A949 32 6C A9     	ld	(T42_P3),a
4301+ A94C 32 6D A9     	ld	(T42_P4),a
4302+ A94F 3E F0        	ld	a,%11110000
4303+ A951 32 67 A9     	ld	(T42_P1+1),a
4304+ A954 2F           	cpl
4305+ A955 CD 60 A9     	call	T42_P_A
4306+ A958 3E 3F        	ld	a,%00111111
4307+ A95A 32 67 A9     	ld	(T42_P1+1),a
4308+ A95D 2F           	cpl
4309+ A95E
4310+ A95E 06 08        T42_P_B	ld	b,8
4311+ A960 32 6F A9     T42_P_A	ld	(T42_P2+1),a
4312+ A963 E5           	push	hl
4313+ A964 D5           	push	de
4314+ A965 1A           T42_P0	ld	a,(de)
4315+ A966 E6 00        T42_P1	and	0
4316+ A968 4F           	ld	c,a
4317+ A969 7E           	ld	a,(hl)
4318+ A96A 07           	rlca
4319+ A96B 07           	rlca
4320+ A96C 00           T42_P3	nop
4321+ A96D 00           T42_P4	nop
4322+ A96E E6 00        T42_P2	and	0
4323+ A970 B1           	or	c
4324+ A971 12           	ld	(de),a
4325+ A972 14           	inc	d
4326+ A973 23           	inc	hl
4327+ A974 10 EF        	djnz	T42_P0
4328+ A976
4329+ A976 D5           	push	de
4330+ A977 CD 7F A9     	call	T42_COLOR
4331+ A97A D1           	pop	de
4332+ A97B              ; podpora barev
4333+ A97B D1           	pop	de
4334+ A97C E1           	pop	hl
4335+ A97D 1C           	inc	e
4336+ A97E
4337+ A97E C9           	ret
4338+ A97F
4339+ A97F              T42_COLOR
4340+ A97F 3A E1 A8     	ld	a,(T42_ATT)
4341+ A982 B7           	or	a
4342+ A983 C8           	ret	z
4343+ A984              ; pokud je nula, tak se neobarvuje
4344+ A984 15           	dec	d
4345+ A985 7A           	ld	a,d
4346+ A986 0F           	rrca
4347+ A987 0F           	rrca
4348+ A988 0F           	rrca
4349+ A989 E6 03        	and	3
4350+ A98B F6 58        	or	88
4351+ A98D 57           	ld	d,a
4352+ A98E 3A E1 A8     	ld	a,(T42_ATT)
4353+ A991 12           	ld	(de),a
4354+ A992 C9           	ret
4355+ A993
4356+ A993 FC           	defb	%11111100
4357+ A994 84           	defb	%10000100
4358+ A995 84           	defb	%10000100
4359+ A996 84           	defb	%10000100
4360+ A997 84           	defb	%10000100
4361+ A998 84           	defb	%10000100
4362+ A999 84           	defb	%10000100
4363+ A99A FC           	defb	%11111100
4364+ A99B
4365+ A99B 00           	defb	%00000000
4366+ A99C 78           	defb	%01111000
4367+ A99D 78           	defb	%01111000
4368+ A99E 78           	defb	%01111000
4369+ A99F 78           	defb	%01111000
4370+ A9A0 78           	defb	%01111000
4371+ A9A1 78           	defb	%01111000
4372+ A9A2 00           	defb	%00000000
4373+ A9A3
4374+ A9A3              T42_SADA
4375+ A9A3 00 00 00 00  	defw	0,0,0,0
4375+ A9A7 00 00 00 00
4376+ A9AB F8 88 50 50  	defw	35064,20560
4377+ A9AF 20 00 20 00  	defw	32,32,53456,0,0,0
4377+ A9B3 D0 D0 00 00
4377+ A9B7 00 00 00 00
4378+ A9BB 50 F8 50 50  	defw	63568,20560,63568
4378+ A9BF 50 F8
4379+ A9C1 50 00 20 F8  	defw	80,63520,63648
4379+ A9C5 A0 F8
4380+ A9C7 28 F8 20 00  	defw	63528,32,51200
4380+ A9CB 00 C8
4381+ A9CD D8 30 60 D8  	defw	12504,55392,152
4381+ A9D1 98 00
4382+ A9D3 00 20 50 20  	defw	8192,8272,34896
4382+ A9D7 50 88
4383+ A9D9 70 00 30 60  	defw	112,24624,0,0,0
4383+ A9DD 00 00 00 00
4383+ A9E1 00 00
4384+ A9E3 30 60        	defw	24624
4385+ A9E5 60 60        	defw	24672
4386+ A9E7 60 60        	defw	24672
4387+ A9E9 30 00        	defw	48
4388+ A9EB 60 30        	defw	12384
4389+ A9ED 30 30        	defw	12336
4390+ A9EF 30 30        	defw	12336
4391+ A9F1 60 00        	defw	96
4392+ A9F3 00 50        	defw	20480
4393+ A9F5 20 F8        	defw	63520
4394+ A9F7 20 50        	defw	20512
4395+ A9F9 00 00        	defw	0
4396+ A9FB 00 20        	defw	8192
4397+ A9FD 20 F8        	defw	63520
4398+ A9FF 20 20        	defw	8224
4399+ AA01 00 00        	defw	0
4400+ AA03 00 00        	defw	0
4401+ AA05 00 00        	defw	0
4402+ AA07 00 30        	defw	12288
4403+ AA09 60 00        	defw	96
4404+ AA0B 00 00        	defw	0
4405+ AA0D 00 78        	defw	30720
4406+ AA0F 00 00        	defw	0
4407+ AA11 00 00        	defw	0
4408+ AA13 00 00        	defw	0
4409+ AA15 00 00        	defw	0
4410+ AA17 00 60        	defw	24576
4411+ AA19 60 00        	defw	96
4412+ AA1B 00 08        	defw	2048
4413+ AA1D 18 30        	defw	12312
4414+ AA1F 60 C0        	defw	49248
4415+ AA21 80 00        	defw	128
4416+ AA23 70 D8        	defw	55408
4417+ AA25 E8 C8        	defw	51432
4418+ AA27 C8 C8        	defw	51400
4419+ AA29 70 00        	defw	112
4420+ AA2B 20 60        	defw	24608
4421+ AA2D E0 60        	defw	24800
4422+ AA2F 60 60        	defw	24672
4423+ AA31 F0 00        	defw	240
4424+ AA33 70 88        	defw	34928
4425+ AA35 08 70        	defw	28680
4426+ AA37 C0 C0        	defw	49344
4427+ AA39 F8 00        	defw	248
4428+ AA3B 70 C8        	defw	51312
4429+ AA3D 08 30        	defw	12296
4430+ AA3F 08 C8        	defw	51208
4431+ AA41 70 00        	defw	112
4432+ AA43 10 20        	defw	8208
4433+ AA45 40 D0        	defw	53312
4434+ AA47 F8 10        	defw	4344
4435+ AA49 10 00        	defw	16
4436+ AA4B F8 C0        	defw	49400
4437+ AA4D C0 F0        	defw	61632
4438+ AA4F 08 C8        	defw	51208
4439+ AA51 70 00        	defw	112
4440+ AA53 70 C8        	defw	51312
4441+ AA55 C0 F0        	defw	61632
4442+ AA57 C8 C8        	defw	51400
4443+ AA59 70 00        	defw	112
4444+ AA5B F8 18        	defw	6392
4445+ AA5D 18 30        	defw	12312
4446+ AA5F 60 C0        	defw	49248
4447+ AA61 80 00        	defw	128
4448+ AA63 70 C8        	defw	51312
4449+ AA65 C8 70        	defw	28872
4450+ AA67 C8 C8        	defw	51400
4451+ AA69 70 00        	defw	112
4452+ AA6B 70 C8        	defw	51312
4453+ AA6D C8 78        	defw	30920
4454+ AA6F 08 C8        	defw	51208
4455+ AA71 70 00        	defw	112
4456+ AA73 00 00        	defw	0
4457+ AA75 60 00        	defw	96
4458+ AA77 00 60        	defw	24576
4459+ AA79 00 00        	defw	0
4460+ AA7B 00 00        	defw	0
4461+ AA7D 30 00        	defw	48
4462+ AA7F 00 30        	defw	12288
4463+ AA81 60 00        	defw	96
4464+ AA83 00 18        	defw	6144
4465+ AA85 30 60        	defw	24624
4466+ AA87 30 18        	defw	6192
4467+ AA89 00 00        	defw	0
4468+ AA8B 00 00        	defw	0
4469+ AA8D 78 00        	defw	120
4470+ AA8F 78 00        	defw	120
4471+ AA91 00 00        	defw	0
4472+ AA93 00 60        	defw	24576
4473+ AA95 30 18        	defw	6192
4474+ AA97 30 60        	defw	24624
4475+ AA99 00 00        	defw	0
4476+ AA9B 70 D8        	defw	55408
4477+ AA9D 18 30        	defw	12312
4478+ AA9F 20 00        	defw	32
4479+ AAA1 20 00        	defw	32
4480+ AAA3 70 88        	defw	34928
4481+ AAA5 A8 D8        	defw	55464
4482+ AAA7 B0 80        	defw	32944
4483+ AAA9 70 00        	defw	112
4484+ AAAB 70 C8        	defw	51312
4485+ AAAD C8 F8        	defw	63688
4486+ AAAF C8 C8        	defw	51400
4487+ AAB1 C8 00        	defw	200
4488+ AAB3 F0 C8        	defw	51440
4489+ AAB5 C8 F0        	defw	61640
4490+ AAB7 C8 C8        	defw	51400
4491+ AAB9 F0 00        	defw	240
4492+ AABB 70 C8        	defw	51312
4493+ AABD C0 C0        	defw	49344
4494+ AABF C0 C8        	defw	51392
4495+ AAC1 70 00        	defw	112
4496+ AAC3 F0 C8        	defw	51440
4497+ AAC5 C8 C8        	defw	51400
4498+ AAC7 C8 C8        	defw	51400
4499+ AAC9 F0 00        	defw	240
4500+ AACB F8 C0        	defw	49400
4501+ AACD C0 F0        	defw	61632
4502+ AACF C0 C0        	defw	49344
4503+ AAD1 F8 00        	defw	248
4504+ AAD3 F8 C0        	defw	49400
4505+ AAD5 C0 F0        	defw	61632
4506+ AAD7 C0 C0        	defw	49344
4507+ AAD9 C0 00        	defw	192
4508+ AADB 70 C8        	defw	51312
4509+ AADD C0 D8        	defw	55488
4510+ AADF C8 C8        	defw	51400
4511+ AAE1 70 00        	defw	112
4512+ AAE3 C8 C8        	defw	51400
4513+ AAE5 C8 F8        	defw	63688
4514+ AAE7 C8 C8        	defw	51400
4515+ AAE9 C8 00        	defw	200
4516+ AAEB F8 60        	defw	24824
4517+ AAED 60 60        	defw	24672
4518+ AAEF 60 60        	defw	24672
4519+ AAF1 F8 00        	defw	248
4520+ AAF3 08 08        	defw	2056
4521+ AAF5 08 08        	defw	2056
4522+ AAF7 C8 C8        	defw	51400
4523+ AAF9 70 00        	defw	112
4524+ AAFB C8 C8        	defw	51400
4525+ AAFD D0 E0        	defw	57552
4526+ AAFF D0 C8        	defw	51408
4527+ AB01 C8 00        	defw	200
4528+ AB03 C0 C0        	defw	49344
4529+ AB05 C0 C0        	defw	49344
4530+ AB07 C0 C0        	defw	49344
4531+ AB09 F8 00        	defw	248
4532+ AB0B 88 D8        	defw	55432
4533+ AB0D E8 C8        	defw	51432
4534+ AB0F C8 C8        	defw	51400
4535+ AB11 C8 00        	defw	200
4536+ AB13 C8 C8        	defw	51400
4537+ AB15 C8 E8        	defw	59592
4538+ AB17 D8 C8        	defw	51416
4539+ AB19 C8 00        	defw	200
4540+ AB1B 70 C8        	defw	51312
4541+ AB1D C8 C8        	defw	51400
4542+ AB1F C8 C8        	defw	51400
4543+ AB21 70 00        	defw	112
4544+ AB23 F0 C8        	defw	51440
4545+ AB25 C8 F0        	defw	61640
4546+ AB27 C0 C0        	defw	49344
4547+ AB29 C0 00        	defw	192
4548+ AB2B 70 C8        	defw	51312
4549+ AB2D C8 C8        	defw	51400
4550+ AB2F E8 D8        	defw	55528
4551+ AB31 78 00        	defw	120
4552+ AB33 F0 C8        	defw	51440
4553+ AB35 C8 F0        	defw	61640
4554+ AB37 D0 C8        	defw	51408
4555+ AB39 C8 00        	defw	200
4556+ AB3B 70 C8        	defw	51312
4557+ AB3D C0 70        	defw	28864
4558+ AB3F 08 C8        	defw	51208
4559+ AB41 70 00        	defw	112
4560+ AB43 F8 60        	defw	24824
4561+ AB45 60 60        	defw	24672
4562+ AB47 60 60        	defw	24672
4563+ AB49 60 00        	defw	96
4564+ AB4B C8 C8        	defw	51400
4565+ AB4D C8 C8        	defw	51400
4566+ AB4F C8 C8        	defw	51400
4567+ AB51 70 00        	defw	112
4568+ AB53 C8 C8        	defw	51400
4569+ AB55 C8 C8        	defw	51400
4570+ AB57 C8 50        	defw	20680
4571+ AB59 20 00        	defw	32
4572+ AB5B C8 C8        	defw	51400
4573+ AB5D C8 C8        	defw	51400
4574+ AB5F C8 E8        	defw	59592
4575+ AB61 50 00        	defw	80
4576+ AB63 88 D8        	defw	55432
4577+ AB65 70 60        	defw	24688
4578+ AB67 70 D8        	defw	55408
4579+ AB69 88 00        	defw	136
4580+ AB6B 88 D0        	defw	53384
4581+ AB6D 60 60        	defw	24672
4582+ AB6F 60 60        	defw	24672
4583+ AB71 60 00        	defw	96
4584+ AB73 F8 18        	defw	6392
4585+ AB75 30 60        	defw	24624
4586+ AB77 C0 C0        	defw	49344
4587+ AB79 F8 00        	defw	248
4588+ AB7B 78 60        	defw	24696
4589+ AB7D 60 60        	defw	24672
4590+ AB7F 60 60        	defw	24672
4591+ AB81 78 00        	defw	120
4592+ AB83 00 80        	defw	32768
4593+ AB85 C0 60        	defw	24768
4594+ AB87 30 18        	defw	6192
4595+ AB89 08 00        	defw	8
4596+ AB8B 78 18        	defw	6264
4597+ AB8D 18 18        	defw	6168
4598+ AB8F 18 18        	defw	6168
4599+ AB91 78 00        	defw	120
4600+ AB93 20 70        	defw	28704
4601+ AB95 A8 20        	defw	8360
4602+ AB97 20 20        	defw	8224
4603+ AB99 20 00        	defw	32
4604+ AB9B 00 00        	defw	0
4605+ AB9D 00 00        	defw	0
4606+ AB9F 00 00        	defw	0
4607+ ABA1 FC 00        	defw	252
4608+ ABA3 30 48        	defw	18480
4609+ ABA5 48 E0        	defw	57416
4610+ ABA7 40 40        	defw	16448
4611+ ABA9 F8 00        	defw	248
4612+ ABAB 00 00        	defw	0
4613+ ABAD 70 08        	defw	2160
4614+ ABAF 78 C8        	defw	51320
4615+ ABB1 78 00        	defw	120
4616+ ABB3 00 C0        	defw	49152
4617+ ABB5 C0 F0        	defw	61632
4618+ ABB7 C8 C8        	defw	51400
4619+ ABB9 F0 00        	defw	240
4620+ ABBB 00 00        	defw	0
4621+ ABBD 70 C0        	defw	49264
4622+ ABBF C0 C0        	defw	49344
4623+ ABC1 70 00        	defw	112
4624+ ABC3 00 08        	defw	2048
4625+ ABC5 08 78        	defw	30728
4626+ ABC7 C8 C8        	defw	51400
4627+ ABC9 78 00        	defw	120
4628+ ABCB 00 00        	defw	0
4629+ ABCD 70 C8        	defw	51312
4630+ ABCF F0 C0        	defw	49392
4631+ ABD1 78 00        	defw	120
4632+ ABD3 00 38        	defw	14336
4633+ ABD5 60 70        	defw	28768
4634+ ABD7 60 60        	defw	24672
4635+ ABD9 60 00        	defw	96
4636+ ABDB 00 00        	defw	0
4637+ ABDD 78 C8        	defw	51320
4638+ ABDF C8 78        	defw	30920
4639+ ABE1 08 70        	defw	28680
4640+ ABE3 00 C0        	defw	49152
4641+ ABE5 C0 F0        	defw	61632
4642+ ABE7 C8 C8        	defw	51400
4643+ ABE9 C8 00        	defw	200
4644+ ABEB 00 60        	defw	24576
4645+ ABED 00 E0        	defw	57344
4646+ ABEF 60 60        	defw	24672
4647+ ABF1 F0 00        	defw	240
4648+ ABF3 00 30        	defw	12288
4649+ ABF5 00 30        	defw	12288
4650+ ABF7 30 30        	defw	12336
4651+ ABF9 B0 60        	defw	24752
4652+ ABFB 00 C0        	defw	49152
4653+ ABFD D0 E0        	defw	57552
4654+ ABFF E0 D0        	defw	53472
4655+ AC01 C8 00        	defw	200
4656+ AC03 00 60        	defw	24576
4657+ AC05 60 60        	defw	24672
4658+ AC07 60 60        	defw	24672
4659+ AC09 38 00        	defw	56
4660+ AC0B 00 00        	defw	0
4661+ AC0D D0 E8        	defw	59600
4662+ AC0F E8 E8        	defw	59624
4663+ AC11 E8 00        	defw	232
4664+ AC13 00 00        	defw	0
4665+ AC15 F0 C8        	defw	51440
4666+ AC17 C8 C8        	defw	51400
4667+ AC19 C8 00        	defw	200
4668+ AC1B 00 00        	defw	0
4669+ AC1D 70 C8        	defw	51312
4670+ AC1F C8 C8        	defw	51400
4671+ AC21 70 00        	defw	112
4672+ AC23 00 00        	defw	0
4673+ AC25 F0 C8        	defw	51440
4674+ AC27 C8 F0        	defw	61640
4675+ AC29 C0 C0        	defw	49344
4676+ AC2B 00 00        	defw	0
4677+ AC2D 78 C8        	defw	51320
4678+ AC2F C8 78        	defw	30920
4679+ AC31 18 18        	defw	6168
4680+ AC33 00 00        	defw	0
4681+ AC35 78 C0        	defw	49272
4682+ AC37 C0 C0        	defw	49344
4683+ AC39 C0 00        	defw	192
4684+ AC3B 00 00        	defw	0
4685+ AC3D 70 C0        	defw	49264
4686+ AC3F 70 08        	defw	2160
4687+ AC41 F0 00        	defw	240
4688+ AC43 00 60        	defw	24576
4689+ AC45 70 60        	defw	24688
4690+ AC47 60 60        	defw	24672
4691+ AC49 38 00        	defw	56
4692+ AC4B 00 00        	defw	0
4693+ AC4D C8 C8        	defw	51400
4694+ AC4F C8 C8        	defw	51400
4695+ AC51 70 00        	defw	112
4696+ AC53 00 00        	defw	0
4697+ AC55 C8 C8        	defw	51400
4698+ AC57 70 70        	defw	28784
4699+ AC59 20 00        	defw	32
4700+ AC5B 00 00        	defw	0
4701+ AC5D C8 E8        	defw	59592
4702+ AC5F E8 E8        	defw	59624
4703+ AC61 50 00        	defw	80
4704+ AC63 00 00        	defw	0
4705+ AC65 88 D8        	defw	55432
4706+ AC67 70 D8        	defw	55408
4707+ AC69 88 00        	defw	136
4708+ AC6B 00 00        	defw	0
4709+ AC6D C8 C8        	defw	51400
4710+ AC6F C8 78        	defw	30920
4711+ AC71 08 70        	defw	28680
4712+ AC73 00 00        	defw	0
4713+ AC75 F8 30        	defw	12536
4714+ AC77 60 C0        	defw	49248
4715+ AC79 F8 00        	defw	248
4716+ AC7B 78 60        	defw	24696
4717+ AC7D 60 C0        	defw	49248
4718+ AC7F 60 60        	defw	24672
4719+ AC81 78 00        	defw	120
4720+ AC83 60 60        	defw	24672
4721+ AC85 60 60        	defw	24672
4722+ AC87 60 60        	defw	24672
4723+ AC89 60 00        	defw	96
4724+ AC8B F0 30        	defw	12528
4725+ AC8D 30 18        	defw	6192
4726+ AC8F 30 30        	defw	12336
4727+ AC91 F0 00        	defw	240
4728+ AC93 34 68        	defw	26676
4729+ AC95 00 00        	defw	0
4730+ AC97 00 00        	defw	0
4731+ AC99 00 00        	defw	0
4732+ AC9B 70 88        	defw	34928
4733+ AC9D A8 C8        	defw	51368
4734+ AC9F A8 88        	defw	34984
4735+ ACA1 70 00        	defw	112
4736+ ACA3
4737+ ACA3 CD AD AC     ANYKEY	call	KEYSCAN
4738+ ACA6 28 FB        	jr	z,ANYKEY
4739+ ACA8 C9           	ret
4740+ ACA9
4741+ ACA9              	include	inkey.a80
# file opened: inkey.a80
   1++ACA9              ;/* update 21:18 2.10.2016
   2++ACA9              ;
   3++ACA9              ;Busy's inkey routine taken from MRS
   4++ACA9              ;
   5++ACA9              ;
   6++ACA9              ;"# inkey 03"
   7++ACA9              ;Rutina INKEY na zacitanie prave stlacenej klavesy
   8++ACA9              ;...pracuje presne tak ako funkcia INKEY$ v basicu
   9++ACA9              ;Vracia:ASCII-kod prave stlacenej klavesy v registri A
  10++ACA9              ;ak nie je nic stlacene tak vrati nulu
  11++ACA9              ;prizrak ZERO sa nastavi podla nulovosti registra A
  12++ACA9              ;*/
  13++ACA9
  14++ACA9 00           lastkey     db 0
  15++ACAA 00           otherkey    db 0
  16++ACAB 00           keysound    db 0
  17++ACAC 00           BORDER      db 0
  18++ACAD
  19++ACAD              ;pro volani klavesnice pouzivame call KEYSCAN
  20++ACAD              KEYSCAN
  21++ACAD              return_key			;first press, returns NZ, next presses Z, no return if no key pressed
  22++ACAD
  23++ACAD CD 08 AD     keyboard	call inkey	;Busy's MRS solution- the best:))
  24++ACB0 B7           		or a
  25++ACB1 20 04        		jr nz,keyb1
  26++ACB3 32 A9 AC     		ld (lastkey),a
  27++ACB6 C9           		ret		;if no key pressed, RETurn with A=0 and Z flag
  28++ACB7              ;		jr keyboard
  29++ACB7 ~            /*alternativa, zpomaleni klavesnice pro rychlejsi CPU
  30++ACB7 ~            keyb1		ei
  31++ACB7 ~            		halt
  32++ACB7 ~            		halt
  33++ACB7 ~            		di
  34++ACB7 ~            key_cont	ld c,a
  35++ACB7 ~            */
  36++ACB7 01 00 04     keyb1		ld bc,$400
  37++ACBA
  38++ACBA
  39++ACBA 0D           keyb2		dec c
  40++ACBB 20 FD        		jr nz,keyb2
  41++ACBD 10 FB        		djnz keyb2
  42++ACBF 4F           		ld c,a
  43++ACC0 CD 08 AD     		call inkey
  44++ACC3 B9           		cp c
  45++ACC4 20 E7        		jr nz,keyboard
  46++ACC6 3A A9 AC     		ld a,(lastkey)
  47++ACC9 B9           		cp c
  48++ACCA 28 04        		jr z,keyb3
  49++ACCC 3E 80        		ld a,$80
  50++ACCE 18 12        		jr keyb4
  51++ACD0 3A AA AC     keyb3		ld a,(otherkey)
  52++ACD3 47           		ld b,a
  53++ACD4 AF           keyb7		xor a
  54++ACD5 3D           keyb5		dec a
  55++ACD6 20 FD        		jr nz,keyb5
  56++ACD8 CD 08 AD     		call inkey
  57++ACDB B9           		cp c
  58++ACDC 20 CF        		jr nz,keyboard
  59++ACDE 10 F4        		djnz keyb7
  60++ACE0 3E 01        		ld a,1
  61++ACE2 32 AA AC     keyb4		ld (otherkey),a
  62++ACE5 79           		ld a,c
  63++ACE6 32 A9 AC     		ld (lastkey),a
  64++ACE9 F5           beep		push af
  65++ACEA              ;		or a			;tento or je pro rutinu MRS dulezity, jinak rutina kvici
  66++ACEA CD EF AC     		call beepk		;beep
  67++ACED F1           		pop af
  68++ACEE C9           		ret		;end of Busy's solution
  69++ACEF
  70++ACEF 3A AB AC     beepk		ld a,(keysound)		;Busyho nahradni rutina,kratsi
  71++ACF2 B7           		or a
  72++ACF3 C0           		ret nz
  73++ACF4 3A AC AC     		ld a,(BORDER)
  74++ACF7 AF           		xor	a		;black border
  75++ACF8 5F           		ld e,a
  76++ACF9 06 10        		ld b,$10
  77++ACFB 80           		add a,b
  78++ACFC              ;		ld a,$10+border
  79++ACFC D3 FE        		out ($fe),a
  80++ACFE 06 1C        		ld b,$1c
  81++AD00 10 FE        beepk1		djnz beepk1
  82++AD02 3E 08        		ld a,$08
  83++AD04 83           		add a,e
  84++AD05              ;		ld a,$08+border
  85++AD05 D3 FE        		out ($fe),a
  86++AD07 C9           		ret
  87++AD08
  88++AD08
  89++AD08
  90++AD08
  91++AD08              za
  92++AD08 E5           inkey	push hl                  ;Odlozenie
  93++AD09 D5           	push de                  ;povodneho
  94++AD0A C5           	push bc                  ;obsahu registrov
  95++AD0B 01 FE 7F     	ld   bc,$7ffe            ;adresa portu prvej polrady
  96++AD0E 26 00        	ld   h,$00               ;h=pocitadlo klaves
  97++AD10 54           	ld   d,h                 ;d,e=pomocny buffer pre
  98++AD11 5C           	ld   e,h                 ;dve stlacene klavesy
  99++AD12 2E 05        ii1	ld   l,$05               ;v kazdej polrade je 5 klaves
 100++AD14 ED 78        	in   a,(c)               ;nacitanie polrady klavesnice
 101++AD16 24           ii2	inc  h                   ;pre kazdy test sa pripocita +1
 102++AD17 0F           	rrca                     ;test jednej klavesy z polrady
 103++AD18 38 02        	jr   c,ii3               ;nestlacena - skok
 104++AD1A 53           	ld   d,e                 ;stlacena: zapise sa do pomocneho
 105++AD1B 5C           	ld   e,h                 ;buffera (tvoreneho registrom de)
 106++AD1C 2D           ii3	dec  l                   ;A toto vsetko opakuj
 107++AD1D 20 F7        	jr   nz,ii2              ;pre vsetky klavesy z polrady
 108++AD1F CB 08        	rrc  b                   ;A toto vsetko opakuj
 109++AD21 38 EF        	jr   c,ii1               ;pre vsetky polrady klavesnice
 110++AD23 7B           	ld   a,e                 ;\
 111++AD24
 112++AD24 FE 24        	cp   $24                 ;Prehodenie poradia klaves tak
 113++AD26 20 03        	jr   nz,ii5              ;aby shifty boli v registri D
 114++AD28 5A           	ld   e,d                 ;a vyznamne klavesy v E
 115++AD29 16 24        	ld   d,$24               ; |
 116++AD2B FE 02        ii5	cp   $02                 ; |
 117++AD2D 20 03        	jr   nz,ii6              ; |
 118++AD2F 5A           	ld   e,d                 ; |
 119++AD30 16 02        	ld   d,$02               ;/
 120++AD32 21 54 AD     ii6	ld   hl,iinn             ;Z tabulky pre neshiftove
 121++AD35 AF           	xor  a                   ;klavesy sa bude citat
 122++AD36 AA           	xor  d                   ;ak nebol stlaceny ziadny shift
 123++AD37 28 12        	jr   z,ii7               ;- vtedy skoc
 124++AD39 21 A6 AD     	ld   hl,iiss             ;Ak bol stlaceny symbol shift
 125++AD3C FE 02        	cp   $02                 ;tak sa bude citat z tejto
 126++AD3E 28 0B        	jr   z,ii7               ;tabulky - vtedy skoc
 127++AD40 21 7D AD     	ld   hl,iics             ;A na koniec je tu tabulka
 128++AD43 FE 24        	cp   $24                 ;pre caps shift
 129++AD45 28 04        	jr   z,ii7               ;- vtedy skoc
 130++AD47 3E 01        	ld   a,$01               ;Ak su stlacene dve vyznamne
 131++AD49 18 04        	jr   ii8                 ;klavesy - vtedy sa vrati kod #01
 132++AD4B 16 00        ii7	ld   d,$00               ;Prekodovanie kodovania klaves
 133++AD4D 19           	add  hl,de               ;podla pocitadla na kod ASCII
 134++AD4E 7E           	ld   a,(hl)              ;Ak nie je nic stlacene,
 135++AD4F A7           ii8	and  a                   ;bude a=#00 a teda aj zero.
 136++AD50 C1           	pop  bc                  ;Obnovenie
 137++AD51 D1           	pop  de                  ;povodneho
 138++AD52 E1           	pop  hl                  ;obsahu registrov
 139++AD53 C9           	ret                      ;a koniec rutinky.
 140++AD54
 141++AD54 00 20 1C 6D  iinn	db   $00," ",$1c,"mnb"   ;Tabulka klaves
 141++AD58 6E 62
 142++AD5A 0D 6C 6B 6A          db   13,"lkjh"           ;pre neshiftove klavesy
 142++AD5E 68
 143++AD5F 70 6F 69 75          db   "poiuy"
 143++AD63 79
 144++AD64 30 39 38 37          db   "09876"
 144++AD68 36
 145++AD69 31 32 33 34          db   "12345"
 145++AD6D 35
 146++AD6E 71 77 65 72          db   "qwert"
 146++AD72 74
 147++AD73 61 73 64 66          db   "asdfg"
 147++AD77 67
 148++AD78 00 7A 78 63          db   $00,"zxcv"
 148++AD7C 76
 149++AD7D 00 01 0E 4D  iics	db   $00,1,$0e,"MNB"   ;Tabulka klaves
 149++AD81 4E 42
 150++AD83 02 4C 4B 4A          db   $02,"LKJH"          ;pre caps shift
 150++AD87 48
 151++AD88 50 4F 49 55          db   "POIUY"
 151++AD8C 59
 152++AD8D 0C 0F 09 0B          db   $0c,$0f,$09,$0b,$0a
 152++AD91 0A
 153++AD92 07 06 04 05          db   $07,$06,$04,$05,$08
 153++AD96 08
 154++AD97 51 57 45 52          db   "QWERT"
 154++AD9B 54
 155++AD9C 41 53 44 46          db   "ASDFG"
 155++ADA0 47
 156++ADA1 1F 5A 58 43          db   $1f,"ZXCV"
 156++ADA5 56
 157++ADA6              ;Tabulka klaves pre symbol shift, bohuzel pro MBC nutno prekopat
 158++ADA6 00 10 1E 2E  iiss	db   $00,$10,$1e,".,*"  ;SPC,SS,mnb
 158++ADAA 2C 2A
 159++ADAC 03 3D 2B 2D          db   $03,"=+-^"         ;ENT,lkjh
 159++ADB0 5E
 160++ADB1 22 3B 7F 5D  	db   $22,";]["		;poiuy
 160++ADB5 5B
 161++ADB6 5F 29 28 27          db   "_)(","'","&"	;09876
 161++ADBA 26
 162++ADBB 21 40 23 24  	db   "!@#$%"		;12345
 162++ADBF 25
 163++ADC0 C7 13 14 3C  	db   199,$13,$14,"<>"	;qwert	    misto 199 bylo #12
 163++ADC4 3E
 164++ADC5 7E 7C 5C 7B          db   "~|",$5C,$7B,$7D	;asdfg	    \{}
 164++ADC9 7D
 165++ADCA 1D 3A 60 3F          db   $1d,":`?/"		;CS,zxcv
 165++ADCE 2F
 166++ADCF              ko
 167++ADCF              le      =    ko-za
 168++ADCF
# file closed: inkey.a80
4742+ ADCF
4743+ ADCF ~            /*LMNho rutinu davame pryc, neumi autorepeat, bude nahrazena tou od Busyho
4744+ ADCF ~            ;------------------------------
4745+ ADCF ~            ANYKEY	call	IINKEY
4746+ ADCF ~            	jr	z,ANYKEY
4747+ ADCF ~            	push	af
4748+ ADCF ~            ANYKEY_0
4749+ ADCF ~            	call	IINKEY
4750+ ADCF ~            	jr	nz,ANYKEY_0
4751+ ADCF ~            	pop	af
4752+ ADCF ~            	ret
4753+ ADCF ~            ;------------------------------
4754+ ADCF ~            IINKEY	push	hl
4755+ ADCF ~            	push	de
4756+ ADCF ~            	push	bc
4757+ ADCF ~            	ld	bc,#7FFE
4758+ ADCF ~            	ld	h,0
4759+ ADCF ~            	ld	d,h
4760+ ADCF ~            	ld	e,h
4761+ ADCF ~            II1	ld	l,5
4762+ ADCF ~            	in	a,(c)
4763+ ADCF ~            II2	inc	h
4764+ ADCF ~            	rrca
4765+ ADCF ~            	jr	c,II3
4766+ ADCF ~            	ld	d,e
4767+ ADCF ~            	ld	e,h
4768+ ADCF ~            II3	dec	l
4769+ ADCF ~            	jr	nz,II2
4770+ ADCF ~            	rrc	b
4771+ ADCF ~            	jr	c,II1
4772+ ADCF ~            	ld	a,e
4773+ ADCF ~            	cp	#24
4774+ ADCF ~            	jr	nz,II5
4775+ ADCF ~            	ld	e,d
4776+ ADCF ~            	ld	d,#24
4777+ ADCF ~            II5	cp	2
4778+ ADCF ~            	jr	nz,II6
4779+ ADCF ~            	ld	e,d
4780+ ADCF ~            	ld	d,2
4781+ ADCF ~            II6	ld	hl,IINN
4782+ ADCF ~            	xor	a
4783+ ADCF ~            	xor	d
4784+ ADCF ~            	jr	z,II7
4785+ ADCF ~            	ld	hl,IISS
4786+ ADCF ~            	cp	2
4787+ ADCF ~            	jr	z,II7
4788+ ADCF ~            	ld	hl,IICS
4789+ ADCF ~            	cp	#24
4790+ ADCF ~            	jr	z,II7
4791+ ADCF ~            	ld	a,1
4792+ ADCF ~            	jr	II8
4793+ ADCF ~
4794+ ADCF ~            II7	ld	d,0
4795+ ADCF ~            	add	hl,de
4796+ ADCF ~            	ld	a,(hl)
4797+ ADCF ~            II8	and	a
4798+ ADCF ~            	pop	bc
4799+ ADCF ~            	pop	de
4800+ ADCF ~            	pop	hl
4801+ ADCF ~            	ret
4802+ ADCF ~
4803+ ADCF ~            IINN	defb	0," ",#1C
4804+ ADCF ~            	defb	"mnb"
4805+ ADCF ~            	defb	13
4806+ ADCF ~            	defb	"lkjh"
4807+ ADCF ~            	defb	"poiuy"
4808+ ADCF ~            	defb	"09876"
4809+ ADCF ~            	defb	"12345"
4810+ ADCF ~            	defb	"qwert"
4811+ ADCF ~            	defb	"asdfg"
4812+ ADCF ~            	defb	0
4813+ ADCF ~            	defb	"zxcv"
4814+ ADCF ~
4815+ ADCF ~            IICS	defb	0,#11,#0E
4816+ ADCF ~            	defb	"MNB"
4817+ ADCF ~            	defb	2
4818+ ADCF ~            	defb	"LKJH"
4819+ ADCF ~            	defb	"POIUY"
4820+ ADCF ~            	defb	#0C,#0F,9,#0B,#0A
4821+ ADCF ~            	defb	7,6,4,5,8
4822+ ADCF ~            	defb	"QWERT"
4823+ ADCF ~            	defb	"ASDFG"
4824+ ADCF ~            	defb	#1F
4825+ ADCF ~            	defb	"ZXCV"
4826+ ADCF ~
4827+ ADCF ~            IISS	defb	0,16,#1E
4828+ ADCF ~            	defb	".,*"
4829+ ADCF ~            	defb	3
4830+ ADCF ~            	defb	"=+-^"
4831+ ADCF ~            	defb	34 ;"
4832+ ADCF ~            	defb	";}{"
4833+ ADCF ~            	defb	"_)('&"
4834+ ADCF ~            	defb	"!@#$%"
4835+ ADCF ~            	defb	#12,#13,#14
4836+ ADCF ~            	defb	"<>"
4837+ ADCF ~            	defb	"~|"
4839+ ADCF ~            	defb	92 ;	defb	123 ;{
4840+ ADCF ~            	defb	125 ;}
4841+ ADCF ~            	defb	#1D
4842+ ADCF ~            	defb	":`?/"
4843+ ADCF ~            */
4844+ ADCF
4845+ ADCF              ;------------------------------
4846+ ADCF ~            /* also not needed for SD cards
4847+ ADCF ~            ;IDENTIFY:ix-adresa, a-mas/slv
4848+ ADCF ~            IDENTIFY
4849+ ADCF ~            	or	%11100000
4850+ ADCF ~            	ld	(ACCMODE0+1),a
4851+ ADCF ~            	call	TST_BSY
4852+ ADCF ~            	ret	nz
4853+ ADCF ~
4854+ ADCF ~            ACCMODE0
4855+ ADCF ~            	ld	a,0
4856+ ADCF ~            	out	(P_HEA),a
4857+ ADCF ~            	ld	a,#EC
4858+ ADCF ~            	out	(P_COM),a
4859+ ADCF ~            	call	TST_DR
4860+ ADCF ~            	ret	nz
4861+ ADCF ~
4862+ ADCF ~            	call	RD_512
4863+ ADCF ~
4864+ ADCF ~            	call	TST_BSY
4865+ ADCF ~            ;
4866+ ADCF ~            	ret
4867+ ADCF ~            */
4868+ ADCF
4869+ ADCF              ; Fyzicke cteni LBA sektoru se nyni vola primo pres SD_READ.
4870+ ADCF              ; Vstup SD_READ: HL = horni 16 bitu LBA, DE = dolni 16 bitu LBA, IX = buffer.
4871+ ADCF
4872+ ADCF ~            /* old IDE (CF card) part, replaced by SD card routines
4873+ ADCF ~            	or	%11100000
4874+ ADCF ~            ;natvrdo LBA  bit6 urcuje, ze se pouzije LBA pristup
4875+ ADCF ~            	ld	(HEA_REG+1),a
4876+ ADCF ~            	call	TST_BSY
4877+ ADCF ~            	ret	nz
4878+ ADCF ~
4879+ ADCF ~            HEA_REG	ld	a,%11100000
4880+ ADCF ~            	or	b
4881+ ADCF ~            ; prictou se nejvyssi ctyri bity LBA
4882+ ADCF ~            	out	(P_HEA),a
4883+ ADCF ~            ;cislo hlavicky
4884+ ADCF ~
4885+ ADCF ~            	ld	a,1
4886+ ADCF ~            	out	(P_HSE),a
4887+ ADCF ~            ;pocet sektoru 1*512B
4888+ ADCF ~
4889+ ADCF ~            	ld	a,c
4890+ ADCF ~            	out	(P_NSE),a
4891+ ADCF ~            ;cislo sektoru od 1
4892+ ADCF ~
4893+ ADCF ~            	ld	a,e
4894+ ADCF ~            	out	(P_CYL),a
4895+ ADCF ~            	ld	a,d
4896+ ADCF ~            	out	(P_CYH),a
4897+ ADCF ~            ;cislo cylindru
4898+ ADCF ~
4899+ ADCF ~            	ld	a,#21
4900+ ADCF ~            	out	(P_COM),a
4901+ ADCF ~
4902+ ADCF ~
4903+ ADCF ~            	call	TST_DR
4904+ ADCF ~            	ret	nz
4905+ ADCF ~
4906+ ADCF ~            	call	RD_512
4907+ ADCF ~            	call	TST_BSY
4908+ ADCF ~            ;	ret	nz
4909+ ADCF ~
4910+ ADCF ~            	ret
4911+ ADCF ~
4912+ ADCF ~
4913+ ADCF ~            TST_BSY
4914+ ADCF ~            	push	hl
4915+ ADCF ~            	ld	hl,0
4916+ ADCF ~            TST1
4917+ ADCF ~            	dec	hl
4918+ ADCF ~            	ld	a,l
4919+ ADCF ~            	or	h
4920+ ADCF ~            	jr	z,TOUT1
4921+ ADCF ~            P84	in	a,(P_COM)
4922+ ADCF ~            	cp	255
4923+ ADCF ~            	jr	z,TST1
4924+ ADCF ~            	bit	7,a
4925+ ADCF ~            	jr	nz,TST1
4926+ ADCF ~            	pop	hl
4927+ ADCF ~            	ret
4928+ ADCF ~            TOUT1
4929+ ADCF ~            	ld	a,255
4930+ ADCF ~            	or	a
4931+ ADCF ~            	pop	hl
4932+ ADCF ~            	ret
4933+ ADCF ~            ;------------------------------
4934+ ADCF ~            ;test BSY,DRDY,DRQ,ERR statusu
4935+ ADCF ~            TST_DR
4936+ ADCF ~            	call	TST_BSY
4937+ ADCF ~            	ret	nz
4938+ ADCF ~            	bit	6,a
4939+ ADCF ~            	jr	z,ER6
4940+ ADCF ~            	bit	3,a
4941+ ADCF ~            	jr	z,ER3
4942+ ADCF ~            	bit	0,a
4943+ ADCF ~            	jr	nz,ER1
4944+ ADCF ~            	ret
4945+ ADCF ~            ER6	ld	a,7
4946+ ADCF ~            	dec	a
4947+ ADCF ~            	ret
4948+ ADCF ~            ER3	ld	a,4
4949+ ADCF ~            	dec	a
4950+ ADCF ~            	ret
4951+ ADCF ~            ER1	ld	a,1
4952+ ADCF ~            	ret
4953+ ADCF ~            ;------------------------------
4954+ ADCF ~            RD_512
4955+ ADCF ~            	ld	(DMADR1),ix
4956+ ADCF ~            	push	hl
4957+ ADCF ~            	ld	hl,RD1S
4958+ ADCF ~            	ld	bc,RD1L*256+DMA
4959+ ADCF ~            RDWR1	otir
4960+ ADCF ~            	ld	b,#87			;WR6 enable dma
4961+ ADCF ~            	out	(c),b
4962+ ADCF ~            	pop	hl
4963+ ADCF ~            	ld	bc,512
4964+ ADCF ~            	add	hl,bc
4965+ ADCF ~            	ret
4966+ ADCF ~
4967+ ADCF ~
4968+ ADCF ~            ;------------------------------
4969+ ADCF ~            WR_512					;not use
4970+ ADCF ~            	ld	(DMADR2),ix
4971+ ADCF ~            	push	hl
4972+ ADCF ~            	ld	hl,WR1S
4973+ ADCF ~            	ld	bc,WR1L*256+DMA
4974+ ADCF ~            	jr	RDWR1
4975+ ADCF ~
4976+ ADCF ~            ;---<DMA_IN>-------------------
4977+ ADCF ~            RD1S
4978+ ADCF ~            	defb	195			;WR6 #C3 reset
4979+ ADCF ~            	defb	%01111101		;WR0 A->B, transfer
4980+ ADCF ~            	defw	P_DAT			;source port
4981+ ADCF ~            	defw	511			;lenght
4982+ ADCF ~            	defb	%00101100		;WR1 A-port,A-fixed
4983+ ADCF ~            	defb	%00010000		;WR2 B-memory, B-increment
4984+ ADCF ~            	defb	%10101101		;WR4 continuous,
4985+ ADCF ~            DMADR1	defw	0			;destination
4986+ ADCF ~            	defb	%10010010		;WR5 ready low,CE/WAIT,stop on end of block
4987+ ADCF ~            	defb	#CF			;WR6 load
4988+ ADCF ~            	defb	#B3			;WR6 force ready
4989+ ADCF ~            RD1L	equ	$-RD1S
4990+ ADCF ~            ;---<DMA_OUT>------------------
4991+ ADCF ~
4992+ ADCF ~            WR1S	defb	195
4993+ ADCF ~            	defb	%01111101
4994+ ADCF ~            DMADR2	defw	0
4995+ ADCF ~            	defw	511
4996+ ADCF ~            	defb	%00010100
4997+ ADCF ~            	defb	%00101000
4998+ ADCF ~            	defb	%10101101
4999+ ADCF ~            	defw	P_DAT
5000+ ADCF ~            	defb	%10010010
5001+ ADCF ~            	defb	#CF
5002+ ADCF ~            	defb	#B3
5003+ ADCF ~            WR1L	equ	$-WR1S
5004+ ADCF ~            */
5005+ ADCF
5006+ ADCF              ;------------------------------
5007+ ADCF              ;prohazuje vyssi a nizsi byte
5008+ ADCF              ;zkurveny system
5009+ ADCF              PROHOD
5010+ ADCF              ;HL adresa
5011+ ADCF              ;B kolik bytu
5012+ ADCF              ;MENI: A
5013+ ADCF E5           	push	hl
5014+ ADD0 C5           	push	bc
5015+ ADD1 CB 08        	rrc	b
5016+ ADD3              PROHOD1
5017+ ADD3 7E           	ld	a,(hl)
5018+ ADD4 23           	inc	hl
5019+ ADD5 4E           	ld	c,(hl)
5020+ ADD6 2B           	dec	hl
5021+ ADD7 71           	ld	(hl),c
5022+ ADD8 23           	inc	hl
5023+ ADD9 77           	ld	(hl),a
5024+ ADDA 23           	inc	hl
5025+ ADDB 10 F6        	djnz	PROHOD1
5026+ ADDD C1           	pop	bc
5027+ ADDE E1           	pop	hl
5028+ ADDF C9           	ret
5029+ ADE0
5030+ ADE0              ;------------------------------
5031+ ADE0 00 00 00 00  D1LBA	defw	0,0,0
5031+ ADE4 00 00
5032+ ADE6 00 00 00 00  D2LBA	defw	0,0,0
5032+ ADEA 00 00
5033+ ADEC              LEN	equ	$-32768
5034+ ADEC
5035+ ADEC 00 00 00 00  FirstDataLBA	dw	0,0		;absolutni LBA zacatku datove oblasti
5036+ ADF0
5037+ ADF0              ;pracovni data pro FAT32 root-chain hledani fyzicky prvniho MBD/MBH
5038+ ADF0 00 00 00 00  FAT32_FirstFATLBA	dw	0,0
5039+ ADF4 00 00 00 00  FAT32_CurCluster	dw	0,0
5040+ ADF8 00 00 00 00  FAT32_DirLBA		dw	0,0
5041+ ADFC FF FF FF FF  FAT32_BestCluster	dw	#FFFF,#FFFF
5042+ AE00 00           FAT32_SecPerClus	db	0
5043+ AE01 00           FAT32_SectorsLeft	db	0
5044+ AE02 00           FAT32_Found		db	0
5045+ AE03 00 00 00...  FAT32_BestEntry		block	32
5046+ AE23
5047+ AE23              ; POZOR: fat_type MUSI zustat bezprostredne pred BUFFER.
5048+ AE23              ; Stavajici kod testuje FAT typ take pres (ix-1), kdyz IX=BUFFER.
5049+ AE23 55           fat_type	db	#55		;bit 0=Z=FAT16, bit 0=NZ=FAT32
5050+ AE24              BUFFER	;equ	25000
5051+ AE24 00 00 00...  	block	512
5052+ B024              BUFFER2	;equ	38000
5053+ B024 00 00 00...  	block	512
5054+ B224              	IFNDEF DUAL_GUI_TEST
5055+ B224 ~            zvukplay
5056+ B224 ~            	ld	c,a
5057+ B224 ~            	ld	a,(@playnoise)
5058+ B224 ~            	or	a
5059+ B224 ~            	ret	z
5060+ B224 ~            	ld	a,c
5061+ B224 ~            ;	ld	a,1
5062+ B224 ~            	ld	(zvukcmp+4),a
5063+ B224 ~            	push	bc
5064+ B224 ~            	call	zvukcmp
5065+ B224 ~            	pop	bc
5066+ B224 ~            zvukloop
5067+ B224 ~            	push	bc
5068+ B224 ~            	call	zvukcmp+73
5069+ B224 ~            	ld	bc,2500
5070+ B224 ~            zvukpause
5071+ B224 ~            	dec	bc
5072+ B224 ~            	ld	a,b
5073+ B224 ~            	or	c
5074+ B224 ~            	jr	nz,zvukpause
5075+ B224 ~            	pop	bc
5076+ B224 ~            	djnz	zvukloop
5077+ B224 ~            	ret
5078+ B224              	ENDIF
5079+ B224
5080+ B224              ;------------------------------------------------------------------------------
5081+ B224              ; Matematicke rutiny - fyzicka kopie pro GUI (MODULE GUI)
5082+ B224              ;------------------------------------------------------------------------------
5083+ B224              MUL32x8:
5084+ B224              	MATH_MUL32x8
5084+ B224 DD E5       >        push    ix
5084+ B226             >
5084+ B226 22 5B B2    >        ld      (.value),hl
5084+ B229 ED 53 5D B2 >        ld      (.value+2),de
5084+ B22D             >
5084+ B22D 47          >        ld      b,a
5084+ B22E DD 2E 08    >        ld      ixl,8
5084+ B231             >
5084+ B231 11 00 00    >        ld      de,0
5084+ B234 21 00 00    >        ld      hl,0
5084+ B237             >
5084+ B237             >.loop:
5084+ B237 29          >        add     hl,hl
5084+ B238 CB 13       >        rl      e
5084+ B23A CB 12       >        rl      d
5084+ B23C             >
5084+ B23C CB 20       >        sla     b
5084+ B23E 30 14       >        jr      nc,.next
5084+ B240             >
5084+ B240 3A 5B B2    >        ld      a,(.value)
5084+ B243 85          >        add     a,l
5084+ B244 6F          >        ld      l,a
5084+ B245             >
5084+ B245 3A 5C B2    >        ld      a,(.value+1)
5084+ B248 8C          >        adc     a,h
5084+ B249 67          >        ld      h,a
5084+ B24A             >
5084+ B24A 3A 5D B2    >        ld      a,(.value+2)
5084+ B24D 8B          >        adc     a,e
5084+ B24E 5F          >        ld      e,a
5084+ B24F             >
5084+ B24F 3A 5E B2    >        ld      a,(.value+3)
5084+ B252 8A          >        adc     a,d
5084+ B253 57          >        ld      d,a
5084+ B254             >
5084+ B254             >.next:
5084+ B254 DD 2D       >        dec     ixl
5084+ B256 20 DF       >        jr      nz,.loop
5084+ B258             >
5084+ B258 DD E1       >        pop     ix
5084+ B25A C9          >        ret
5084+ B25B             >
5084+ B25B             >.value:
5084+ B25B 00 00 00 00 >        ds      4
5085+ B25F
5086+ B25F              ADD32_16:
5087+ B25F              	MATH_ADD32_16
5087+ B25F 09          >        add     hl,bc
5087+ B260 D0          >        ret     nc
5087+ B261             >
5087+ B261 13          >        inc     de
5087+ B262 C9          >        ret
5088+ B263
5089+ B263              SUB32_8:
5090+ B263              	MATH_SUB32_8
5090+ B263 47          >        ld      b,a
5090+ B264             >
5090+ B264 7D          >        ld      a,l
5090+ B265 90          >        sub     b
5090+ B266 6F          >        ld      l,a
5090+ B267             >
5090+ B267 7C          >        ld      a,h
5090+ B268 DE 00       >        sbc     a,0
5090+ B26A 67          >        ld      h,a
5090+ B26B             >
5090+ B26B 7B          >        ld      a,e
5090+ B26C DE 00       >        sbc     a,0
5090+ B26E 5F          >        ld      e,a
5090+ B26F             >
5090+ B26F 7A          >        ld      a,d
5090+ B270 DE 00       >        sbc     a,0
5090+ B272 57          >        ld      d,a
5090+ B273             >
5090+ B273 C9          >        ret
5091+ B274
5092+ B274              ADD32_32:
5093+ B274              	MATH_ADD32_32
5093+ B274 D9          >        exx
5093+ B275             >
5093+ B275 D5          >        push    de
5093+ B276 E5          >        push    hl
5093+ B277             >
5093+ B277 D9          >        exx
5093+ B278             >
5093+ B278 C1          >        pop     bc
5093+ B279 09          >        add     hl,bc
5093+ B27A             >
5093+ B27A C1          >        pop     bc
5093+ B27B             >
5093+ B27B EB          >        ex      de,hl
5093+ B27C ED 4A       >        adc     hl,bc
5093+ B27E EB          >        ex      de,hl
5093+ B27F C9          >        ret
5094+ B280
5095+ B280
5096+ B280              	endmodule
5097+ B280
# file closed: GUI.a80
2630  B280
2631  B280
2632  B280 00 00 00...  	ALIGN	256
2633  B300 00 00 00...  VDT		ds	256,0			;VDT tabulka bude 256 bajtu (8 zaznamu po 32 bajtech)
2634  B400
2635  B400              endfile
2636  B400
2637  B400              patchLEN	equ 	$-START
2638  B400
2639  B400              		savesna "EasySD.sna",START
2640  B400              ;		savebin "EasySD.bin",START,patchLEN	;binarky se resi v ramci compile.bat od AI
2641  B400
# file closed: easyhdd_1_1_release_SD12.a80
